recipe_key,language,title,cooking_instructions,calories,proteins_g,carbs_g,fats_g,servings,cooking_time_minutes,ingredients,tags
mushroom-cheese-omelette,ar,أومليت بالفطر والجبن الذائب,قطّع الفطر إلى شرائح.|سخّن المقلاة بالزبدة وحمّر الفطر حتى يصبح ذهبيًا.|اخفق البيض مع الحليب والملح والفلفل.|اسكب خليط البيض فوق الفطر.|رش الجبن المبشور وغطّ واطبخ لمدة 7-10 دقائق على نار هادئة.,480,32,6,36,1,15,بيض:3:pcs;فطر:100:g;جبن صلب:50:g;حليب:2:tbsp;زبدة:10:g;ملح:1:tsp;فلفل أسود:1:tsp,فطور
mushroom-cheese-omelette,de,Omelett mit Pilzen und geschmolzenem Käse,"Pilze in Scheiben schneiden.|Pfanne mit Butter erhitzen, Pilze goldbraun anbraten.|Eier mit Milch, Salz und Pfeffer verquirlen.|Eiermischung über die Pilze gießen.|Mit geriebenem Käse bestreuen, abdecken und 7-10 Minuten bei niedriger Hitze garen.",480,32,6,36,1,15,Eier:3:pcs;Champignons:100:g;Hartkäse:50:g;Milch:2:tbsp;Butter:10:g;Salz:1:tsp;Schwarzer Pfeffer:1:tsp,Frühstück
mushroom-cheese-omelette,en,Mushroom and Melted Cheese Omelette,"Slice the mushrooms.|Heat a pan with butter, sauté mushrooms until golden.|Beat eggs with milk, salt and pepper.|Pour egg mixture over mushrooms.|Sprinkle with grated cheese, cover and cook for 7-10 minutes on low heat.",480,32,6,36,1,15,Eggs:3:pcs;Mushrooms:100:g;Hard cheese:50:g;Milk:2:tbsp;Butter:10:g;Salt:1:tsp;Black pepper:1:tsp,breakfast
mushroom-cheese-omelette,es,Tortilla de champiñones y queso fundido,"Cortar los champiñones en láminas.|Calentar la sartén con mantequilla y dorar los champiñones.|Batir los huevos con leche, sal y pimienta.|Verter la mezcla de huevo sobre los champiñones.|Espolvorear con queso rallado, tapar y cocinar 7-10 minutos a fuego lento.",480,32,6,36,1,15,Huevos:3:pcs;Champiñones:100:g;Queso duro:50:g;Leche:2:tbsp;Mantequilla:10:g;Sal:1:tsp;Pimienta negra:1:tsp,desayuno
mushroom-cheese-omelette,fr,Omelette aux champignons et fromage fondu,"Couper les champignons en tranches.|Chauffer la poêle avec du beurre et faire dorer les champignons.|Battre les œufs avec le lait, le sel et le poivre.|Verser le mélange d'œufs sur les champignons.|Saupoudrer de fromage râpé, couvrir et cuire 7-10 minutes à feu doux.",480,32,6,36,1,15,Œufs:3:pcs;Champignons:100:g;Fromage à pâte dure:50:g;Lait:2:tbsp;Beurre:10:g;Sel:1:tsp;Poivre noir:1:tsp,"
petit-déjeuner"
mushroom-cheese-omelette,he,חביתה עם פטריות וגבינה נמסה,"חתכו את הפטריות לפרוסות.|חממו מחבת עם חמאה וטגנו את הפטריות עד להזהבה.|הקציפו ביצים עם חלב, מלח ופלפל.|יצקו את תערובת הביצים על הפטריות.|פזרו גבינה מגוררת, כסו ובשלו 7-10 דקות על אש נמוכה.",480,32,6,36,1,15,ביצים:3:pcs;פטריות:100:g;גבינה קשה:50:g;חלב:2:tbsp;חמאה:10:g;מלח:1:tsp;פלפל שחור:1:tsp,ארוחת בוקר
mushroom-cheese-omelette,hi,मशरूम और पिघले पनीर का ऑमलेट,"मशरूम को स्लाइस करें।|मक्खन के साथ पैन गर्म करें, मशरूम को सुनहरा होने तक भूनें।|अंडे को दूध, नमक और काली मिर्च के साथ फेंटें।|मशरूम के ऊपर अंडे का मिश्रण डालें।|कसा हुआ पनीर छिड़कें, ढक दें और 7-10 मिनट धीमी आँच पर पकाएँ।",480,32,6,36,1,15,अंडे:3:pcs;मशरूम:100:g;हार्ड चीज़:50:g;दूध:2:tbsp;मक्खन:10:g;नमक:1:tsp;काली मिर्च:1:tsp,नाश्ता
mushroom-cheese-omelette,id,Omelet Jamur dan Keju Leleh,"Iris jamur tipis.|Panaskan wajan dengan mentega, tumis jamur hingga keemasan.|Kocok telur dengan susu, garam dan merica.|Tuang campuran telur di atas jamur.|Taburi keju parut, tutup dan masak selama 7-10 menit dengan api kecil.",480,32,6,36,1,15,Telur:3:pcs;Jamur:100:g;Keju keras:50:g;Susu:2:tbsp;Mentega:10:g;Garam:1:tsp;Merica hitam:1:tsp,sarapan
mushroom-cheese-omelette,it,Omelette con funghi e formaggio filante,"Tagliare i funghi a fette.|Scaldare la padella con il burro e rosolare i funghi fino a doratura.|Sbattere le uova con latte, sale e pepe.|Versare il composto di uova sui funghi.|Cospargere con formaggio grattugiato, coprire e cuocere per 7-10 minuti a fuoco basso.",480,32,6,36,1,15,Uova:3:pcs;Funghi champignon:100:g;Formaggio a pasta dura:50:g;Latte:2:tbsp;Burro:10:g;Sale:1:tsp;Pepe nero:1:tsp,colazione
mushroom-cheese-omelette,ja,マッシュルームととろけるチーズのオムレツ,マッシュルームをスライスする。|バターでフライパンを熱し、マッシュルームをきつね色になるまで炒める。|卵を牛乳、塩、コショウと混ぜる。|マッシュルームの上に卵液を注ぐ。|すりおろしたチーズをふりかけ、蓋をして弱火で7〜10分加熱する。,480,32,6,36,1,15,卵:3:pcs;マッシュルーム:100:g;ハードチーズ:50:g;牛乳:2:tbsp;バター:10:g;塩:1:tsp;黒コショウ:1:tsp,朝食
mushroom-cheese-omelette,ko,버섯과 녹인 치즈 오믈렛,"버섯을 슬라이스한다.|버터를 두른 팬을 달구고 버섯을 노릇하게 볶는다.|달걀을 우유, 소금, 후추와 함께 풀어준다.|버섯 위에 달걀 혼합물을 붓는다.|갈은 치즈를 뿌리고 뚜껑을 덮어 약불에서 7-10분간 익힌다.",480,32,6,36,1,15,달걀:3:pcs;버섯:100:g;하드 치즈:50:g;우유:2:tbsp;버터:10:g;소금:1:tsp;흑후추:1:tsp,아침식사
mushroom-cheese-omelette,nl,Omelet met champignons en gesmolten kaas,"Snijd de champignons in plakjes.|Verhit een pan met boter en bak de champignons goudbruin.|Klop de eieren met melk, zout en peper.|Giet het eimengsel over de champignons.|Bestrooi met geraspte kaas, dek af en bak 7-10 minuten op laag vuur.",480,32,6,36,1,15,Eieren:3:pcs;Champignons:100:g;Harde kaas:50:g;Melk:2:tbsp;Boter:10:g;Zout:1:tsp;Zwarte peper:1:tsp,ontbijt
mushroom-cheese-omelette,pl,Omlet z pieczarkami i ciągnącym się serem,"Pokrój pieczarki w plastry.|Rozgrzej patelnię z masłem i obsmaż pieczarki do złotego koloru.|Roztrzep jajka z mlekiem, solą i pieprzem.|Wlej mieszankę jajeczną na pieczarki.|Posyp startym serem, przykryj i gotuj 7-10 minut na wolnym ogniu.",480,32,6,36,1,15,Jajka:3:pcs;Pieczarki:100:g;Ser żółty:50:g;Mleko:2:tbsp;Masło:10:g;Sól:1:tsp;Czarny pieprz:1:tsp,śniadanie
mushroom-cheese-omelette,pt-BR,Omelete de cogumelos e queijo derretido,"Fatie os cogumelos.|Aqueça a frigideira com manteiga e doure os cogumelos.|Bata os ovos com leite, sal e pimenta.|Despeje a mistura de ovos sobre os cogumelos.|Polvilhe com queijo ralado, tampe e cozinhe por 7-10 minutos em fogo baixo.",480,32,6,36,1,15,Ovos:3:pcs;Cogumelos:100:g;Queijo duro:50:g;Leite:2:tbsp;Manteiga:10:g;Sal:1:tsp;Pimenta-do-reino:1:tsp,café da manhã
mushroom-cheese-omelette,ru,Омлет с грибами и тягучим сыром,"Грибы нарежьте пластинками.|Разогрейте сковороду со сливочным маслом, обжарьте грибы до румяности.|Яйца взбейте с молоком, солью и перцем.|Залейте грибы яичной смесью.|Посыпьте тёртым сыром, накройте крышкой и готовьте 7-10 минут на слабом огне.",480,32,6,36,1,15,Яйца:3:pcs;Шампиньоны:100:g;Твёрдый сыр:50:g;Молоко:2:tbsp;Сливочное масло:10:g;Соль:1:tsp;Чёрный перец:1:tsp,завтрак
mushroom-cheese-omelette,th,ออมเล็ตเห็ดและชีสละลาย,หั่นเห็ดเป็นแผ่น|ตั้งกระทะใส่เนย ผัดเห็ดจนเหลืองทอง|ตีไข่กับนม เกลือ และพริกไทย|เทส่วนผสมไข่ลงบนเห็ด|โรยชีสขูด ปิดฝา และปรุงด้วยไฟอ่อน 7-10 นาที,480,32,6,36,1,15,ไข่:3:pcs;เห็ด:100:g;ชีสแข็ง:50:g;นม:2:tbsp;เนย:10:g;เกลือ:1:tsp;พริกไทยดำ:1:tsp,อาหารเช้า
mushroom-cheese-omelette,tr,Mantarlı ve Erimiş Peynirli Omlet,"Mantarları dilimleyin.|Tavayı tereyağıyla ısıtın, mantarları altın rengi olana kadar soteleyin.|Yumurtaları süt, tuz ve biberle çırpın.|Yumurta karışımını mantarların üzerine dökün.|Rendelenmiş peynir serpin, kapağını kapatın ve kısık ateşte 7-10 dakika pişirin.",480,32,6,36,1,15,Yumurta:3:pcs;Mantar:100:g;Kaşar peyniri:50:g;Süt:2:tbsp;Tereyağı:10:g;Tuz:1:tsp;Karabiber:1:tsp,kahvaltı
mushroom-cheese-omelette,uk,Омлет з грибами та тягучим сиром,"Гриби наріжте пластинками.|Розігрійте сковороду з вершковим маслом, обсмажте гриби до рум'яності.|Яйця збийте з молоком, сіллю та перцем.|Залийте гриби яєчною сумішшю.|Посипте тертим сиром, накрийте кришкою і готуйте 7–10 хвилин на слабкому вогні.",480,32,6,36,1,15,Яйця:3:pcs;Печериці:100:g;Твердий сир:50:g;Молоко:2:tbsp;Вершкове масло:10:g;Сіль:1:tsp;Чорний перець:1:tsp,сніданок
mushroom-cheese-omelette,vi,Trứng ốp la nấm và phô mai tan chảy,"Cắt nấm thành lát mỏng.|Đun nóng chảo với bơ, xào nấm đến vàng.|Đánh trứng với sữa, muối và tiêu.|Đổ hỗn hợp trứng lên nấm.|Rắc phô mai bào, đậy nắp và nấu 7-10 phút trên lửa nhỏ.",480,32,6,36,1,15,Trứng:3:pcs;Nấm:100:g;Phô mai cứng:50:g;Sữa:2:tbsp;Bơ:10:g;Muối:1:tsp;Tiêu đen:1:tsp,bữa sáng
mushroom-cheese-omelette,zh-Hans,蘑菇融化芝士煎蛋卷,将蘑菇切片。|用黄油加热平底锅，将蘑菇煎至金黄。|将鸡蛋与牛奶、盐和胡椒粉搅拌均匀。|将蛋液倒在蘑菇上。|撒上磨碎的奶酪，盖上锅盖，小火煮7-10分钟。,480,32,6,36,1,15,鸡蛋:3:pcs;蘑菇:100:g;硬质奶酪:50:g;牛奶:2:tbsp;黄油:10:g;盐:1:tsp;黑胡椒:1:tsp,早餐
poached-eggs-cream-cheese-toast,ar,بيض مسلوق على توست مع جبنة كريمية,اغلِ الماء، أضف الخل وخفّف النار.|اكسر البيض بلطف في الماء واطبخ لمدة 2.5-3 دقائق.|حمّص الخبز حتى يصبح ذهبيًا.|ادهن التوست بالجبنة الكريمية.|ضع البيض المسلوق فوقه وتبّل بالملح والفلفل.,420,22,28,28,1,15,بيض:2:pcs;خبز حبوب كاملة:1:pcs;جبنة كريمية:40:g;خل:1:tsp;ملح:1:tsp;فلفل:1:tsp,فطور
poached-eggs-cream-cheese-toast,de,Pochierte Eier auf Toast mit Frischkäse,"Wasser zum Kochen bringen, Essig hinzufügen und Hitze reduzieren.|Eier vorsichtig ins Wasser gleiten lassen und 2,5-3 Minuten garen.|Brot goldbraun toasten.|Frischkäse auf den Toast streichen.|Pochierte Eier darauflegen, mit Salz und Pfeffer würzen.",420,22,28,28,1,15,Eier:2:pcs;Vollkornbrot:1:pcs;Frischkäse:40:g;Essig:1:tsp;Salz:1:tsp;Pfeffer:1:tsp,Frühstück
poached-eggs-cream-cheese-toast,en,Poached Eggs on Toast with Cream Cheese,"Bring water to a boil, add vinegar and reduce heat.|Gently crack eggs into water, cook for 2.5-3 minutes.|Toast bread until golden.|Spread cream cheese on toast.|Place poached eggs on top, season with salt and pepper.",420,22,28,28,1,15,Eggs:2:pcs;Whole grain bread:1:pcs;Cream cheese:40:g;Vinegar:1:tsp;Salt:1:tsp;Pepper:1:tsp,breakfast
poached-eggs-cream-cheese-toast,es,Huevos escalfados sobre tostada con queso crema,"Hervir agua, añadir vinagre y reducir el fuego.|Romper los huevos con cuidado en el agua y cocinar 2,5-3 minutos.|Tostar el pan hasta que esté dorado.|Untar el queso crema en la tostada.|Colocar los huevos escalfados encima, sazonar con sal y pimienta.",420,22,28,28,1,15,Huevos:2:pcs;Pan integral:1:pcs;Queso crema:40:g;Vinagre:1:tsp;Sal:1:tsp;Pimienta:1:tsp,desayuno
poached-eggs-cream-cheese-toast,fr,Œufs pochés sur toast au fromage frais,"Porter l'eau à ébullition, ajouter le vinaigre et réduire le feu.|Casser délicatement les œufs dans l'eau et cuire 2,5-3 minutes.|Griller le pain jusqu'à ce qu'il soit doré.|Tartiner le toast de fromage frais.|Déposer les œufs pochés dessus, assaisonner de sel et poivre.",420,22,28,28,1,15,Œufs:2:pcs;Pain complet:1:pcs;Fromage frais:40:g;Vinaigre:1:tsp;Sel:1:tsp;Poivre:1:tsp,"
petit-déjeuner"
poached-eggs-cream-cheese-toast,he,ביצים עלומות על טוסט עם גבינת שמנת,"הביאו מים לרתיחה, הוסיפו חומץ והנמיכו את האש.|שברו בעדינות ביצים לתוך המים, בשלו 2.5-3 דקות.|קלו את הלחם עד להזהבה.|מרחו גבינת שמנת על הטוסט.|הניחו את הביצים העלומות מעל, תבלו במלח ופלפל.",420,22,28,28,1,15,ביצים:2:pcs;לחם מחיטה מלאה:1:pcs;גבינת שמנת:40:g;חומץ:1:tsp;מלח:1:tsp;פלפל:1:tsp,ארוחת בוקר
poached-eggs-cream-cheese-toast,hi,क्रीम चीज़ टोस्ट पर पोच्ड एग,"पानी उबालें, सिरका डालें और आँच कम करें।|धीरे से अंडे पानी में फोड़ें, 2.5-3 मिनट पकाएँ।|ब्रेड को सुनहरा होने तक टोस्ट करें।|टोस्ट पर क्रीम चीज़ लगाएँ।|पोच्ड एग ऊपर रखें, नमक और काली मिर्च से सजाएँ।",420,22,28,28,1,15,अंडे:2:pcs;साबुत अनाज की ब्रेड:1:pcs;क्रीम चीज़:40:g;सिरका:1:tsp;नमक:1:tsp;काली मिर्च:1:tsp,नाश्ता
poached-eggs-cream-cheese-toast,id,Telur Rebus Setengah Matang di Atas Roti Panggang dengan Krim Keju,"Didihkan air, tambahkan cuka dan kecilkan api.|Pecahkan telur dengan hati-hati ke dalam air, masak selama 2,5-3 menit.|Panggang roti hingga keemasan.|Oleskan krim keju pada roti panggang.|Letakkan telur di atas, bumbui dengan garam dan merica.",420,22,28,28,1,15,Telur:2:pcs;Roti gandum utuh:1:pcs;Krim keju:40:g;Cuka:1:tsp;Garam:1:tsp;Merica:1:tsp,sarapan
poached-eggs-cream-cheese-toast,it,Uova in camicia su toast con formaggio cremoso,"Portare l'acqua a ebollizione, aggiungere l'aceto e ridurre il fuoco.|Rompere delicatamente le uova nell'acqua e cuocere per 2,5-3 minuti.|Tostare il pane fino a doratura.|Spalmare il formaggio cremoso sul toast.|Adagiare le uova in camicia sopra, condire con sale e pepe.",420,22,28,28,1,15,Uova:2:pcs;Pane integrale:1:pcs;Formaggio cremoso:40:g;Aceto:1:tsp;Sale:1:tsp;Pepe:1:tsp,colazione
poached-eggs-cream-cheese-toast,ja,クリームチーズトーストのポーチドエッグ,水を沸騰させ、酢を加えて火を弱める。|卵をそっと水に割り入れ、2.5〜3分茹でる。|パンをきつね色にトーストする。|トーストにクリームチーズを塗る。|ポーチドエッグをのせ、塩とコショウで味付けする。,420,22,28,28,1,15,卵:2:pcs;全粒粉パン:1:pcs;クリームチーズ:40:g;酢:1:tsp;塩:1:tsp;コショウ:1:tsp,朝食
poached-eggs-cream-cheese-toast,ko,크림치즈 토스트 위 수란,물을 끓이고 식초를 넣은 뒤 불을 줄인다.|달걀을 조심스럽게 물에 깨뜨려 넣고 2.5-3분간 익힌다.|빵을 노릇하게 굽는다.|토스트에 크림치즈를 바른다.|수란을 올리고 소금과 후추로 간한다.,420,22,28,28,1,15,달걀:2:pcs;통밀빵:1:pcs;크림치즈:40:g;식초:1:tsp;소금:1:tsp;후추:1:tsp,아침식사
poached-eggs-cream-cheese-toast,nl,Gepocheerde eieren op toast met roomkaas,"Breng water aan de kook, voeg azijn toe en verlaag het vuur.|Breek de eieren voorzichtig in het water en kook 2,5-3 minuten.|Toast het brood tot het goudbruin is.|Besmeer de toast met roomkaas.|Leg de gepocheerde eieren erop, breng op smaak met zout en peper.",420,22,28,28,1,15,Eieren:2:pcs;Volkoren brood:1:pcs;Roomkaas:40:g;Azijn:1:tsp;Zout:1:tsp;Peper:1:tsp,ontbijt
poached-eggs-cream-cheese-toast,pl,Jajka po benedyktyńsku na toście z serkiem kremowym,"Zagotuj wodę, dodaj ocet i zmniejsz ogień.|Delikatnie wbij jajka do wody i gotuj przez 2,5-3 minuty.|Opiecz chleb na złoty kolor.|Posmaruj tost serkiem kremowym.|Ułóż jajka paszot na wierzchu, dopraw solą i pieprzem.",420,22,28,28,1,15,Jajka:2:pcs;Chleb pełnoziarnisty:1:pcs;Serek kremowy:40:g;Ocet:1:tsp;Sól:1:tsp;Pieprz:1:tsp,śniadanie
poached-eggs-cream-cheese-toast,pt-BR,Ovos pochê na torrada com cream cheese,"Ferva a água, adicione vinagre e reduza o fogo.|Quebre os ovos delicadamente na água e cozinhe por 2,5-3 minutos.|Torre o pão até dourar.|Passe cream cheese na torrada.|Coloque os ovos pochê por cima, tempere com sal e pimenta.",420,22,28,28,1,15,Ovos:2:pcs;Pão integral:1:pcs;Cream cheese:40:g;Vinagre:1:tsp;Sal:1:tsp;Pimenta:1:tsp,café da manhã
poached-eggs-cream-cheese-toast,ru,Яйца пашот на тосте с крем-сыром,"Вскипятите воду, добавьте уксус и уменьшите огонь.|Аккуратно разбейте яйца в воду и варите 2,5-3 минуты.|Подсушите хлеб до золотистой корочки.|Намажьте тост крем-сыром.|Выложите яйца пашот сверху, приправьте солью и перцем.",420,22,28,28,1,15,Яйца:2:pcs;Цельнозерновой хлеб:1:pcs;Крем-сыр:40:g;Уксус:1:tsp;Соль:1:tsp;Перец:1:tsp,завтрак
poached-eggs-cream-cheese-toast,th,ไข่ดาวน้ำบนขนมปังปิ้งกับครีมชีส,ต้มน้ำให้เดือด เติมน้ำส้มสายชู แล้วลดไฟ|ค่อยๆ ตอกไข่ลงในน้ำ ต้ม 2.5-3 นาที|ปิ้งขนมปังจนเหลืองทอง|ทาครีมชีสบนขนมปังปิ้ง|วางไข่ดาวน้ำด้านบน ปรุงรสด้วยเกลือและพริกไทย,420,22,28,28,1,15,ไข่:2:pcs;ขนมปังโฮลวีต:1:pcs;ครีมชีส:40:g;น้ำส้มสายชู:1:tsp;เกลือ:1:tsp;พริกไทย:1:tsp,อาหารเช้า
poached-eggs-cream-cheese-toast,tr,Krem Peynirli Tost Üstü Poşe Yumurta,"Suyu kaynatın, sirke ekleyin ve ateşi kısın.|Yumurtaları nazikçe suya kırın ve 2,5-3 dakika pişirin.|Ekmeği altın rengi olana kadar kızartın.|Tosta krem peynir sürün.|Poşe yumurtaları üzerine koyun, tuz ve biberle tatlandırın.",420,22,28,28,1,15,Yumurta:2:pcs;Tam buğday ekmeği:1:pcs;Krem peynir:40:g;Sirke:1:tsp;Tuz:1:tsp;Biber:1:tsp,kahvaltı
poached-eggs-cream-cheese-toast,uk,Яйця пашот на тості з крем-сиром,"Закип'ятіть воду, додайте оцет і зменшіть вогонь.|Обережно вбийте яйця у воду, варіть 2,5–3 хвилини.|Хліб підсушіть до золотистої скоринки.|Намажте тост крем-сиром.|Викладіть яйця пашот, приправте сіллю та перцем.",420,22,28,28,1,15,Яйця:2:pcs;Хліб цільнозерновий:1:pcs;Крем-сир:40:g;Оцет:1:tsp;Сіль:1:tsp;Перець:1:tsp,сніданок
poached-eggs-cream-cheese-toast,vi,Trứng chần trên bánh mì nướng với phô mai kem,"Đun sôi nước, thêm giấm và giảm lửa.|Nhẹ nhàng đập trứng vào nước, nấu 2,5-3 phút.|Nướng bánh mì đến vàng giòn.|Phết phô mai kem lên bánh mì nướng.|Đặt trứng chần lên trên, nêm muối và tiêu.",420,22,28,28,1,15,Trứng:2:pcs;Bánh mì nguyên cám:1:pcs;Phô mai kem:40:g;Giấm:1:tsp;Muối:1:tsp;Tiêu:1:tsp,bữa sáng
poached-eggs-cream-cheese-toast,zh-Hans,奶油芝士吐司配水波蛋,将水烧开，加入醋并调小火。|轻轻将鸡蛋打入水中，煮2.5-3分钟。|将面包烤至金黄。|在吐司上涂抹奶油芝士。|将水波蛋放在上面，用盐和胡椒调味。,420,22,28,28,1,15,鸡蛋:2:pcs;全麦面包:1:pcs;奶油芝士:40:g;醋:1:tsp;盐:1:tsp;胡椒:1:tsp,早餐
baked-eggs-in-avocado,ar,بيض مخبوز في الأفوكادو,قطّع الأفوكادو إلى نصفين وأزل النواة.|إذا لزم الأمر، وسّع التجويف قليلاً بالملعقة.|اكسر بيضة في كل نصف.|اخبز على 180 درجة مئوية لمدة 12-15 دقيقة.|قدّم مع الأعشاب الطازجة.,410,18,14,32,1,20,أفوكادو:1:pcs;بيض:2:pcs;ملح:1:tsp;فلفل:1:tsp;أعشاب طازجة:10:g,فطور
baked-eggs-in-avocado,de,Im Ofen gebackene Eier in Avocado,Avocado halbieren und den Kern entfernen.|Bei Bedarf die Vertiefung mit einem Löffel etwas vergrößern.|In jede Hälfte ein Ei aufschlagen.|Bei 180°C 12-15 Minuten backen.|Mit frischen Kräutern servieren.,410,18,14,32,1,20,Avocado:1:pcs;Eier:2:pcs;Salz:1:tsp;Pfeffer:1:tsp;Frische Kräuter:10:g,Frühstück
baked-eggs-in-avocado,en,Baked Eggs in Avocado,"Cut avocado in half, remove the pit.|If needed, slightly enlarge the cavity with a spoon.|Crack an egg into each half.|Bake at 180°C for 12-15 minutes.|Serve with fresh herbs.",410,18,14,32,1,20,Avocado:1:pcs;Eggs:2:pcs;Salt:1:tsp;Pepper:1:tsp;Fresh herbs:10:g,breakfast
baked-eggs-in-avocado,es,Huevos horneados en aguacate,"Cortar el aguacate por la mitad y retirar el hueso.|Si es necesario, agrandar ligeramente la cavidad con una cuchara.|Romper un huevo en cada mitad.|Hornear a 180°C durante 12-15 minutos.|Servir con hierbas frescas.",410,18,14,32,1,20,Aguacate:1:pcs;Huevos:2:pcs;Sal:1:tsp;Pimienta:1:tsp;Hierbas frescas:10:g,desayuno
baked-eggs-in-avocado,fr,Œufs cuits au four dans l'avocat,"Couper l'avocat en deux et retirer le noyau.|Si nécessaire, agrandir légèrement la cavité avec une cuillère.|Casser un œuf dans chaque moitié.|Cuire au four à 180°C pendant 12-15 minutes.|Servir avec des herbes fraîches.",410,18,14,32,1,20,Avocat:1:pcs;Œufs:2:pcs;Sel:1:tsp;Poivre:1:tsp;Herbes fraîches:10:g,"
petit-déjeuner"
baked-eggs-in-avocado,he,ביצים אפויות באבוקדו,"חתכו את האבוקדו לשניים והסירו את הגלעין.|במידת הצורך, הרחיבו מעט את החלל בעזרת כפית.|שברו ביצה לתוך כל חצי.|אפו ב-180 מעלות למשך 12-15 דקות.|הגישו עם עשבי תיבול טריים.",410,18,14,32,1,20,אבוקדו:1:pcs;ביצים:2:pcs;מלח:1:tsp;פלפל:1:tsp;עשבי תיבול טריים:10:g,ארוחת בוקר
baked-eggs-in-avocado,hi,एवोकाडो में बेक्ड अंडे,"एवोकाडो को आधा काटें और गुठली निकालें।|यदि आवश्यक हो, चम्मच से गड्ढे को थोड़ा बड़ा करें।|हर आधे हिस्से में एक अंडा फोड़ें।|180°C पर 12-15 मिनट बेक करें।|ताज़ी जड़ी-बूटियों के साथ परोसें।",410,18,14,32,1,20,एवोकाडो:1:pcs;अंडे:2:pcs;नमक:1:tsp;काली मिर्च:1:tsp;ताज़ी जड़ी-बूटियाँ:10:g,नाश्ता
baked-eggs-in-avocado,id,Telur Panggang dalam Alpukat,"Potong alpukat menjadi dua bagian dan buang bijinya.|Jika perlu, perbesar lubangnya sedikit dengan sendok.|Pecahkan telur ke dalam setiap bagian.|Panggang pada suhu 180°C selama 12-15 menit.|Sajikan dengan herba segar.",410,18,14,32,1,20,Alpukat:1:pcs;Telur:2:pcs;Garam:1:tsp;Merica:1:tsp;Herba segar:10:g,sarapan
baked-eggs-in-avocado,it,Uova al forno nell'avocado,"Tagliare l'avocado a metà e rimuovere il nocciolo.|Se necessario, allargare leggermente la cavità con un cucchiaio.|Rompere un uovo in ogni metà.|Cuocere in forno a 180°C per 12-15 minuti.|Servire con erbe fresche.",410,18,14,32,1,20,Avocado:1:pcs;Uova:2:pcs;Sale:1:tsp;Pepe:1:tsp;Erbe fresche:10:g,colazione
baked-eggs-in-avocado,ja,アボカドのベイクドエッグ,アボカドを半分に切り、種を取り除く。|必要に応じてスプーンでくぼみを少し広げる。|各半分に卵を割り入れる。|180°Cで12〜15分焼く。|フレッシュハーブを添えて盛り付ける。,410,18,14,32,1,20,アボカド:1:pcs;卵:2:pcs;塩:1:tsp;コショウ:1:tsp;フレッシュハーブ:10:g,朝食
baked-eggs-in-avocado,ko,아보카도에 구운 달걀,아보카도를 반으로 자르고 씨를 제거한다.|필요하면 숟가락으로 홈을 약간 넓힌다.|각 반쪽에 달걀을 깨뜨려 넣는다.|180°C에서 12-15분간 굽는다.|신선한 허브와 함께 서빙한다.,410,18,14,32,1,20,아보카도:1:pcs;달걀:2:pcs;소금:1:tsp;후추:1:tsp;신선한 허브:10:g,아침식사
baked-eggs-in-avocado,nl,Gebakken eieren in avocado,Snijd de avocado doormidden en verwijder de pit.|Maak indien nodig de holte iets groter met een lepel.|Breek een ei in elke helft.|Bak op 180°C gedurende 12-15 minuten.|Serveer met verse kruiden.,410,18,14,32,1,20,Avocado:1:pcs;Eieren:2:pcs;Zout:1:tsp;Peper:1:tsp;Verse kruiden:10:g,ontbijt
baked-eggs-in-avocado,pl,Jajka pieczone w awokado,Przekrój awokado na pół i usuń pestkę.|W razie potrzeby lekko powiększ wgłębienie łyżką.|Wbij jajko do każdej połówki.|Piecz w 180°C przez 12-15 minut.|Podawaj ze świeżymi ziołami.,410,18,14,32,1,20,Awokado:1:pcs;Jajka:2:pcs;Sól:1:tsp;Pieprz:1:tsp;Świeże zioła:10:g,śniadanie
baked-eggs-in-avocado,pt-BR,Ovos assados no abacate,"Corte o abacate ao meio e retire o caroço.|Se necessário, aumente levemente a cavidade com uma colher.|Quebre um ovo em cada metade.|Asse a 180°C por 12-15 minutos.|Sirva com ervas frescas.",410,18,14,32,1,20,Abacate:1:pcs;Ovos:2:pcs;Sal:1:tsp;Pimenta:1:tsp;Ervas frescas:10:g,café da manhã
baked-eggs-in-avocado,ru,"Яйца, запечённые в авокадо","Авокадо разрежьте пополам, удалите косточку.|При необходимости слегка расширьте углубление ложкой.|Вбейте в каждую половинку яйцо.|Запекайте при 180°C 12-15 минут.|Подавайте с зеленью.",410,18,14,32,1,20,Авокадо:1:pcs;Яйца:2:pcs;Соль:1:tsp;Перец:1:tsp;Зелень:10:g,завтрак
baked-eggs-in-avocado,th,ไข่อบในอะโวคาโด,ผ่าอะโวคาโดครึ่ง เอาเมล็ดออก|หากจำเป็น ใช้ช้อนขยายหลุมเล็กน้อย|ตอกไข่ลงในแต่ละซีก|อบที่ 180 องศาเซลเซียส 12-15 นาที|เสิร์ฟพร้อมสมุนไพรสด,410,18,14,32,1,20,อะโวคาโด:1:pcs;ไข่:2:pcs;เกลือ:1:tsp;พริกไทย:1:tsp;สมุนไพรสด:10:g,อาหารเช้า
baked-eggs-in-avocado,tr,Avokadoda Fırınlanmış Yumurta,Avokadoyu ikiye kesin ve çekirdeğini çıkarın.|Gerekirse oyuk kısmını kaşıkla biraz genişletin.|Her yarıya bir yumurta kırın.|180°C'de 12-15 dakika pişirin.|Taze otlarla servis yapın.,410,18,14,32,1,20,Avokado:1:pcs;Yumurta:2:pcs;Tuz:1:tsp;Biber:1:tsp;Taze otlar:10:g,kahvaltı
baked-eggs-in-avocado,uk,"Яйця, запечені в авокадо","Авокадо розріжте навпіл, вийміть кісточку.|За потреби трохи розширте заглиблення ложкою.|Вбийте в кожну половинку яйце.|Запікайте при 180°C 12–15 хвилин.|Подавайте з зеленню.",410,18,14,32,1,20,Авокадо:1:pcs;Яйця:2:pcs;Сіль:1:tsp;Перець:1:tsp;Зелень:10:g,сніданок
baked-eggs-in-avocado,vi,Trứng nướng trong quả bơ,"Cắt quả bơ làm đôi, bỏ hạt.|Nếu cần, dùng thìa khoét rộng lỗ thêm một chút.|Đập trứng vào mỗi nửa quả bơ.|Nướng ở 180°C trong 12-15 phút.|Dùng kèm rau thơm tươi.",410,18,14,32,1,20,Quả bơ:1:pcs;Trứng:2:pcs;Muối:1:tsp;Tiêu:1:tsp;Rau thơm tươi:10:g,bữa sáng
baked-eggs-in-avocado,zh-Hans,牛油果焗蛋,将牛油果对半切开，去核。|如有需要，用勺子稍微挖大凹槽。|在每半个牛油果中打入一个鸡蛋。|放入烤箱180°C烤12-15分钟。|搭配新鲜香草上桌。,410,18,14,32,1,20,牛油果:1:pcs;鸡蛋:2:pcs;盐:1:tsp;胡椒:1:tsp;新鲜香草:10:g,早餐
avocado-hummus-toast,ar,توست بالأفوكادو والحمص والليمون,حمّص الخبز في المحمصة أو على مقلاة جافة.|ادهن الحمص.|قطّع الأفوكادو إلى شرائح ورشّ عصير الليمون.|ضع الأفوكادو فوق الحمص وأضف القليل من الملح.,350,10,32,22,1,10,خبز حبوب كاملة:1:pcs;حمص:40:g;أفوكادو:0.5:pcs;عصير ليمون:1:tsp;ملح:1:tsp,فطور
avocado-hummus-toast,de,Avocado-Toast mit Hummus und Zitrone,Brot im Toaster oder in einer trockenen Pfanne rösten.|Hummus aufstreichen.|Avocado in Scheiben schneiden und mit Zitronensaft beträufeln.|Avocado darauflegen und leicht salzen.,350,10,32,22,1,10,Vollkornbrot:1:pcs;Hummus:40:g;Avocado:0.5:pcs;Zitronensaft:1:tsp;Salz:1:tsp,Frühstück
avocado-hummus-toast,en,Avocado Toast with Hummus and Lemon,"Toast bread in a toaster or dry pan.|Spread hummus.|Slice avocado, drizzle with lemon juice.|Place avocado on top and lightly salt.",350,10,32,22,1,10,Whole grain bread:1:pcs;Hummus:40:g;Avocado:0.5:pcs;Lemon juice:1:tsp;Salt:1:tsp,breakfast
avocado-hummus-toast,es,Tostada de aguacate con hummus y limón,Tostar el pan en una tostadora o sartén seca.|Untar el hummus.|Cortar el aguacate en láminas y rociar con zumo de limón.|Colocar el aguacate encima y salar ligeramente.,350,10,32,22,1,10,Pan integral:1:pcs;Hummus:40:g;Aguacate:0.5:pcs;Zumo de limón:1:tsp;Sal:1:tsp,desayuno
avocado-hummus-toast,fr,Toast à l'avocat avec houmous et citron,Griller le pain au grille-pain ou dans une poêle sèche.|Tartiner de houmous.|Couper l'avocat en tranches et arroser de jus de citron.|Disposer l'avocat dessus et saler légèrement.,350,10,32,22,1,10,Pain complet:1:pcs;Houmous:40:g;Avocat:0.5:pcs;Jus de citron:1:tsp;Sel:1:tsp,"
petit-déjeuner"
avocado-hummus-toast,he,טוסט אבוקדו עם חומוס ולימון,קלו את הלחם בטוסטר או במחבת יבשה.|מרחו חומוס.|פרסו את האבוקדו וזלפו מיץ לימון.|הניחו את האבוקדו מעל והמליחו קלות.,350,10,32,22,1,10,לחם מחיטה מלאה:1:pcs;חומוס:40:g;אבוקדו:0.5:pcs;מיץ לימון:1:tsp;מלח:1:tsp,ארוחת בוקר
avocado-hummus-toast,hi,हम्मस और नींबू के साथ एवोकाडो टोस्ट,"ब्रेड को टोस्टर या सूखी कड़ाही में सेकें।|हम्मस लगाएँ।|एवोकाडो को स्लाइस करें, नींबू का रस छिड़कें।|एवोकाडो ऊपर रखें और हल्का नमक डालें।",350,10,32,22,1,10,साबुत अनाज की ब्रेड:1:pcs;हम्मस:40:g;एवोकाडो:0.5:pcs;नींबू का रस:1:tsp;नमक:1:tsp,नाश्ता
avocado-hummus-toast,id,Roti Panggang Alpukat dengan Hummus dan Lemon,"Panggang roti dalam pemanggang atau wajan kering.|Oleskan hummus.|Iris alpukat, siram dengan jus lemon.|Letakkan alpukat di atas dan beri sedikit garam.",350,10,32,22,1,10,Roti gandum utuh:1:pcs;Hummus:40:g;Alpukat:0.5:pcs;Jus lemon:1:tsp;Garam:1:tsp,sarapan
avocado-hummus-toast,it,"Toast con avocado, hummus e limone",Tostare il pane nel tostapane o in una padella asciutta.|Spalmare l'hummus.|Tagliare l'avocado a fette e irrorare con succo di limone.|Disporre l'avocado sopra e salare leggermente.,350,10,32,22,1,10,Pane integrale:1:pcs;Hummus:40:g;Avocado:0.5:pcs;Succo di limone:1:tsp;Sale:1:tsp,colazione
avocado-hummus-toast,ja,フムスとレモンのアボカドトースト,パンをトースターまたは乾いたフライパンで焼く。|フムスを塗る。|アボカドをスライスし、レモン汁をかける。|アボカドを上にのせ、軽く塩をふる。,350,10,32,22,1,10,全粒粉パン:1:pcs;フムス:40:g;アボカド:0.5:pcs;レモン汁:1:tsp;塩:1:tsp,朝食
avocado-hummus-toast,ko,훔무스와 레몬을 곁들인 아보카도 토스트,빵을 토스터나 마른 팬에 굽는다.|훔무스를 바른다.|아보카도를 슬라이스하고 레몬즙을 뿌린다.|아보카도를 위에 올리고 소금을 살짝 뿌린다.,350,10,32,22,1,10,통밀빵:1:pcs;훔무스:40:g;아보카도:0.5:pcs;레몬즙:1:tsp;소금:1:tsp,아침식사
avocado-hummus-toast,nl,Avocadotoast met hummus en citroen,Rooster het brood in een broodrooster of droge pan.|Besmeer met hummus.|Snijd de avocado in plakjes en besprenkel met citroensap.|Leg de avocado erop en voeg een snufje zout toe.,350,10,32,22,1,10,Volkoren brood:1:pcs;Hummus:40:g;Avocado:0.5:pcs;Citroensap:1:tsp;Zout:1:tsp,ontbijt
avocado-hummus-toast,pl,"Tost z awokado, hummusem i cytryną",Opiecz chleb w tosterze lub na suchej patelni.|Posmaruj hummusem.|Pokrój awokado w plastry i skrop sokiem z cytryny.|Ułóż awokado na wierzchu i lekko posól.,350,10,32,22,1,10,Chleb pełnoziarnisty:1:pcs;Hummus:40:g;Awokado:0.5:pcs;Sok z cytryny:1:tsp;Sól:1:tsp,śniadanie
avocado-hummus-toast,pt-BR,Torrada de abacate com homus e limão,Torre o pão na torradeira ou frigideira seca.|Passe o homus.|Fatie o abacate e regue com suco de limão.|Coloque o abacate por cima e adicione um pouco de sal.,350,10,32,22,1,10,Pão integral:1:pcs;Homus:40:g;Abacate:0.5:pcs;Suco de limão:1:tsp;Sal:1:tsp,café da manhã
avocado-hummus-toast,ru,Авокадо-тост с хумусом и лимоном,Подсушите хлеб в тостере или на сухой сковороде.|Намажьте хумус.|Нарежьте авокадо дольками и сбрызните лимонным соком.|Выложите авокадо сверху и слегка посолите.,350,10,32,22,1,10,Цельнозерновой хлеб:1:pcs;Хумус:40:g;Авокадо:0.5:pcs;Лимонный сок:1:tsp;Соль:1:tsp,завтрак
avocado-hummus-toast,th,ขนมปังปิ้งอะโวคาโดกับฮัมมัสและมะนาว,ปิ้งขนมปังในเครื่องปิ้งขนมปังหรือกระทะแห้ง|ทาฮัมมัส|หั่นอะโวคาโดเป็นชิ้น บีบน้ำมะนาว|วางอะโวคาโดด้านบนแล้วโรยเกลือเล็กน้อย,350,10,32,22,1,10,ขนมปังโฮลวีต:1:pcs;ฮัมมัส:40:g;อะโวคาโด:0.5:pcs;น้ำมะนาว:1:tsp;เกลือ:1:tsp,อาหารเช้า
avocado-hummus-toast,tr,Humus ve Limonlu Avokado Tostu,Ekmeği tost makinesinde veya kuru tavada kızartın.|Humus sürün.|Avokadoyu dilimleyin ve limon suyu gezdirin.|Avokadoyu üzerine yerleştirin ve hafifçe tuzlayın.,350,10,32,22,1,10,Tam buğday ekmeği:1:pcs;Humus:40:g;Avokado:0.5:pcs;Limon suyu:1:tsp;Tuz:1:tsp,kahvaltı
avocado-hummus-toast,uk,Авокадо-тост з хумусом і лимонною ноткою,"Хліб підсушіть у тостері або на сухій сковороді.|Намажте хумус.|Авокадо наріжте скибками, збризніть лимонним соком.|Викладіть авокадо зверху та злегка посоліть.",350,10,32,22,1,10,Хліб цільнозерновий:1:pcs;Хумус:40:g;Авокадо:0.5:pcs;Лимонний сік:1:tsp;Сіль:1:tsp,сніданок
avocado-hummus-toast,vi,Bánh mì nướng bơ với hummus và chanh,"Nướng bánh mì bằng máy nướng hoặc chảo khô.|Phết hummus.|Cắt bơ thành lát, vắt nước chanh.|Xếp bơ lên trên và rắc chút muối.",350,10,32,22,1,10,Bánh mì nguyên cám:1:pcs;Hummus:40:g;Quả bơ:0.5:pcs;Nước chanh:1:tsp;Muối:1:tsp,bữa sáng
avocado-hummus-toast,zh-Hans,鹰嘴豆泥柠檬牛油果吐司,用烤面包机或干锅将面包烤脆。|涂上鹰嘴豆泥。|将牛油果切片，淋上柠檬汁。|将牛油果放在上面，撒少许盐。,350,10,32,22,1,10,全麦面包:1:pcs;鹰嘴豆泥:40:g;牛油果:0.5:pcs;柠檬汁:1:tsp;盐:1:tsp,早餐
creamy-scrambled-eggs,ar,بيض مخفوق كريمي مع الأعشاب,اخفق البيض برفق مع الحليب والملح.|أذب الزبدة على نار هادئة.|اسكب البيض واطبخ مع التحريك المستمر دون الإفراط في الطهي.|ارفعه عن النار عندما يصبح قوامه كريميًا.|قدّم مع الأعشاب الطازجة.,430,24,4,34,1,10,بيض:3:pcs;زبدة:15:g;حليب:2:tbsp;ملح:1:tsp;أعشاب طازجة:10:g,فطور
creamy-scrambled-eggs,de,Cremiges Rührei mit Kräutern,"Eier leicht mit Milch und Salz verquirlen.|Butter bei niedriger Hitze schmelzen.|Eier hineingeben und unter ständigem Rühren garen, nicht zu lange braten.|Vom Herd nehmen, wenn die Konsistenz cremig ist.|Mit frischen Kräutern servieren.",430,24,4,34,1,10,Eier:3:pcs;Butter:15:g;Milch:2:tbsp;Salz:1:tsp;Frische Kräuter:10:g,Frühstück
creamy-scrambled-eggs,en,Creamy Scrambled Eggs with Herbs,"Lightly beat eggs with milk and salt.|Melt butter on low heat.|Pour in eggs and cook, stirring constantly, without overcooking.|Remove from heat when texture becomes creamy.|Serve with fresh herbs.",430,24,4,34,1,10,Eggs:3:pcs;Butter:15:g;Milk:2:tbsp;Salt:1:tsp;Fresh herbs:10:g,breakfast
creamy-scrambled-eggs,es,Huevos revueltos cremosos con hierbas,Batir ligeramente los huevos con leche y sal.|Derretir la mantequilla a fuego lento.|Verter los huevos y cocinar removiendo constantemente sin pasarse de cocción.|Retirar del fuego cuando la textura sea cremosa.|Servir con hierbas frescas.,430,24,4,34,1,10,Huevos:3:pcs;Mantequilla:15:g;Leche:2:tbsp;Sal:1:tsp;Hierbas frescas:10:g,desayuno
creamy-scrambled-eggs,fr,Œufs brouillés crémeux aux herbes,Battre légèrement les œufs avec le lait et le sel.|Faire fondre le beurre à feu doux.|Verser les œufs et cuire en remuant constamment sans trop cuire.|Retirer du feu quand la texture devient crémeuse.|Servir avec des herbes fraîches.,430,24,4,34,1,10,Œufs:3:pcs;Beurre:15:g;Lait:2:tbsp;Sel:1:tsp;Herbes fraîches:10:g,"
petit-déjeuner"
creamy-scrambled-eggs,he,ביצים מקושקשות קרמיות עם עשבי תיבול,הקציפו קלות ביצים עם חלב ומלח.|המיסו חמאה על אש נמוכה.|יצקו את הביצים ובשלו תוך ערבוב מתמיד מבלי לבשל יתר על המידה.|הסירו מהאש כשהמרקם נעשה קרמי.|הגישו עם עשבי תיבול טריים.,430,24,4,34,1,10,ביצים:3:pcs;חמאה:15:g;חלב:2:tbsp;מלח:1:tsp;עשבי תיבול טריים:10:g,ארוחת בוקר
creamy-scrambled-eggs,hi,क्रीमी स्क्रैम्बल्ड एग जड़ी-बूटियों के साथ,"अंडे को दूध और नमक के साथ हल्का फेंटें।|धीमी आँच पर मक्खन पिघलाएँ।|अंडे डालें और लगातार हिलाते हुए पकाएँ, ज़्यादा न पकाएँ।|जब बनावट क्रीमी हो जाए तो आँच से उतारें।|ताज़ी जड़ी-बूटियों के साथ परोसें।",430,24,4,34,1,10,अंडे:3:pcs;मक्खन:15:g;दूध:2:tbsp;नमक:1:tsp;ताज़ी जड़ी-बूटियाँ:10:g,नाश्ता
creamy-scrambled-eggs,id,Telur Orak-arik Krim dengan Herba,Kocok telur ringan dengan susu dan garam.|Lelehkan mentega di atas api kecil.|Tuang telur dan masak sambil terus diaduk tanpa terlalu matang.|Angkat dari api saat teksturnya menjadi lembut.|Sajikan dengan herba segar.,430,24,4,34,1,10,Telur:3:pcs;Mentega:15:g;Susu:2:tbsp;Garam:1:tsp;Herba segar:10:g,sarapan
creamy-scrambled-eggs,it,Uova strapazzate cremose alle erbe,Sbattere leggermente le uova con latte e sale.|Sciogliere il burro a fuoco basso.|Versare le uova e cuocere mescolando continuamente senza cuocere troppo.|Togliere dal fuoco quando la consistenza diventa cremosa.|Servire con erbe fresche.,430,24,4,34,1,10,Uova:3:pcs;Burro:15:g;Latte:2:tbsp;Sale:1:tsp;Erbe fresche:10:g,colazione
creamy-scrambled-eggs,ja,クリーミースクランブルエッグ ハーブ添え,卵を牛乳と塩で軽く溶きほぐす。|弱火でバターを溶かす。|卵を入れ、絶えずかき混ぜながら火を通しすぎないように調理する。|クリーミーな食感になったら火から下ろす。|フレッシュハーブを添えて盛り付ける。,430,24,4,34,1,10,卵:3:pcs;バター:15:g;牛乳:2:tbsp;塩:1:tsp;フレッシュハーブ:10:g,朝食
creamy-scrambled-eggs,ko,허브를 곁들인 크리미 스크램블 에그,달걀을 우유와 소금으로 가볍게 풀어준다.|약불에서 버터를 녹인다.|달걀을 넣고 계속 저으며 익히되 과하게 익히지 않는다.|크리미한 질감이 되면 불에서 내린다.|신선한 허브와 함께 서빙한다.,430,24,4,34,1,10,달걀:3:pcs;버터:15:g;우유:2:tbsp;소금:1:tsp;신선한 허브:10:g,아침식사
creamy-scrambled-eggs,nl,Romige roerei met kruiden,Klop de eieren licht met melk en zout.|Smelt de boter op laag vuur.|Giet de eieren erin en bak al roerend zonder te lang te koken.|Neem van het vuur als de textuur romig wordt.|Serveer met verse kruiden.,430,24,4,34,1,10,Eieren:3:pcs;Boter:15:g;Melk:2:tbsp;Zout:1:tsp;Verse kruiden:10:g,ontbijt
creamy-scrambled-eggs,pl,Kremowa jajecznica z ziołami,"Lekko roztrzep jajka z mlekiem i solą.|Rozpuść masło na wolnym ogniu.|Wlej jajka i gotuj, ciągle mieszając, nie dopuszczając do przesmażenia.|Zdejmij z ognia, gdy konsystencja stanie się kremowa.|Podawaj ze świeżymi ziołami.",430,24,4,34,1,10,Jajka:3:pcs;Masło:15:g;Mleko:2:tbsp;Sól:1:tsp;Świeże zioła:10:g,śniadanie
creamy-scrambled-eggs,pt-BR,Ovos mexidos cremosos com ervas,Bata levemente os ovos com leite e sal.|Derreta a manteiga em fogo baixo.|Despeje os ovos e cozinhe mexendo constantemente sem passar do ponto.|Retire do fogo quando a textura ficar cremosa.|Sirva com ervas frescas.,430,24,4,34,1,10,Ovos:3:pcs;Manteiga:15:g;Leite:2:tbsp;Sal:1:tsp;Ervas frescas:10:g,café da manhã
creamy-scrambled-eggs,ru,Скрэмбл с кремовой текстурой и зеленью,"Яйца слегка взбейте с молоком и солью.|Растопите масло на слабом огне.|Влейте яйца и готовьте, постоянно помешивая, не допуская пересушивания.|Снимите с огня, когда текстура станет кремовой.|Подавайте с зеленью.",430,24,4,34,1,10,Яйца:3:pcs;Сливочное масло:15:g;Молоко:2:tbsp;Соль:1:tsp;Зелень:10:g,завтрак
creamy-scrambled-eggs,th,ไข่คนครีมมี่กับสมุนไพร,ตีไข่เบาๆ กับนมและเกลือ|ละลายเนยด้วยไฟอ่อน|เทไข่ลงไปและปรุงโดยคนตลอดเวลา อย่าปรุงเกินไป|ยกลงจากเตาเมื่อเนื้อสัมผัสเป็นครีม|เสิร์ฟพร้อมสมุนไพรสด,430,24,4,34,1,10,ไข่:3:pcs;เนย:15:g;นม:2:tbsp;เกลือ:1:tsp;สมุนไพรสด:10:g,อาหารเช้า
creamy-scrambled-eggs,tr,Otlu Kremamsı Çırpılmış Yumurta,Yumurtaları süt ve tuzla hafifçe çırpın.|Tereyağını kısık ateşte eritin.|Yumurtaları dökün ve sürekli karıştırarak fazla pişirmeden pişirin.|Kıvamı kremamsı olunca ateşten alın.|Taze otlarla servis yapın.,430,24,4,34,1,10,Yumurta:3:pcs;Tereyağı:15:g;Süt:2:tbsp;Tuz:1:tsp;Taze otlar:10:g,kahvaltı
creamy-scrambled-eggs,uk,Скрембл з вершковою текстурою та зеленню,"Яйця злегка збийте з молоком і сіллю.|Розтопіть масло на слабкому вогні.|Вилийте яйця і готуйте, постійно помішуючи, не доводячи до пересмаження.|Зніміть з вогню, коли текстура стане кремовою.|Подавайте з зеленню.",430,24,4,34,1,10,Яйця:3:pcs;Вершкове масло:15:g;Молоко:2:tbsp;Сіль:1:tsp;Зелень:10:g,сніданок
creamy-scrambled-eggs,vi,Trứng bác kem mịn với rau thơm,"Đánh nhẹ trứng với sữa và muối.|Đun chảy bơ trên lửa nhỏ.|Đổ trứng vào và nấu, khuấy liên tục, không nấu quá chín.|Nhấc khỏi bếp khi hỗn hợp có kết cấu mịn.|Dùng kèm rau thơm tươi.",430,24,4,34,1,10,Trứng:3:pcs;Bơ:15:g;Sữa:2:tbsp;Muối:1:tsp;Rau thơm tươi:10:g,bữa sáng
creamy-scrambled-eggs,zh-Hans,奶油滑蛋配香草,将鸡蛋与牛奶和盐轻轻打散。|用小火融化黄油。|倒入鸡蛋，不断搅拌烹饪，不要过熟。|当口感变得绵滑时离火。|搭配新鲜香草上桌。,430,24,4,34,1,10,鸡蛋:3:pcs;黄油:15:g;牛奶:2:tbsp;盐:1:tsp;新鲜香草:10:g,早餐
warm-egg-cheese-sandwich,ar,سندويش دافئ بالبيض والجبن,اقلِ البيضة في مقلاة حتى تنضج.|ادهن الخبز بالزبدة.|ضع البيضة والجبن بين الشريحتين.|اقلِ السندويش من الجانبين حتى يصبح ذهبيًا.,450,20,35,28,1,15,خبز توست:2:pcs;بيضة:1:pcs;جبن صلب:50:g;زبدة:10:g,فطور
warm-egg-cheese-sandwich,de,Warmes Ei-Käse-Sandwich,Ei in einer Pfanne braten bis es gar ist.|Brot mit Butter bestreichen.|Ei und Käse zwischen die Brotscheiben legen.|Sandwich von beiden Seiten goldbraun braten.,450,20,35,28,1,15,Toastbrot:2:pcs;Ei:1:pcs;Hartkäse:50:g;Butter:10:g,Frühstück
warm-egg-cheese-sandwich,en,Warm Egg and Cheese Sandwich,Fry the egg in a pan until done.|Spread butter on bread.|Place egg and cheese between slices.|Fry sandwich on both sides until golden.,450,20,35,28,1,15,Toast bread:2:pcs;Egg:1:pcs;Hard cheese:50:g;Butter:10:g,breakfast
warm-egg-cheese-sandwich,es,Sándwich caliente de huevo y queso,Freír el huevo en una sartén hasta que esté hecho.|Untar mantequilla en el pan.|Colocar el huevo y el queso entre las rebanadas.|Freír el sándwich por ambos lados hasta que esté dorado.,450,20,35,28,1,15,Pan de molde:2:pcs;Huevo:1:pcs;Queso duro:50:g;Mantequilla:10:g,desayuno
warm-egg-cheese-sandwich,fr,Sandwich chaud à l'œuf et au fromage,Faire frire l'œuf dans une poêle jusqu'à cuisson.|Beurrer le pain.|Placer l'œuf et le fromage entre les tranches.|Faire griller le sandwich des deux côtés jusqu'à ce qu'il soit doré.,450,20,35,28,1,15,Pain de mie:2:pcs;Œuf:1:pcs;Fromage à pâte dure:50:g;Beurre:10:g,"
petit-déjeuner"
warm-egg-cheese-sandwich,he,סנדוויץ' חם עם ביצה וגבינה,טגנו את הביצה במחבת עד שתהיה מוכנה.|מרחו חמאה על הלחם.|הניחו את הביצה והגבינה בין הפרוסות.|טגנו את הסנדוויץ' משני הצדדים עד להזהבה.,450,20,35,28,1,15,לחם טוסט:2:pcs;ביצה:1:pcs;גבינה קשה:50:g;חמאה:10:g,ארוחת בוקר
warm-egg-cheese-sandwich,hi,गर्म अंडा और पनीर सैंडविच,पैन में अंडा फ्राई करें जब तक पक न जाए।|ब्रेड पर मक्खन लगाएँ।|स्लाइस के बीच अंडा और चीज़ रखें।|सैंडविच को दोनों तरफ से सुनहरा होने तक तलें।,450,20,35,28,1,15,टोस्ट ब्रेड:2:pcs;अंडा:1:pcs;हार्ड चीज़:50:g;मक्खन:10:g,नाश्ता
warm-egg-cheese-sandwich,id,Sandwich Telur dan Keju Hangat,Goreng telur di wajan hingga matang.|Olesi roti dengan mentega.|Letakkan telur dan keju di antara irisan roti.|Goreng sandwich dari kedua sisi hingga keemasan.,450,20,35,28,1,15,Roti tawar:2:pcs;Telur:1:pcs;Keju keras:50:g;Mentega:10:g,sarapan
warm-egg-cheese-sandwich,it,Panino caldo con uovo e formaggio,Friggere l'uovo in padella fino a cottura.|Spalmare il burro sul pane.|Posizionare uovo e formaggio tra le fette.|Friggere il panino da entrambi i lati fino a doratura.,450,20,35,28,1,15,Pane in cassetta:2:pcs;Uovo:1:pcs;Formaggio a pasta dura:50:g;Burro:10:g,colazione
warm-egg-cheese-sandwich,ja,温かい卵チーズサンドイッチ,フライパンで卵を焼く。|パンにバターを塗る。|パンの間に卵とチーズを挟む。|両面がきつね色になるまでサンドイッチを焼く。,450,20,35,28,1,15,食パン:2:pcs;卵:1:pcs;ハードチーズ:50:g;バター:10:g,朝食
warm-egg-cheese-sandwich,ko,따뜻한 달걀 치즈 샌드위치,팬에 달걀을 익을 때까지 굽는다.|빵에 버터를 바른다.|빵 사이에 달걀과 치즈를 넣는다.|샌드위치를 양면이 노릇해질 때까지 굽는다.,450,20,35,28,1,15,식빵:2:pcs;달걀:1:pcs;하드 치즈:50:g;버터:10:g,아침식사
warm-egg-cheese-sandwich,nl,Warm ei-kaas sandwich,Bak het ei in een pan tot het gaar is.|Besmeer het brood met boter.|Leg ei en kaas tussen de sneetjes.|Bak de sandwich aan beide kanten goudbruin.,450,20,35,28,1,15,Toastbrood:2:pcs;Ei:1:pcs;Harde kaas:50:g;Boter:10:g,ontbijt
warm-egg-cheese-sandwich,pl,Ciepła kanapka z jajkiem i serem,Usmaż jajko na patelni do gotowości.|Posmaruj chleb masłem.|Ułóż jajko i ser między kromkami.|Obsmaż kanapkę z obu stron na złoty kolor.,450,20,35,28,1,15,Chleb tostowy:2:pcs;Jajko:1:pcs;Ser żółty:50:g;Masło:10:g,śniadanie
warm-egg-cheese-sandwich,pt-BR,Sanduíche quente de ovo e queijo,Frite o ovo na frigideira até ficar pronto.|Passe manteiga no pão.|Coloque o ovo e o queijo entre as fatias.|Frite o sanduíche dos dois lados até dourar.,450,20,35,28,1,15,Pão de forma:2:pcs;Ovo:1:pcs;Queijo duro:50:g;Manteiga:10:g,café da manhã
warm-egg-cheese-sandwich,ru,Тёплый сэндвич с яйцом и сыром,Обжарьте яйцо на сковороде до готовности.|Намажьте хлеб сливочным маслом.|Выложите между ломтиками яйцо и сыр.|Обжарьте сэндвич с обеих сторон до золотистой корочки.,450,20,35,28,1,15,Тостовый хлеб:2:pcs;Яйцо:1:pcs;Твёрдый сыр:50:g;Сливочное масло:10:g,завтрак
warm-egg-cheese-sandwich,th,แซนด์วิชไข่ชีสร้อน,ทอดไข่ในกระทะจนสุก|ทาเนยบนขนมปัง|วางไข่และชีสระหว่างแผ่นขนมปัง|ทอดแซนด์วิชทั้งสองด้านจนเหลืองทอง,450,20,35,28,1,15,ขนมปังแผ่น:2:pcs;ไข่:1:pcs;ชีสแข็ง:50:g;เนย:10:g,อาหารเช้า
warm-egg-cheese-sandwich,tr,Sıcak Yumurtalı ve Peynirli Sandviç,Yumurtayı tavada pişirin.|Ekmeğe tereyağı sürün.|Dilimler arasına yumurta ve peynir koyun.|Sandviçi her iki taraftan altın rengi olana kadar kızartın.,450,20,35,28,1,15,Tost ekmeği:2:pcs;Yumurta:1:pcs;Kaşar peyniri:50:g;Tereyağı:10:g,kahvaltı
warm-egg-cheese-sandwich,uk,Теплий сендвіч з яйцем і сиром,Яйце обсмажте на сковороді до готовності.|Хліб змастіть вершковим маслом.|Викладіть між скибками яйце та сир.|Обсмажте сендвіч з обох боків до золотистої скоринки.,450,20,35,28,1,15,Хліб тостовий:2:pcs;Яйце:1:pcs;Твердий сир:50:g;Вершкове масло:10:g,сніданок
warm-egg-cheese-sandwich,vi,Bánh mì kẹp trứng phô mai nóng,Chiên trứng trên chảo đến khi chín.|Phết bơ lên bánh mì.|Đặt trứng và phô mai giữa hai lát bánh mì.|Chiên bánh mì kẹp hai mặt đến vàng giòn.,450,20,35,28,1,15,Bánh mì gối:2:pcs;Trứng:1:pcs;Phô mai cứng:50:g;Bơ:10:g,bữa sáng
warm-egg-cheese-sandwich,zh-Hans,热蛋芝士三明治,在平底锅中煎蛋至熟。|在面包上涂黄油。|将鸡蛋和奶酪夹在面包片之间。|将三明治两面煎至金黄。,450,20,35,28,1,15,吐司面包:2:pcs;鸡蛋:1:pcs;硬质奶酪:50:g;黄油:10:g,早餐
lavash-egg-cheese-herbs,ar,لفة لافاش بالبيض والجبن والأعشاب,اقلِ البيضة بالزبدة.|ضع البيضة والجبن المبشور والأعشاب على اللافاش.|لفّها واحمِها على المقلاة لمدة 1-2 دقيقة.,420,18,40,22,1,10,لافاش:1:pcs;بيضة:1:pcs;جبن صلب:40:g;زبدة:5:g;أعشاب طازجة:10:g,فطور
lavash-egg-cheese-herbs,de,"Lavash-Wrap mit Ei, Käse und Kräutern","Ei in Butter braten.|Ei, geriebenen Käse und Kräuter auf den Lavash legen.|Einrollen und in der Pfanne 1-2 Minuten erwärmen.",420,18,40,22,1,10,Lavash:1:pcs;Ei:1:pcs;Hartkäse:40:g;Butter:5:g;Frische Kräuter:10:g,Frühstück
lavash-egg-cheese-herbs,en,"Lavash Wrap with Egg, Cheese and Herbs","Fry the egg in butter.|Place egg, grated cheese and herbs on lavash.|Roll up and heat on a pan for 1-2 minutes.",420,18,40,22,1,10,Lavash:1:pcs;Egg:1:pcs;Hard cheese:40:g;Butter:5:g;Fresh herbs:10:g,breakfast
lavash-egg-cheese-herbs,es,"Wrap de lavash con huevo, queso y hierbas","Freír el huevo en mantequilla.|Colocar el huevo, queso rallado y hierbas sobre el lavash.|Enrollar y calentar en la sartén 1-2 minutos.",420,18,40,22,1,10,Lavash:1:pcs;Huevo:1:pcs;Queso duro:40:g;Mantequilla:5:g;Hierbas frescas:10:g,desayuno
lavash-egg-cheese-herbs,fr,"Wrap de lavash à l'œuf, fromage et herbes","Faire frire l'œuf dans le beurre.|Disposer l'œuf, le fromage râpé et les herbes sur le lavash.|Rouler et réchauffer à la poêle 1-2 minutes.",420,18,40,22,1,10,Lavash:1:pcs;Œuf:1:pcs;Fromage à pâte dure:40:g;Beurre:5:g;Herbes fraîches:10:g,"
petit-déjeuner"
lavash-egg-cheese-herbs,he,"לאפה עם ביצה, גבינה ועשבי תיבול","טגנו את הביצה בחמאה.|הניחו את הביצה, גבינה מגוררת ועשבי תיבול על הלאפה.|גלגלו וחממו במחבת 1-2 דקות.",420,18,40,22,1,10,לאפה:1:pcs;ביצה:1:pcs;גבינה קשה:40:g;חמאה:5:g;עשבי תיבול טריים:10:g,ארוחת בוקר
lavash-egg-cheese-herbs,hi,"अंडा, पनीर और जड़ी-बूटियों के साथ लवाश रैप","मक्खन में अंडा फ्राई करें।|लवाश पर अंडा, कसा हुआ पनीर और जड़ी-बूटियाँ रखें।|रोल करें और पैन पर 1-2 मिनट गर्म करें।",420,18,40,22,1,10,लवाश:1:pcs;अंडा:1:pcs;हार्ड चीज़:40:g;मक्खन:5:g;ताज़ी जड़ी-बूटियाँ:10:g,नाश्ता
lavash-egg-cheese-herbs,id,"Gulungan Lavash dengan Telur, Keju dan Herba","Goreng telur dalam mentega.|Letakkan telur, keju parut dan herba di atas lavash.|Gulung dan panaskan di wajan selama 1-2 menit.",420,18,40,22,1,10,Lavash:1:pcs;Telur:1:pcs;Keju keras:40:g;Mentega:5:g;Herba segar:10:g,sarapan
lavash-egg-cheese-herbs,it,"Rotolo di lavash con uovo, formaggio ed erbe","Friggere l'uovo nel burro.|Disporre uovo, formaggio grattugiato ed erbe sul lavash.|Arrotolare e scaldare in padella per 1-2 minuti.",420,18,40,22,1,10,Lavash:1:pcs;Uovo:1:pcs;Formaggio a pasta dura:40:g;Burro:5:g;Erbe fresche:10:g,colazione
lavash-egg-cheese-herbs,ja,ラヴァッシュの卵チーズハーブラップ,バターで卵を焼く。|ラヴァッシュに卵、すりおろしたチーズ、ハーブをのせる。|巻いてフライパンで1〜2分温める。,420,18,40,22,1,10,ラヴァッシュ:1:pcs;卵:1:pcs;ハードチーズ:40:g;バター:5:g;フレッシュハーブ:10:g,朝食
lavash-egg-cheese-herbs,ko,"달걀, 치즈, 허브 라바쉬 랩","버터에 달걀을 굽는다.|라바쉬 위에 달걀, 갈은 치즈, 허브를 올린다.|돌돌 말아서 팬에서 1-2분 데운다.",420,18,40,22,1,10,라바쉬:1:pcs;달걀:1:pcs;하드 치즈:40:g;버터:5:g;신선한 허브:10:g,아침식사
lavash-egg-cheese-herbs,nl,"Lavash wrap met ei, kaas en kruiden","Bak het ei in boter.|Leg ei, geraspte kaas en kruiden op de lavash.|Rol op en verwarm in de pan gedurende 1-2 minuten.",420,18,40,22,1,10,Lavash:1:pcs;Ei:1:pcs;Harde kaas:40:g;Boter:5:g;Verse kruiden:10:g,ontbijt
lavash-egg-cheese-herbs,pl,"Lawasz z jajkiem, serem i ziołami","Usmaż jajko na maśle.|Ułóż jajko, starty ser i zioła na lawaszu.|Zwiń w rulon i podgrzej na patelni przez 1-2 minuty.",420,18,40,22,1,10,Lawasz:1:pcs;Jajko:1:pcs;Ser żółty:40:g;Masło:5:g;Świeże zioła:10:g,śniadanie
lavash-egg-cheese-herbs,pt-BR,"Wrap de lavash com ovo, queijo e ervas","Frite o ovo na manteiga.|Coloque o ovo, queijo ralado e ervas no lavash.|Enrole e aqueça na frigideira por 1-2 minutos.",420,18,40,22,1,10,Lavash:1:pcs;Ovo:1:pcs;Queijo duro:40:g;Manteiga:5:g;Ervas frescas:10:g,café da manhã
lavash-egg-cheese-herbs,ru,"Лаваш с яйцом, сыром и зеленью","Обжарьте яйцо на сливочном масле.|Выложите яйцо, тёртый сыр и зелень на лаваш.|Заверните рулетом и прогрейте на сковороде 1-2 минуты.",420,18,40,22,1,10,Лаваш:1:pcs;Яйцо:1:pcs;Твёрдый сыр:40:g;Сливочное масло:5:g;Зелень:10:g,завтрак
lavash-egg-cheese-herbs,th,ลาวาชห่อไข่ ชีส และสมุนไพร,ทอดไข่ในเนย|วางไข่ ชีสขูด และสมุนไพรบนลาวาช|ม้วนและอุ่นบนกระทะ 1-2 นาที,420,18,40,22,1,10,ลาวาช:1:pcs;ไข่:1:pcs;ชีสแข็ง:40:g;เนย:5:g;สมุนไพรสด:10:g,อาหารเช้า
lavash-egg-cheese-herbs,tr,"Yumurtalı, Peynirli ve Otlu Lavaş Dürüm","Yumurtayı tereyağında kızartın.|Lavaşın üzerine yumurta, rendelenmiş peynir ve otları yerleştirin.|Sarın ve tavada 1-2 dakika ısıtın.",420,18,40,22,1,10,Lavaş:1:pcs;Yumurta:1:pcs;Kaşar peyniri:40:g;Tereyağı:5:g;Taze otlar:10:g,kahvaltı
lavash-egg-cheese-herbs,uk,"Лаваш з яйцем, сиром і зеленню","Яйце обсмажте на вершковому маслі.|Викладіть яйце, тертий сир і зелень на лаваш.|Загорніть рулетом і прогрійте на сковороді 1–2 хвилини.",420,18,40,22,1,10,Лаваш:1:pcs;Яйце:1:pcs;Твердий сир:40:g;Вершкове масло:5:g;Зелень:10:g,сніданок
lavash-egg-cheese-herbs,vi,"Bánh cuốn lavash với trứng, phô mai và rau thơm","Chiên trứng trong bơ.|Đặt trứng, phô mai bào và rau thơm lên lavash.|Cuộn lại và hâm nóng trên chảo 1-2 phút.",420,18,40,22,1,10,Lavash:1:pcs;Trứng:1:pcs;Phô mai cứng:40:g;Bơ:5:g;Rau thơm tươi:10:g,bữa sáng
lavash-egg-cheese-herbs,zh-Hans,鸡蛋芝士香草薄饼卷,用黄油煎鸡蛋。|将鸡蛋、磨碎的奶酪和香草放在薄饼上。|卷起来在平底锅上加热1-2分钟。,420,18,40,22,1,10,薄饼:1:pcs;鸡蛋:1:pcs;硬质奶酪:40:g;黄油:5:g;新鲜香草:10:g,早餐
breakfast-burrito,ar,بوريتو الإفطار بالبيض والخضروات,حضّر البيض المخفوق.|قطّع الفلفل وقلّبه سريعًا في زيت الزيتون.|ضع الحشوة على التورتيلا، رش الجبن ولفّها.,480,22,42,28,1,15,تورتيلا:1:pcs;بيض:2:pcs;فلفل حلو:0.5:pcs;جبن صلب:40:g;زيت زيتون:1:tsp,فطور
breakfast-burrito,de,Frühstücks-Burrito mit Ei und Gemüse,"Rührei zubereiten.|Paprika würfeln und schnell in Olivenöl anbraten.|Füllung auf die Tortilla legen, mit Käse bestreuen und einrollen.",480,22,42,28,1,15,Tortilla:1:pcs;Eier:2:pcs;Paprika:0.5:pcs;Hartkäse:40:g;Olivenöl:1:tsp,Frühstück
breakfast-burrito,en,Breakfast Burrito with Egg and Vegetables,"Scramble the eggs.|Dice pepper and quickly sauté in olive oil.|Place filling on tortilla, sprinkle with cheese and roll up.",480,22,42,28,1,15,Tortilla:1:pcs;Eggs:2:pcs;Bell pepper:0.5:pcs;Hard cheese:40:g;Olive oil:1:tsp,breakfast
breakfast-burrito,es,Burrito de desayuno con huevo y verduras,"Preparar los huevos revueltos.|Cortar el pimiento en cubos y saltear rápidamente en aceite de oliva.|Colocar el relleno sobre la tortilla, espolvorear con queso y enrollar.",480,22,42,28,1,15,Tortilla:1:pcs;Huevos:2:pcs;Pimiento morrón:0.5:pcs;Queso duro:40:g;Aceite de oliva:1:tsp,desayuno
breakfast-burrito,fr,Burrito du petit-déjeuner à l'œuf et aux légumes,"Préparer les œufs brouillés.|Couper le poivron en dés et faire sauter rapidement dans l'huile d'olive.|Placer la garniture sur la tortilla, saupoudrer de fromage et rouler.",480,22,42,28,1,15,Tortilla:1:pcs;Œufs:2:pcs;Poivron:0.5:pcs;Fromage à pâte dure:40:g;Huile d'olive:1:tsp,"
petit-déjeuner"
breakfast-burrito,he,בוריטו ארוחת בוקר עם ביצה וירקות,"הכינו ביצים מקושקשות.|חתכו את הפלפל לקוביות וטגנו במהירות בשמן זית.|הניחו את המילוי על הטורטייה, פזרו גבינה וגלגלו.",480,22,42,28,1,15,טורטייה:1:pcs;ביצים:2:pcs;פלפל:0.5:pcs;גבינה קשה:40:g;שמן זית:1:tsp,ארוחת בוקר
breakfast-burrito,hi,अंडा और सब्ज़ियों के साथ ब्रेकफ़ास्ट बुरिटो,"अंडे को स्क्रैम्बल करें।|शिमला मिर्च काटें और जैतून के तेल में जल्दी भूनें।|टॉर्टिला पर भरावन रखें, चीज़ छिड़कें और रोल करें।",480,22,42,28,1,15,टॉर्टिला:1:pcs;अंडे:2:pcs;शिमला मिर्च:0.5:pcs;हार्ड चीज़:40:g;जैतून का तेल:1:tsp,नाश्ता
breakfast-burrito,id,Burrito Sarapan dengan Telur dan Sayuran,"Orak-arik telur.|Potong paprika dadu dan tumis cepat dengan minyak zaitun.|Letakkan isian di atas tortilla, taburi keju dan gulung.",480,22,42,28,1,15,Tortilla:1:pcs;Telur:2:pcs;Paprika:0.5:pcs;Keju keras:40:g;Minyak zaitun:1:tsp,sarapan
breakfast-burrito,it,Burrito della colazione con uovo e verdure,"Preparare le uova strapazzate.|Tagliare il peperone a dadini e saltare velocemente nell'olio d'oliva.|Disporre il ripieno sulla tortilla, cospargere di formaggio e arrotolare.",480,22,42,28,1,15,Tortilla:1:pcs;Uova:2:pcs;Peperone:0.5:pcs;Formaggio a pasta dura:40:g;Olio d'oliva:1:tsp,colazione
breakfast-burrito,ja,朝食ブリトー 卵と野菜入り,卵をスクランブルにする。|パプリカを角切りにし、オリーブオイルでさっと炒める。|トルティーヤに具材をのせ、チーズをふりかけて巻く。,480,22,42,28,1,15,トルティーヤ:1:pcs;卵:2:pcs;パプリカ:0.5:pcs;ハードチーズ:40:g;オリーブオイル:1:tsp,朝食
breakfast-burrito,ko,달걀과 채소 아침 부리토,달걀을 스크램블한다.|피망을 깍둑썰기하여 올리브유에 빠르게 볶는다.|토르티야에 속재료를 올리고 치즈를 뿌린 뒤 말아준다.,480,22,42,28,1,15,토르티야:1:pcs;달걀:2:pcs;피망:0.5:pcs;하드 치즈:40:g;올리브유:1:tsp,아침식사
breakfast-burrito,nl,Ontbijtburrito met ei en groenten,"Maak roerei.|Snijd de paprika in blokjes en bak snel aan in olijfolie.|Leg de vulling op de tortilla, bestrooi met kaas en rol op.",480,22,42,28,1,15,Tortilla:1:pcs;Eieren:2:pcs;Paprika:0.5:pcs;Harde kaas:40:g;Olijfolie:1:tsp,ontbijt
breakfast-burrito,pl,Śniadaniowe burrito z jajkiem i warzywami,"Przygotuj jajecznicę.|Pokrój paprykę w kostkę i szybko obsmaż na oliwie z oliwek.|Ułóż nadzienie na tortilli, posyp serem i zwiń.",480,22,42,28,1,15,Tortilla:1:pcs;Jajka:2:pcs;Papryka:0.5:pcs;Ser żółty:40:g;Oliwa z oliwek:1:tsp,śniadanie
breakfast-burrito,pt-BR,Burrito de café da manhã com ovo e legumes,"Faça ovos mexidos.|Corte o pimentão em cubos e refogue rapidamente em azeite.|Coloque o recheio na tortilha, polvilhe queijo e enrole.",480,22,42,28,1,15,Tortilha:1:pcs;Ovos:2:pcs;Pimentão:0.5:pcs;Queijo duro:40:g;Azeite:1:tsp,café da manhã
breakfast-burrito,ru,Завтрак-буррито с яйцом и овощами,"Приготовьте скрэмбл из яиц.|Перец нарежьте кубиками и быстро обжарьте на оливковом масле.|Выложите начинку на тортилью, посыпьте сыром и заверните рулетом.",480,22,42,28,1,15,Тортилья:1:pcs;Яйца:2:pcs;Болгарский перец:0.5:pcs;Твёрдый сыр:40:g;Оливковое масло:1:tsp,завтрак
breakfast-burrito,th,เบอร์ริโตอาหารเช้าไข่และผัก,ทำไข่คน|หั่นพริกหวานเป็นลูกเต๋าและผัดเร็วๆ ในน้ำมันมะกอก|วางไส้บนแผ่นแป้งตอร์ตียา โรยชีสแล้วม้วน,480,22,42,28,1,15,ตอร์ตียา:1:pcs;ไข่:2:pcs;พริกหวาน:0.5:pcs;ชีสแข็ง:40:g;น้ำมันมะกอก:1:tsp,อาหารเช้า
breakfast-burrito,tr,Yumurtalı ve Sebzeli Kahvaltı Burritosu,"Yumurtaları çırparak pişirin.|Biberi küp küp doğrayın ve zeytinyağında hızlıca soteleyin.|Harcı tortillanın üzerine yerleştirin, peynir serpin ve sarın.",480,22,42,28,1,15,Tortilla:1:pcs;Yumurta:2:pcs;Biber:0.5:pcs;Kaşar peyniri:40:g;Zeytinyağı:1:tsp,kahvaltı
breakfast-burrito,uk,Сніданковий буріто з яйцем та овочами,"Яйця обсмажте до скремблу.|Перець наріжте та швидко обсмажте на оливковій олії.|Викладіть начинку на тортилью, посипте сиром і загорніть рулетом.",480,22,42,28,1,15,Тортилья:1:pcs;Яйця:2:pcs;Болгарський перець:0.5:pcs;Твердий сир:40:g;Оливкова олія:1:tsp,сніданок
breakfast-burrito,vi,Burrito ăn sáng với trứng và rau củ,"Bắc trứng lên chảo làm trứng khuấy.|Thái hạt lựu ớt chuông và xào nhanh với dầu ô liu.|Đặt nhân lên bánh tortilla, rắc phô mai và cuộn lại.",480,22,42,28,1,15,Bánh tortilla:1:pcs;Trứng:2:pcs;Ớt chuông:0.5:pcs;Phô mai cứng:40:g;Dầu ô liu:1:tsp,bữa sáng
breakfast-burrito,zh-Hans,早餐鸡蛋蔬菜卷饼,将鸡蛋炒成滑蛋。|将甜椒切丁，用橄榄油快速翻炒。|将馅料放在玉米饼上，撒上奶酪卷起。,480,22,42,28,1,15,玉米饼:1:pcs;鸡蛋:2:pcs;甜椒:0.5:pcs;硬质奶酪:40:g;橄榄油:1:tsp,早餐
ham-cheese-toast,ar,توست بالجامبون والجبن,ادهن الخبز بالزبدة.|أضف الجامبون والجبن.|اخبز أو اقلِ حتى يذوب الجبن.,500,28,35,32,1,10,خبز:2:pcs;جامبون:60:g;جبن صلب:50:g;زبدة:10:g,فطور
ham-cheese-toast,de,Toast mit Schinken und Käse,Brot mit Butter bestreichen.|Schinken und Käse darauflegen.|Backen oder braten bis der Käse geschmolzen ist.,500,28,35,32,1,10,Brot:2:pcs;Schinken:60:g;Hartkäse:50:g;Butter:10:g,Frühstück
ham-cheese-toast,en,Ham and Cheese Toast,Spread butter on bread.|Add ham and cheese.|Bake or fry until cheese melts.,500,28,35,32,1,10,Bread:2:pcs;Ham:60:g;Hard cheese:50:g;Butter:10:g,breakfast
ham-cheese-toast,es,Tostada de jamón y queso,Untar mantequilla en el pan.|Añadir jamón y queso.|Hornear o freír hasta que el queso se derrita.,500,28,35,32,1,10,Pan:2:pcs;Jamón:60:g;Queso duro:50:g;Mantequilla:10:g,desayuno
ham-cheese-toast,fr,Toast au jambon et fromage,Beurrer le pain.|Ajouter le jambon et le fromage.|Cuire au four ou à la poêle jusqu'à ce que le fromage fonde.,500,28,35,32,1,10,Pain:2:pcs;Jambon:60:g;Fromage à pâte dure:50:g;Beurre:10:g,"
petit-déjeuner"
ham-cheese-toast,he,טוסט עם חזיר וגבינה,מרחו חמאה על הלחם.|הוסיפו חזיר וגבינה.|אפו או טגנו עד שהגבינה נמסה.,500,28,35,32,1,10,לחם:2:pcs;חזיר:60:g;גבינה קשה:50:g;חמאה:10:g,ארוחת בוקר
ham-cheese-toast,hi,हैम और चीज़ टोस्ट,ब्रेड पर मक्खन लगाएँ।|हैम और चीज़ रखें।|चीज़ पिघलने तक बेक करें या तलें।,500,28,35,32,1,10,ब्रेड:2:pcs;हैम:60:g;हार्ड चीज़:50:g;मक्खन:10:g,नाश्ता
ham-cheese-toast,id,Roti Panggang Ham dan Keju,Olesi roti dengan mentega.|Tambahkan ham dan keju.|Panggang atau goreng hingga keju meleleh.,500,28,35,32,1,10,Roti:2:pcs;Ham:60:g;Keju keras:50:g;Mentega:10:g,sarapan
ham-cheese-toast,it,Toast con prosciutto e formaggio,Spalmare il burro sul pane.|Aggiungere prosciutto e formaggio.|Infornare o friggere fino a quando il formaggio si scioglie.,500,28,35,32,1,10,Pane:2:pcs;Prosciutto:60:g;Formaggio a pasta dura:50:g;Burro:10:g,colazione
ham-cheese-toast,ja,ハムとチーズのトースト,パンにバターを塗る。|ハムとチーズをのせる。|チーズが溶けるまでオーブンまたはフライパンで焼く。,500,28,35,32,1,10,パン:2:pcs;ハム:60:g;ハードチーズ:50:g;バター:10:g,朝食
ham-cheese-toast,ko,햄 치즈 토스트,빵에 버터를 바른다.|햄과 치즈를 올린다.|치즈가 녹을 때까지 오븐이나 팬에서 굽는다.,500,28,35,32,1,10,빵:2:pcs;햄:60:g;하드 치즈:50:g;버터:10:g,아침식사
ham-cheese-toast,nl,Toast met ham en kaas,Besmeer het brood met boter.|Voeg ham en kaas toe.|Bak in de oven of in de pan tot de kaas gesmolten is.,500,28,35,32,1,10,Brood:2:pcs;Ham:60:g;Harde kaas:50:g;Boter:10:g,ontbijt
ham-cheese-toast,pl,Tosty z szynką i serem,Posmaruj chleb masłem.|Dodaj szynkę i ser.|Zapiekaj lub smaż aż ser się rozpuści.,500,28,35,32,1,10,Chleb:2:pcs;Szynka:60:g;Ser żółty:50:g;Masło:10:g,śniadanie
ham-cheese-toast,pt-BR,Torrada de presunto e queijo,Passe manteiga no pão.|Adicione presunto e queijo.|Asse ou frite até o queijo derreter.,500,28,35,32,1,10,Pão:2:pcs;Presunto:60:g;Queijo duro:50:g;Manteiga:10:g,café da manhã
ham-cheese-toast,ru,Тосты с ветчиной и сыром,Намажьте хлеб сливочным маслом.|Выложите ветчину и сыр.|Запеките или обжарьте до расплавления сыра.,500,28,35,32,1,10,Хлеб:2:pcs;Ветчина:60:g;Твёрдый сыр:50:g;Сливочное масло:10:g,завтрак
ham-cheese-toast,th,ขนมปังปิ้งแฮมชีส,ทาเนยบนขนมปัง|วางแฮมและชีส|อบหรือทอดจนชีสละลาย,500,28,35,32,1,10,ขนมปัง:2:pcs;แฮม:60:g;ชีสแข็ง:50:g;เนย:10:g,อาหารเช้า
ham-cheese-toast,tr,Jambonlu ve Peynirli Tost,Ekmeğe tereyağı sürün.|Jambon ve peynir ekleyin.|Peynir eriyene kadar fırınlayın veya kızartın.,500,28,35,32,1,10,Ekmek:2:pcs;Jambon:60:g;Kaşar peyniri:50:g;Tereyağı:10:g,kahvaltı
ham-cheese-toast,uk,Тости з шинкою та сиром,Хліб змастіть вершковим маслом.|Викладіть шинку та сир.|Запікайте або обсмажте до розплавлення сиру.,500,28,35,32,1,10,Хліб:2:pcs;Шинка:60:g;Твердий сир:50:g;Вершкове масло:10:g,сніданок
ham-cheese-toast,vi,Bánh mì nướng giăm bông và phô mai,Phết bơ lên bánh mì.|Thêm giăm bông và phô mai.|Nướng hoặc chiên cho đến khi phô mai tan chảy.,500,28,35,32,1,10,Bánh mì:2:pcs;Giăm bông:60:g;Phô mai cứng:50:g;Bơ:10:g,bữa sáng
ham-cheese-toast,zh-Hans,火腿芝士吐司,在面包上涂黄油。|放上火腿和奶酪。|烤或煎至奶酪融化。,500,28,35,32,1,10,面包:2:pcs;火腿:60:g;硬质奶酪:50:g;黄油:10:g,早餐
quinoa-avocado-egg-bowl,ar,كينوا مع الأفوكادو والبيض,سخّن الكينوا.|اقلِ البيضة أو اسلقها.|قطّع الأفوكادو إلى شرائح.|اخلط جميع المكونات، تبّل بزيت الزيتون والملح.,430,16,40,22,1,20,كينوا مطبوخة:120:g;بيضة:1:pcs;أفوكادو:0.5:pcs;زيت زيتون:1:tsp;ملح:1:tsp,فطور
quinoa-avocado-egg-bowl,de,Quinoa mit Avocado und Ei,"Quinoa aufwärmen.|Ei braten oder kochen.|Avocado in Scheiben schneiden.|Alle Zutaten mischen, mit Olivenöl und Salz würzen.",430,16,40,22,1,20,Gekochte Quinoa:120:g;Ei:1:pcs;Avocado:0.5:pcs;Olivenöl:1:tsp;Salz:1:tsp,Frühstück
quinoa-avocado-egg-bowl,en,Quinoa with Avocado and Egg,"Reheat quinoa.|Fry or boil the egg.|Slice avocado.|Mix all ingredients, dress with olive oil and salt.",430,16,40,22,1,20,Cooked quinoa:120:g;Egg:1:pcs;Avocado:0.5:pcs;Olive oil:1:tsp;Salt:1:tsp,breakfast
quinoa-avocado-egg-bowl,es,Quinoa con aguacate y huevo,"Recalentar la quinoa.|Freír o hervir el huevo.|Cortar el aguacate en rodajas.|Mezclar todos los ingredientes, aliñar con aceite de oliva y sal.",430,16,40,22,1,20,Quinoa cocida:120:g;Huevo:1:pcs;Aguacate:0.5:pcs;Aceite de oliva:1:tsp;Sal:1:tsp,desayuno
quinoa-avocado-egg-bowl,fr,Quinoa à l'avocat et à l'œuf,"Réchauffer le quinoa.|Faire frire ou bouillir l'œuf.|Couper l'avocat en tranches.|Mélanger tous les ingrédients, assaisonner d'huile d'olive et de sel.",430,16,40,22,1,20,Quinoa cuit:120:g;Œuf:1:pcs;Avocat:0.5:pcs;Huile d'olive:1:tsp;Sel:1:tsp,"
petit-déjeuner"
quinoa-avocado-egg-bowl,he,קינואה עם אבוקדו וביצה,"חממו את הקינואה.|טגנו או בשלו את הביצה.|פרסו את האבוקדו.|ערבבו את כל המרכיבים, תבלו בשמן זית ומלח.",430,16,40,22,1,20,קינואה מבושלת:120:g;ביצה:1:pcs;אבוקדו:0.5:pcs;שמן זית:1:tsp;מלח:1:tsp,ארוחת בוקר
quinoa-avocado-egg-bowl,hi,एवोकाडो और अंडे के साथ क्विनोआ,"क्विनोआ गर्म करें।|अंडा फ्राई करें या उबालें।|एवोकाडो को स्लाइस करें।|सभी सामग्री मिलाएँ, जैतून के तेल और नमक से सजाएँ।",430,16,40,22,1,20,पका हुआ क्विनोआ:120:g;अंडा:1:pcs;एवोकाडो:0.5:pcs;जैतून का तेल:1:tsp;नमक:1:tsp,नाश्ता
quinoa-avocado-egg-bowl,id,Quinoa dengan Alpukat dan Telur,"Panaskan kembali quinoa.|Goreng atau rebus telur.|Iris alpukat.|Campur semua bahan, bumbui dengan minyak zaitun dan garam.",430,16,40,22,1,20,Quinoa matang:120:g;Telur:1:pcs;Alpukat:0.5:pcs;Minyak zaitun:1:tsp;Garam:1:tsp,sarapan
quinoa-avocado-egg-bowl,it,Quinoa con avocado e uovo,"Riscaldare la quinoa.|Friggere o lessare l'uovo.|Tagliare l'avocado a fette.|Mescolare tutti gli ingredienti, condire con olio d'oliva e sale.",430,16,40,22,1,20,Quinoa cotta:120:g;Uovo:1:pcs;Avocado:0.5:pcs;Olio d'oliva:1:tsp;Sale:1:tsp,colazione
quinoa-avocado-egg-bowl,ja,キヌアとアボカドのエッグボウル,キヌアを温め直す。|卵を焼くか茹でる。|アボカドをスライスする。|全ての材料を混ぜ合わせ、オリーブオイルと塩で味付けする。,430,16,40,22,1,20,調理済みキヌア:120:g;卵:1:pcs;アボカド:0.5:pcs;オリーブオイル:1:tsp;塩:1:tsp,朝食
quinoa-avocado-egg-bowl,ko,아보카도와 달걀을 곁들인 퀴노아,퀴노아를 데운다.|달걀을 굽거나 삶는다.|아보카도를 슬라이스한다.|모든 재료를 섞고 올리브유와 소금으로 양념한다.,430,16,40,22,1,20,조리된 퀴노아:120:g;달걀:1:pcs;아보카도:0.5:pcs;올리브유:1:tsp;소금:1:tsp,아침식사
quinoa-avocado-egg-bowl,nl,Quinoa met avocado en ei,"Verwarm de quinoa.|Bak of kook het ei.|Snijd de avocado in plakjes.|Meng alle ingrediënten, maak aan met olijfolie en zout.",430,16,40,22,1,20,Gekookte quinoa:120:g;Ei:1:pcs;Avocado:0.5:pcs;Olijfolie:1:tsp;Zout:1:tsp,ontbijt
quinoa-avocado-egg-bowl,pl,Quinoa z awokado i jajkiem,"Podgrzej quinoa.|Usmaż lub ugotuj jajko.|Pokrój awokado w plastry.|Wymieszaj wszystkie składniki, dopraw oliwą z oliwek i solą.",430,16,40,22,1,20,Ugotowana quinoa:120:g;Jajko:1:pcs;Awokado:0.5:pcs;Oliwa z oliwek:1:tsp;Sól:1:tsp,śniadanie
quinoa-avocado-egg-bowl,pt-BR,Quinoa com abacate e ovo,"Aqueça a quinoa.|Frite ou cozinhe o ovo.|Fatie o abacate.|Misture todos os ingredientes, tempere com azeite e sal.",430,16,40,22,1,20,Quinoa cozida:120:g;Ovo:1:pcs;Abacate:0.5:pcs;Azeite:1:tsp;Sal:1:tsp,café da manhã
quinoa-avocado-egg-bowl,ru,Киноа с авокадо и яйцом,"Подогрейте киноа.|Обжарьте или отварите яйцо.|Нарежьте авокадо дольками.|Смешайте все ингредиенты, заправьте оливковым маслом и посолите.",430,16,40,22,1,20,Отварная киноа:120:g;Яйцо:1:pcs;Авокадо:0.5:pcs;Оливковое масло:1:tsp;Соль:1:tsp,завтрак
quinoa-avocado-egg-bowl,th,ควินัวกับอะโวคาโดและไข่,อุ่นควินัว|ทอดหรือต้มไข่|หั่นอะโวคาโด|ผสมส่วนผสมทั้งหมด ราดน้ำมันมะกอกและเกลือ,430,16,40,22,1,20,ควินัวสุก:120:g;ไข่:1:pcs;อะโวคาโด:0.5:pcs;น้ำมันมะกอก:1:tsp;เกลือ:1:tsp,อาหารเช้า
quinoa-avocado-egg-bowl,tr,Avokadolu ve Yumurtalı Kinoa,"Kinoayı ısıtın.|Yumurtayı kızartın veya haşlayın.|Avokadoyu dilimleyin.|Tüm malzemeleri karıştırın, zeytinyağı ve tuzla tatlandırın.",430,16,40,22,1,20,Pişmiş kinoa:120:g;Yumurta:1:pcs;Avokado:0.5:pcs;Zeytinyağı:1:tsp;Tuz:1:tsp,kahvaltı
quinoa-avocado-egg-bowl,uk,Кіноа з авокадо та яйцем,"Кіноа підігрійте.|Яйце обсмажте або відваріть.|Авокадо наріжте скибками.|Змішайте всі інгредієнти, заправте оливковою олією та посоліть.",430,16,40,22,1,20,Кіноа відварена:120:g;Яйце:1:pcs;Авокадо:0.5:pcs;Оливкова олія:1:tsp;Сіль:1:tsp,сніданок
quinoa-avocado-egg-bowl,vi,Quinoa với bơ và trứng,"Hâm nóng quinoa.|Chiên hoặc luộc trứng.|Cắt lát quả bơ.|Trộn tất cả nguyên liệu, nêm dầu ô liu và muối.",430,16,40,22,1,20,Quinoa chín:120:g;Trứng:1:pcs;Quả bơ:0.5:pcs;Dầu ô liu:1:tsp;Muối:1:tsp,bữa sáng
quinoa-avocado-egg-bowl,zh-Hans,牛油果鸡蛋藜麦碗,将藜麦加热。|煎或煮鸡蛋。|将牛油果切片。|将所有食材混合，用橄榄油和盐调味。,430,16,40,22,1,20,熟藜麦:120:g;鸡蛋:1:pcs;牛油果:0.5:pcs;橄榄油:1:tsp;盐:1:tsp,早餐
ham-cheese-omelette,ar,أومليت بالجبن ولحم الخنزير,اخفقي البيض مع الحليب والملح والفلفل.|قطّعي لحم الخنزير إلى مكعبات صغيرة.|اقلي لحم الخنزير بالزبدة لمدة 1-2 دقيقة.|اسكبي خليط البيض ورشّي الجبن.|اطهي تحت الغطاء لمدة 7-10 دقائق.,520,34,6,38,1,15,بيض:3:pcs;لحم خنزير:70:g;جبن صلب:50:g;حليب:2:tbsp;زبدة:10:g;ملح:1:tsp;فلفل:1:tsp,فطور;أومليت
ham-cheese-omelette,de,Omelett mit Schinken und Käse,"Eier mit Milch, Salz und Pfeffer verquirlen.|Schinken in kleine Würfel schneiden.|Schinken in Butter 1–2 Minuten anbraten.|Eiermasse darüber gießen, mit Käse bestreuen.|Zugedeckt 7–10 Minuten garen.",520,34,6,38,1,15,Eier:3:pcs;Schinken:70:g;Hartkäse:50:g;Milch:2:tbsp;Butter:10:g;Salz:1:tsp;Pfeffer:1:tsp,Frühstück;Omelett
ham-cheese-omelette,en,Ham and Cheese Omelette,"Beat eggs with milk, salt and pepper.|Dice ham into small cubes.|Fry ham in butter for 1-2 minutes.|Pour egg mixture, sprinkle with cheese.|Cook covered for 7-10 minutes.",520,34,6,38,1,15,Eggs:3:pcs;Ham:70:g;Hard cheese:50:g;Milk:2:tbsp;Butter:10:g;Salt:1:tsp;Pepper:1:tsp,breakfast;omelette
ham-cheese-omelette,es,Tortilla de jamón y queso,"Batir los huevos con leche, sal y pimienta.|Cortar el jamón en cubos pequeños.|Freír el jamón en mantequilla 1-2 minutos.|Verter la mezcla de huevo y espolvorear con queso.|Cocinar tapado 7-10 minutos.",520,34,6,38,1,15,Huevos:3:pcs;Jamón:70:g;Queso duro:50:g;Leche:2:tbsp;Mantequilla:10:g;Sal:1:tsp;Pimienta:1:tsp,desayuno;tortilla
ham-cheese-omelette,fr,Omelette au jambon et fromage,"Battre les œufs avec le lait, le sel et le poivre.|Couper le jambon en petits dés.|Faire revenir le jambon dans le beurre 1-2 minutes.|Verser le mélange d'œufs, parsemer de fromage.|Cuire à couvert 7-10 minutes.",520,34,6,38,1,15,Œufs:3:pcs;Jambon:70:g;Fromage à pâte dure:50:g;Lait:2:tbsp;Beurre:10:g;Sel:1:tsp;Poivre:1:tsp,"
petit-déjeuner;omelette"
ham-cheese-omelette,he,חביתה עם חזיר וגבינה,"לטרוף את הביצים עם חלב, מלח ופלפל.|לחתוך את החזיר לקוביות קטנות.|לטגן את החזיר בחמאה 1-2 דקות.|לשפוך את תערובת הביצים ולפזר גבינה.|לבשל מכוסה 7-10 דקות.",520,34,6,38,1,15,ביצים:3:pcs;חזיר:70:g;גבינה קשה:50:g;חלב:2:tbsp;חמאה:10:g;מלח:1:tsp;פלפל:1:tsp,ארוחת בוקר;חביתה
ham-cheese-omelette,hi,हैम और पनीर ऑमलेट,"अंडों को दूध, नमक और काली मिर्च के साथ फेंटें।|हैम को छोटे टुकड़ों में काटें।|हैम को मक्खन में 1-2 मिनट तलें।|अंडे का मिश्रण डालें, पनीर छिड़कें।|ढककर 7-10 मिनट पकाएं।",520,34,6,38,1,15,अंडे:3:pcs;हैम:70:g;हार्ड चीज़:50:g;दूध:2:tbsp;मक्खन:10:g;नमक:1:tsp;काली मिर्च:1:tsp,नाश्ता;ऑमलेट
ham-cheese-omelette,id,Omelet Ham dan Keju,"Kocok telur dengan susu, garam dan merica.|Potong ham menjadi dadu kecil.|Goreng ham dalam mentega selama 1-2 menit.|Tuang campuran telur, taburi keju.|Masak tertutup selama 7-10 menit.",520,34,6,38,1,15,Telur:3:pcs;Ham:70:g;Keju keras:50:g;Susu:2:tbsp;Mentega:10:g;Garam:1:tsp;Merica:1:tsp,sarapan;omelet
ham-cheese-omelette,it,Omelette con prosciutto e formaggio,"Sbattere le uova con latte, sale e pepe.|Tagliare il prosciutto a cubetti.|Rosolare il prosciutto nel burro per 1-2 minuti.|Versare il composto di uova, cospargere di formaggio.|Cuocere coperto per 7-10 minuti.",520,34,6,38,1,15,Uova:3:pcs;Prosciutto:70:g;Formaggio a pasta dura:50:g;Latte:2:tbsp;Burro:10:g;Sale:1:tsp;Pepe:1:tsp,colazione;omelette
ham-cheese-omelette,ja,ハムとチーズのオムレツ,卵を牛乳、塩、こしょうで溶きほぐす。|ハムを小さな角切りにする。|バターでハムを1〜2分炒める。|卵液を流し入れ、チーズをふりかける。|蓋をして7〜10分焼く。,520,34,6,38,1,15,卵:3:pcs;ハム:70:g;ハードチーズ:50:g;牛乳:2:tbsp;バター:10:g;塩:1:tsp;こしょう:1:tsp,朝食;オムレツ
ham-cheese-omelette,ko,햄 치즈 오믈렛,"달걀을 우유, 소금, 후추와 함께 풀어주세요.|햄을 작은 큐브로 자르세요.|버터에 햄을 1-2분간 볶으세요.|달걀 혼합물을 붓고 치즈를 뿌리세요.|뚜껑을 덮고 7-10분간 익히세요.",520,34,6,38,1,15,달걀:3:pcs;햄:70:g;경질 치즈:50:g;우유:2:tbsp;버터:10:g;소금:1:tsp;후추:1:tsp,아침식사;오믈렛
ham-cheese-omelette,nl,Omelet met ham en kaas,"Klop de eieren met melk, zout en peper.|Snijd de ham in kleine blokjes.|Bak de ham in boter gedurende 1-2 minuten.|Giet het eimengsel erbij, bestrooi met kaas.|Bak afgedekt 7-10 minuten.",520,34,6,38,1,15,Eieren:3:pcs;Ham:70:g;Harde kaas:50:g;Melk:2:tbsp;Boter:10:g;Zout:1:tsp;Peper:1:tsp,ontbijt;omelet
ham-cheese-omelette,pl,Omlet z szynką i serem,"Roztrzepać jajka z mlekiem, solą i pieprzem.|Pokroić szynkę w drobną kostkę.|Podsmażyć szynkę na maśle przez 1-2 minuty.|Zalać mieszanką jajeczną, posypać serem.|Smażyć pod przykryciem 7-10 minut.",520,34,6,38,1,15,Jajka:3:pcs;Szynka:70:g;Ser żółty:50:g;Mleko:2:tbsp;Masło:10:g;Sól:1:tsp;Pieprz:1:tsp,śniadanie;omlet
ham-cheese-omelette,pt-BR,Omelete de presunto e queijo,"Bata os ovos com leite, sal e pimenta.|Corte o presunto em cubos pequenos.|Frite o presunto na manteiga por 1-2 minutos.|Despeje a mistura de ovos e polvilhe com queijo.|Cozinhe tampado por 7-10 minutos.",520,34,6,38,1,15,Ovos:3:pcs;Presunto:70:g;Queijo duro:50:g;Leite:2:tbsp;Manteiga:10:g;Sal:1:tsp;Pimenta:1:tsp,café da manhã;omelete
ham-cheese-omelette,ru,Омлет с ветчиной и сыром,"Взбейте яйца с молоком, солью и перцем.|Нарежьте ветчину мелкими кубиками.|Обжарьте ветчину на сливочном масле 1–2 минуты.|Залейте яичной смесью, посыпьте сыром.|Готовьте под крышкой 7–10 минут.",520,34,6,38,1,15,Яйца:3:pcs;Ветчина:70:g;Твёрдый сыр:50:g;Молоко:2:tbsp;Сливочное масло:10:g;Соль:1:tsp;Перец:1:tsp,завтрак;омлет
ham-cheese-omelette,th,ออมเล็ตแฮมและชีส,ตีไข่กับนม เกลือ และพริกไทย|หั่นแฮมเป็นลูกเต๋าเล็ก|ผัดแฮมในเนย 1-2 นาที|เทส่วนผสมไข่ โรยชีส|ปิดฝาปรุง 7-10 นาที,520,34,6,38,1,15,ไข่:3:pcs;แฮม:70:g;ชีสแข็ง:50:g;นม:2:tbsp;เนย:10:g;เกลือ:1:tsp;พริกไทย:1:tsp,อาหารเช้า;ออมเล็ต
ham-cheese-omelette,tr,Jambonlu ve Peynirli Omlet,"Yumurtaları süt, tuz ve biberle çırpın.|Jambonu küçük küpler halinde doğrayın.|Jambonu tereyağında 1-2 dakika kavurun.|Yumurta karışımını dökün, peynir serpin.|Kapaklı olarak 7-10 dakika pişirin.",520,34,6,38,1,15,Yumurta:3:pcs;Jambon:70:g;Kaşar peyniri:50:g;Süt:2:tbsp;Tereyağı:10:g;Tuz:1:tsp;Biber:1:tsp,kahvaltı;omlet
ham-cheese-omelette,uk,Омлет з шинкою та сиром,"Яйця збийте з молоком, сіллю та перцем.|Шинку наріжте дрібними кубиками.|Обсмажте шинку на вершковому маслі 1–2 хвилини.|Залийте яєчною сумішшю, посипте сиром.|Готуйте під кришкою 7–10 хвилин.",520,34,6,38,1,15,Яйця:3:pcs;Шинка:70:g;Твердий сир:50:g;Молоко:2:tbsp;Вершкове масло:10:g;Сіль:1:tsp;Перець:1:tsp,сніданок;омлет
ham-cheese-omelette,vi,Trứng ốp la với giăm bông và phô mai,"Đánh trứng với sữa, muối và tiêu.|Cắt giăm bông thành hạt lựu nhỏ.|Xào giăm bông với bơ 1-2 phút.|Đổ hỗn hợp trứng, rắc phô mai.|Đậy nắp nấu 7-10 phút.",520,34,6,38,1,15,Trứng:3:pcs;Giăm bông:70:g;Phô mai cứng:50:g;Sữa:2:tbsp;Bơ:10:g;Muối:1:tsp;Tiêu:1:tsp,bữa sáng;trứng ốp la
ham-cheese-omelette,zh-Hans,火腿芝士煎蛋卷,将鸡蛋与牛奶、盐和胡椒打散。|将火腿切成小丁。|用黄油煎火腿1-2分钟。|倒入蛋液，撒上芝士。|盖上锅盖煎7-10分钟。,520,34,6,38,1,15,鸡蛋:3:pcs;火腿:70:g;硬质奶酪:50:g;牛奶:2:tbsp;黄油:10:g;盐:1:tsp;胡椒:1:tsp,早餐;煎蛋卷
fried-eggs-sausages-mushrooms,ar,بيض مقلي مع نقانق وفطر,قطّعي الفطر إلى شرائح.|اقلي النقانق حتى تصبح ذهبية.|أضيفي الفطر واطهي حتى يلين.|اكسري البيض واطهي حتى النضج.,540,26,8,42,1,15,بيض:2:pcs;نقانق الإفطار:2:pcs;فطر:100:g;زيت زيتون:1:tsp;ملح:1:tsp,فطور;بيض مقلي
fried-eggs-sausages-mushrooms,de,Spiegeleier mit Würstchen und Champignons,Pilze in Scheiben schneiden.|Würstchen goldbraun braten.|Pilze hinzufügen und weich braten.|Eier aufschlagen und fertig garen.,540,26,8,42,1,15,Eier:2:pcs;Frühstückswürstchen:2:pcs;Champignons:100:g;Olivenöl:1:tsp;Salz:1:tsp,Frühstück;Spiegeleier
fried-eggs-sausages-mushrooms,en,Fried Eggs with Sausages and Mushrooms,"Slice mushrooms.|Fry sausages until golden.|Add mushrooms, cook until soft.|Crack eggs and cook until done.",540,26,8,42,1,15,Eggs:2:pcs;Breakfast sausages:2:pcs;Mushrooms:100:g;Olive oil:1:tsp;Salt:1:tsp,breakfast;fried eggs
fried-eggs-sausages-mushrooms,es,Huevos fritos con salchichas y champiñones,Cortar los champiñones en láminas.|Freír las salchichas hasta dorar.|Añadir los champiñones y cocinar hasta que estén tiernos.|Romper los huevos y cocinar hasta que estén listos.,540,26,8,42,1,15,Huevos:2:pcs;Salchichas de desayuno:2:pcs;Champiñones:100:g;Aceite de oliva:1:tsp;Sal:1:tsp,desayuno;huevos fritos
fried-eggs-sausages-mushrooms,fr,Œufs au plat avec saucisses et champignons,"Émincer les champignons.|Faire dorer les saucisses.|Ajouter les champignons, cuire jusqu'à tendreté.|Casser les œufs et cuire jusqu'à la cuisson souhaitée.",540,26,8,42,1,15,Œufs:2:pcs;Saucisses de petit-déjeuner:2:pcs;Champignons:100:g;Huile d'olive:1:tsp;Sel:1:tsp,"
petit-déjeuner;œufs au plat"
fried-eggs-sausages-mushrooms,he,ביצת עין עם נקניקיות ופטריות,לפרוס את הפטריות.|לטגן את הנקניקיות עד להזהבה.|להוסיף פטריות ולבשל עד שיתרככו.|לשבור ביצים ולבשל עד להכנה.,540,26,8,42,1,15,ביצים:2:pcs;נקניקיות בוקר:2:pcs;פטריות:100:g;שמן זית:1:tsp;מלח:1:tsp,ארוחת בוקר;ביצת עין
fried-eggs-sausages-mushrooms,hi,सॉसेज और मशरूम के साथ तली हुई अंडे,"मशरूम को स्लाइस करें।|सॉसेज को सुनहरा होने तक तलें।|मशरूम डालें, नरम होने तक पकाएं।|अंडे फोड़ें और पकने तक पकाएं।",540,26,8,42,1,15,अंडे:2:pcs;ब्रेकफास्ट सॉसेज:2:pcs;मशरूम:100:g;जैतून का तेल:1:tsp;नमक:1:tsp,नाश्ता;तले अंडे
fried-eggs-sausages-mushrooms,id,Telur Ceplok dengan Sosis dan Jamur,"Iris jamur tipis-tipis.|Goreng sosis hingga kecokelatan.|Tambahkan jamur, masak hingga lunak.|Pecahkan telur dan masak hingga matang.",540,26,8,42,1,15,Telur:2:pcs;Sosis sarapan:2:pcs;Jamur:100:g;Minyak zaitun:1:tsp;Garam:1:tsp,sarapan;telur ceplok
fried-eggs-sausages-mushrooms,it,Uova fritte con salsicce e funghi,Affettare i funghi.|Rosolare le salsicce fino a doratura.|Aggiungere i funghi e cuocere fino a che siano morbidi.|Rompere le uova e cuocere fino a cottura.,540,26,8,42,1,15,Uova:2:pcs;Salsicce da colazione:2:pcs;Funghi:100:g;Olio d'oliva:1:tsp;Sale:1:tsp,colazione;uova fritte
fried-eggs-sausages-mushrooms,ja,ソーセージときのこの目玉焼き,きのこをスライスする。|ソーセージをきつね色になるまで焼く。|きのこを加え、柔らかくなるまで炒める。|卵を割り入れ、好みの焼き加減にする。,540,26,8,42,1,15,卵:2:pcs;朝食用ソーセージ:2:pcs;マッシュルーム:100:g;オリーブオイル:1:tsp;塩:1:tsp,朝食;目玉焼き
fried-eggs-sausages-mushrooms,ko,소시지와 버섯 계란 후라이,버섯을 슬라이스하세요.|소시지를 노릇하게 구우세요.|버섯을 넣고 부드러워질 때까지 볶으세요.|달걀을 깨넣고 익을 때까지 조리하세요.,540,26,8,42,1,15,달걀:2:pcs;아침용 소시지:2:pcs;버섯:100:g;올리브유:1:tsp;소금:1:tsp,아침식사;계란 후라이
fried-eggs-sausages-mushrooms,nl,Gebakken eieren met worstjes en champignons,Snijd de champignons in plakjes.|Bak de worstjes goudbruin.|Voeg de champignons toe en bak tot ze zacht zijn.|Breek de eieren erin en bak tot ze gaar zijn.,540,26,8,42,1,15,Eieren:2:pcs;Ontbijtworstjes:2:pcs;Champignons:100:g;Olijfolie:1:tsp;Zout:1:tsp,ontbijt;gebakken eieren
fried-eggs-sausages-mushrooms,pl,Jajka sadzone z kiełbaskami i pieczarkami,Pokroić pieczarki w plastry.|Obsmażyć kiełbaski do złotego koloru.|Dodać pieczarki i smażyć do miękkości.|Wbić jajka i smażyć do gotowości.,540,26,8,42,1,15,Jajka:2:pcs;Kiełbaski śniadaniowe:2:pcs;Pieczarki:100:g;Oliwa z oliwek:1:tsp;Sól:1:tsp,śniadanie;jajka sadzone
fried-eggs-sausages-mushrooms,pt-BR,Ovos fritos com salsichas e cogumelos,Fatie os cogumelos.|Frite as salsichas até dourar.|Adicione os cogumelos e cozinhe até ficarem macios.|Quebre os ovos e cozinhe até ficarem prontos.,540,26,8,42,1,15,Ovos:2:pcs;Salsichas de café da manhã:2:pcs;Cogumelos:100:g;Azeite de oliva:1:tsp;Sal:1:tsp,café da manhã;ovos fritos
fried-eggs-sausages-mushrooms,ru,Яичница с сосисками и шампиньонами,"Грибы нарежьте пластинками.|Сосиски обжарьте до румяности.|Добавьте грибы, обжаривайте до мягкости.|Вбейте яйца и доведите до готовности.",540,26,8,42,1,15,Яйца:2:pcs;Сосиски для завтрака:2:pcs;Шампиньоны:100:g;Оливковое масло:1:tsp;Соль:1:tsp,завтрак;яичница
fried-eggs-sausages-mushrooms,th,ไข่ดาวกับไส้กรอกและเห็ด,หั่นเห็ดเป็นแผ่น|ทอดไส้กรอกจนเหลืองกรอบ|ใส่เห็ดผัดจนนิ่ม|ตอกไข่ทอดจนสุก,540,26,8,42,1,15,ไข่:2:pcs;ไส้กรอกอาหารเช้า:2:pcs;เห็ด:100:g;น้ำมันมะกอก:1:tsp;เกลือ:1:tsp,อาหารเช้า;ไข่ดาว
fried-eggs-sausages-mushrooms,tr,Sosisli ve Mantarlı Sahanda Yumurta,"Mantarları dilimleyin.|Sosisleri altın rengi olana kadar kızartın.|Mantarları ekleyin, yumuşayana kadar pişirin.|Yumurtaları kırın ve pişene kadar bekleyin.",540,26,8,42,1,15,Yumurta:2:pcs;Kahvaltı sosisi:2:pcs;Mantar:100:g;Zeytinyağı:1:tsp;Tuz:1:tsp,kahvaltı;sahanda yumurta
fried-eggs-sausages-mushrooms,uk,Яєчня з ковбасками та печерицями,"Гриби наріжте пластинками.|Ковбаски обсмажте до рум'яності.|Додайте гриби, обсмажуйте до м'якості.|Вбийте яйця та доведіть до готовності.",540,26,8,42,1,15,Яйця:2:pcs;Сніданкові ковбаски:2:pcs;Печериці:100:g;Оливкова олія:1:tsp;Сіль:1:tsp,сніданок;яєчня
fried-eggs-sausages-mushrooms,vi,Trứng chiên với xúc xích và nấm,"Cắt nấm thành lát mỏng.|Chiên xúc xích đến vàng giòn.|Thêm nấm, xào đến mềm.|Đập trứng vào và chiên chín.",540,26,8,42,1,15,Trứng:2:pcs;Xúc xích ăn sáng:2:pcs;Nấm:100:g;Dầu ô liu:1:tsp;Muối:1:tsp,bữa sáng;trứng chiên
fried-eggs-sausages-mushrooms,zh-Hans,煎蛋配香肠和蘑菇,将蘑菇切片。|将香肠煎至金黄。|加入蘑菇炒至变软。|打入鸡蛋煎至熟透。,540,26,8,42,1,15,鸡蛋:2:pcs;早餐香肠:2:pcs;蘑菇:100:g;橄榄油:1:tsp;盐:1:tsp,早餐;煎蛋
pan-fried-potato-egg,ar,بطاطا مقلية مع بيض وأعشاب,قطّعي البطاطا إلى شرائح دائرية.|اقليها بالزبدة حتى تصبح ذهبية ومقرمشة.|اكسري البيض وأضيفي الملح.|اطهي حتى النضج المطلوب وزيّني بالأعشاب.,480,18,40,30,1,20,بطاطا مسلوقة:200:g;بيض:2:pcs;زبدة:15:g;أعشاب طازجة:10:g;ملح:1:tsp,فطور;بطاطا
pan-fried-potato-egg,de,Bratkartoffeln mit Ei und Kräutern,"Kartoffeln in Scheiben schneiden.|In Butter goldbraun braten.|Eier aufschlagen und salzen.|Bis zur gewünschten Garstufe braten, mit Kräutern bestreuen.",480,18,40,30,1,20,Gekochte Kartoffeln:200:g;Eier:2:pcs;Butter:15:g;Frische Kräuter:10:g;Salz:1:tsp,Frühstück;Bratkartoffeln
pan-fried-potato-egg,en,Pan-Fried Potato with Egg and Herbs,"Slice potatoes into rounds.|Fry in butter until golden crust.|Crack eggs, add salt.|Cook to desired doneness, top with herbs.",480,18,40,30,1,20,Boiled potato:200:g;Eggs:2:pcs;Butter:15:g;Fresh herbs:10:g;Salt:1:tsp,breakfast;pan-fried
pan-fried-potato-egg,es,Papas fritas con huevo y hierbas,"Cortar las papas en rodajas.|Freír en mantequilla hasta formar costra dorada.|Romper los huevos, añadir sal.|Cocinar al punto deseado y cubrir con hierbas.",480,18,40,30,1,20,Papa cocida:200:g;Huevos:2:pcs;Mantequilla:15:g;Hierbas frescas:10:g;Sal:1:tsp,desayuno;papas fritas
pan-fried-potato-egg,fr,Pommes de terre sautées avec œuf et herbes,"Couper les pommes de terre en rondelles.|Faire revenir dans le beurre jusqu'à obtenir une croûte dorée.|Casser les œufs, saler.|Cuire à la cuisson souhaitée, garnir d'herbes.",480,18,40,30,1,20,Pommes de terre cuites:200:g;Œufs:2:pcs;Beurre:15:g;Herbes fraîches:10:g;Sel:1:tsp,"
petit-déjeuner;pommes sautées"
pan-fried-potato-egg,he,תפוחי אדמה מטוגנים עם ביצה ועשבי תיבול,לחתוך את תפוחי האדמה לפרוסות עגולות.|לטגן בחמאה עד לקרום זהוב.|לשבור ביצים ולהוסיף מלח.|לבשל לדרגת הבישול הרצויה ולפזר עשבי תיבול.,480,18,40,30,1,20,תפוחי אדמה מבושלים:200:g;ביצים:2:pcs;חמאה:15:g;עשבי תיבול טריים:10:g;מלח:1:tsp,ארוחת בוקר;תפוחי אדמה מטוגנים
pan-fried-potato-egg,hi,अंडे और जड़ी-बूटियों के साथ तले आलू,"आलू को गोल स्लाइस में काटें।|मक्खन में सुनहरा होने तक तलें।|अंडे फोड़ें, नमक डालें।|मनचाहे पकने तक पकाएं और जड़ी-बूटियाँ डालें।",480,18,40,30,1,20,उबले आलू:200:g;अंडे:2:pcs;मक्खन:15:g;ताजी जड़ी-बूटियाँ:10:g;नमक:1:tsp,नाश्ता;तले आलू
pan-fried-potato-egg,id,Kentang Goreng dengan Telur dan Herba,"Iris kentang menjadi bulatan.|Goreng dalam mentega hingga kecokelatan.|Pecahkan telur, tambahkan garam.|Masak sesuai kematangan yang diinginkan, taburi herba.",480,18,40,30,1,20,Kentang rebus:200:g;Telur:2:pcs;Mentega:15:g;Herba segar:10:g;Garam:1:tsp,sarapan;kentang goreng
pan-fried-potato-egg,it,Patate in padella con uovo e erbe aromatiche,"Tagliare le patate a rondelle.|Friggere nel burro fino a ottenere una crosta dorata.|Rompere le uova, salare.|Cuocere al grado desiderato, guarnire con erbe.",480,18,40,30,1,20,Patate lesse:200:g;Uova:2:pcs;Burro:15:g;Erbe fresche:10:g;Sale:1:tsp,colazione;patate in padella
pan-fried-potato-egg,ja,じゃがいもと卵のバター焼き ハーブ添え,じゃがいもを輪切りにする。|バターできつね色になるまで焼く。|卵を割り入れ、塩を加える。|好みの焼き加減まで調理し、ハーブをのせる。,480,18,40,30,1,20,茹でたじゃがいも:200:g;卵:2:pcs;バター:15:g;フレッシュハーブ:10:g;塩:1:tsp,朝食;じゃがいも焼き
pan-fried-potato-egg,ko,감자 계란 허브 팬 구이,감자를 동그랗게 슬라이스하세요.|버터에 노릇하게 구우세요.|달걀을 깨넣고 소금을 뿌리세요.|원하는 익힘 정도로 조리하고 허브를 올리세요.,480,18,40,30,1,20,삶은 감자:200:g;달걀:2:pcs;버터:15:g;신선한 허브:10:g;소금:1:tsp,아침식사;감자 구이
pan-fried-potato-egg,nl,Gebakken aardappelen met ei en kruiden,"Snijd de aardappelen in plakjes.|Bak in boter tot een goudbruin korstje.|Breek de eieren erin, voeg zout toe.|Bak tot de gewenste gaarheid, bestrooi met kruiden.",480,18,40,30,1,20,Gekookte aardappelen:200:g;Eieren:2:pcs;Boter:15:g;Verse kruiden:10:g;Zout:1:tsp,ontbijt;gebakken aardappelen
pan-fried-potato-egg,pl,Smażone ziemniaki z jajkiem i ziołami,"Pokroić ziemniaki w plastry.|Smażyć na maśle do złotej skórki.|Wbić jajka, posolić.|Smażyć do pożądanej gotowości, posypać ziołami.",480,18,40,30,1,20,Gotowane ziemniaki:200:g;Jajka:2:pcs;Masło:15:g;Świeże zioła:10:g;Sól:1:tsp,śniadanie;smażone ziemniaki
pan-fried-potato-egg,pt-BR,Batata frita com ovo e ervas,"Corte as batatas em rodelas.|Frite na manteiga até ficarem douradas e crocantes.|Quebre os ovos, adicione sal.|Cozinhe no ponto desejado e cubra com ervas.",480,18,40,30,1,20,Batata cozida:200:g;Ovos:2:pcs;Manteiga:15:g;Ervas frescas:10:g;Sal:1:tsp,café da manhã;batata frita
pan-fried-potato-egg,ru,Жареная картошка с яйцом и зеленью,"Картофель нарежьте кружочками.|Обжарьте на сливочном масле до золотистой корочки.|Вбейте яйца, посолите.|Готовьте до желаемой готовности, посыпьте зеленью.",480,18,40,30,1,20,Отварной картофель:200:g;Яйца:2:pcs;Сливочное масло:15:g;Зелень:10:g;Соль:1:tsp,завтрак;жареная картошка
pan-fried-potato-egg,th,มันฝรั่งทอดกับไข่และสมุนไพร,หั่นมันฝรั่งเป็นแว่น|ทอดในเนยจนเหลืองกรอบ|ตอกไข่ใส่ เติมเกลือ|ทอดจนสุกตามต้องการ โรยสมุนไพร,480,18,40,30,1,20,มันฝรั่งต้ม:200:g;ไข่:2:pcs;เนย:15:g;สมุนไพรสด:10:g;เกลือ:1:tsp,อาหารเช้า;มันฝรั่งทอด
pan-fried-potato-egg,tr,Yumurtalı ve Otlu Kızartma Patates,"Patatesleri yuvarlak dilimler halinde kesin.|Tereyağında altın rengi olana kadar kızartın.|Yumurtaları kırın, tuz ekleyin.|İstenilen kıvama kadar pişirin, otlarla süsleyin.",480,18,40,30,1,20,Haşlanmış patates:200:g;Yumurta:2:pcs;Tereyağı:15:g;Taze otlar:10:g;Tuz:1:tsp,kahvaltı;kızartma patates
pan-fried-potato-egg,uk,"Картопля, обсмажена з яйцем і зеленню","Картоплю наріжте кружальцями.|Обсмажте на вершковому маслі до золотистої скоринки.|Вбийте яйця, посоліть.|Готуйте до бажаної готовності, посипте зеленню.",480,18,40,30,1,20,Відварна картопля:200:g;Яйця:2:pcs;Вершкове масло:15:g;Зелень:10:g;Сіль:1:tsp,сніданок;смажена картопля
pan-fried-potato-egg,vi,Khoai tây chiên với trứng và rau thơm,"Cắt khoai tây thành lát tròn.|Chiên trong bơ đến vàng giòn.|Đập trứng vào, thêm muối.|Chiên đến độ chín mong muốn, rắc rau thơm.",480,18,40,30,1,20,Khoai tây luộc:200:g;Trứng:2:pcs;Bơ:15:g;Rau thơm tươi:10:g;Muối:1:tsp,bữa sáng;khoai tây chiên
pan-fried-potato-egg,zh-Hans,煎土豆配鸡蛋和香草,将土豆切成圆片。|用黄油煎至金黄酥脆。|打入鸡蛋，加盐。|煎至理想熟度，撒上香草。,480,18,40,30,1,20,煮熟土豆:200:g;鸡蛋:2:pcs;黄油:15:g;新鲜香草:10:g;盐:1:tsp,早餐;煎土豆
salmon-cream-cheese-toast,ar,توست بجبنة كريمية وسلمون وخيار,حمّصي الخبز حتى يصبح مقرمشاً.|ادهني الجبنة الكريمية.|ضعي شرائح السلمون والخيار.|رشّي عصير الليمون.,390,22,28,24,1,10,خبز أسمر:1:pcs;جبنة كريمية:40:g;سلمون مملح خفيف:50:g;خيار:30:g;عصير ليمون:1:tsp,فطور;توست
salmon-cream-cheese-toast,de,"Toast mit Frischkäse, Lachs und Gurke",Brot knusprig toasten.|Frischkäse aufstreichen.|Lachs und Gurke darauflegen.|Mit Zitronensaft beträufeln.,390,22,28,24,1,10,Vollkornbrot:1:pcs;Frischkäse:40:g;Leicht gesalzener Lachs:50:g;Gurke:30:g;Zitronensaft:1:tsp,Frühstück;Toast
salmon-cream-cheese-toast,en,"Toast with Cream Cheese, Salmon and Cucumber",Toast bread until crispy.|Spread cream cheese.|Add salmon and cucumber.|Drizzle with lemon juice.,390,22,28,24,1,10,Whole grain bread:1:pcs;Cream cheese:40:g;Lightly salted salmon:50:g;Cucumber:30:g;Lemon juice:1:tsp,breakfast;toast
salmon-cream-cheese-toast,es,"Tostada con queso crema, salmón y pepino",Tostar el pan hasta que quede crujiente.|Untar el queso crema.|Colocar el salmón y el pepino.|Rociar con jugo de limón.,390,22,28,24,1,10,Pan integral:1:pcs;Queso crema:40:g;Salmón ligeramente salado:50:g;Pepino:30:g;Jugo de limón:1:tsp,desayuno;tostada
salmon-cream-cheese-toast,fr,"Toast au fromage frais, saumon et concombre",Faire griller le pain jusqu'à ce qu'il soit croustillant.|Tartiner le fromage frais.|Disposer le saumon et le concombre.|Arroser de jus de citron.,390,22,28,24,1,10,Pain complet:1:pcs;Fromage frais:40:g;Saumon légèrement salé:50:g;Concombre:30:g;Jus de citron:1:tsp,"
petit-déjeuner;toast"
salmon-cream-cheese-toast,he,"טוסט עם גבינת שמנת, סלמון ומלפפון",לקלות את הלחם עד שיהיה פריך.|למרוח גבינת שמנת.|להניח סלמון ומלפפון.|לזלף מיץ לימון.,390,22,28,24,1,10,לחם מלא:1:pcs;גבינת שמנת:40:g;סלמון מלוח קלות:50:g;מלפפון:30:g;מיץ לימון:1:tsp,ארוחת בוקר;טוסט
salmon-cream-cheese-toast,hi,"क्रीम चीज़, सैल्मन और खीरे का टोस्ट",ब्रेड को कुरकुरा होने तक टोस्ट करें।|क्रीम चीज़ लगाएं।|सैल्मन और खीरा रखें।|नींबू का रस छिड़कें।,390,22,28,24,1,10,साबुत अनाज की ब्रेड:1:pcs;क्रीम चीज़:40:g;हल्का नमकीन सैल्मन:50:g;खीरा:30:g;नींबू का रस:1:tsp,नाश्ता;टोस्ट
salmon-cream-cheese-toast,id,"Roti Panggang dengan Krim Keju, Salmon dan Mentimun",Panggang roti hingga renyah.|Oleskan krim keju.|Tambahkan salmon dan mentimun.|Siram dengan jus lemon.,390,22,28,24,1,10,Roti gandum:1:pcs;Krim keju:40:g;Salmon asin ringan:50:g;Mentimun:30:g;Jus lemon:1:tsp,sarapan;roti panggang
salmon-cream-cheese-toast,it,"Toast con formaggio spalmabile, salmone e cetriolo",Tostare il pane fino a renderlo croccante.|Spalmare il formaggio spalmabile.|Adagiare il salmone e il cetriolo.|Condire con succo di limone.,390,22,28,24,1,10,Pane integrale:1:pcs;Formaggio spalmabile:40:g;Salmone leggermente salato:50:g;Cetriolo:30:g;Succo di limone:1:tsp,colazione;toast
salmon-cream-cheese-toast,ja,クリームチーズとサーモンときゅうりのトースト,パンをカリカリにトーストする。|クリームチーズを塗る。|サーモンときゅうりをのせる。|レモン汁をかける。,390,22,28,24,1,10,全粒粉パン:1:pcs;クリームチーズ:40:g;軽塩サーモン:50:g;きゅうり:30:g;レモン汁:1:tsp,朝食;トースト
salmon-cream-cheese-toast,ko,크림치즈 연어 오이 토스트,빵을 바삭하게 토스트하세요.|크림치즈를 바르세요.|연어와 오이를 올리세요.|레몬즙을 뿌리세요.,390,22,28,24,1,10,통곡물 빵:1:pcs;크림치즈:40:g;연어:50:g;오이:30:g;레몬즙:1:tsp,아침식사;토스트
salmon-cream-cheese-toast,nl,"Toast met roomkaas, zalm en komkommer",Brood knapperig roosteren.|Roomkaas erop smeren.|Zalm en komkommer erop leggen.|Besprenkelen met citroensap.,390,22,28,24,1,10,Volkorenbrood:1:pcs;Roomkaas:40:g;Licht gezouten zalm:50:g;Komkommer:30:g;Citroensap:1:tsp,ontbijt;toast
salmon-cream-cheese-toast,pl,"Tost z serkiem kremowym, łososiem i ogórkiem",Opiec chleb na chrupiąco.|Posmarować serkiem kremowym.|Ułożyć łososia i ogórek.|Skropić sokiem z cytryny.,390,22,28,24,1,10,Chleb pełnoziarnisty:1:pcs;Serek kremowy:40:g;Łosoś lekko solony:50:g;Ogórek:30:g;Sok z cytryny:1:tsp,śniadanie;tost
salmon-cream-cheese-toast,pt-BR,"Torrada com cream cheese, salmão e pepino",Torre o pão até ficar crocante.|Espalhe o cream cheese.|Coloque o salmão e o pepino.|Regue com suco de limão.,390,22,28,24,1,10,Pão integral:1:pcs;Cream cheese:40:g;Salmão levemente salgado:50:g;Pepino:30:g;Suco de limão:1:tsp,café da manhã;torrada
salmon-cream-cheese-toast,ru,"Тост с крем-сыром, лососем и огурцом",Хлеб подсушите до хрустящей корочки.|Намажьте крем-сыр.|Выложите лосось и огурец.|Сбрызните лимонным соком.,390,22,28,24,1,10,Цельнозерновой хлеб:1:pcs;Крем-сыр:40:g;Слабосолёный лосось:50:g;Огурец:30:g;Лимонный сок:1:tsp,завтрак;тост
salmon-cream-cheese-toast,th,ขนมปังปิ้งครีมชีสแซลมอนและแตงกวา,ปิ้งขนมปังจนกรอบ|ทาครีมชีส|วางแซลมอนและแตงกวา|บีบน้ำมะนาว,390,22,28,24,1,10,ขนมปังโฮลวีต:1:pcs;ครีมชีส:40:g;แซลมอนเค็มอ่อน:50:g;แตงกวา:30:g;น้ำมะนาว:1:tsp,อาหารเช้า;ขนมปังปิ้ง
salmon-cream-cheese-toast,tr,"Krem Peynirli, Somonlu ve Salatalıklı Tost",Ekmeği çıtır olana kadar kızartın.|Krem peynir sürün.|Somon ve salatalık yerleştirin.|Limon suyu gezirin.,390,22,28,24,1,10,Tam buğday ekmeği:1:pcs;Krem peynir:40:g;Hafif tuzlanmış somon:50:g;Salatalık:30:g;Limon suyu:1:tsp,kahvaltı;tost
salmon-cream-cheese-toast,uk,"Тост з крем-сиром, лососем і огірком",Хліб підсушіть до хрумкої скоринки.|Намажте крем-сир.|Викладіть лосось і огірок.|Збризніть лимонним соком.,390,22,28,24,1,10,Хліб цільнозерновий:1:pcs;Крем-сир:40:g;Лосось слабосолений:50:g;Огірок:30:g;Лимонний сік:1:tsp,сніданок;тост
salmon-cream-cheese-toast,vi,"Bánh mì nướng với phô mai kem, cá hồi và dưa chuột",Nướng bánh mì cho giòn.|Phết phô mai kem.|Đặt cá hồi và dưa chuột lên.|Rưới nước chanh.,390,22,28,24,1,10,Bánh mì nguyên cám:1:pcs;Phô mai kem:40:g;Cá hồi muối nhẹ:50:g;Dưa chuột:30:g;Nước chanh:1:tsp,bữa sáng;bánh mì nướng
salmon-cream-cheese-toast,zh-Hans,奶油芝士三文鱼黄瓜吐司,将面包烤至酥脆。|涂抹奶油芝士。|放上三文鱼和黄瓜。|淋上柠檬汁。,390,22,28,24,1,10,全麦面包:1:pcs;奶油芝士:40:g;轻腌三文鱼:50:g;黄瓜:30:g;柠檬汁:1:tsp,早餐;吐司
buckwheat-poached-egg-butter,ar,حنطة سوداء دافئة مع بيض مسلوق وزبدة,سخّني الحنطة السوداء وأضيفي الزبدة.|اطهي البيض بطريقة البوشيه (2.5-3 دقائق).|ضعي البيض فوق الحنطة السوداء وأضيفي الملح.,370,15,38,18,1,15,حنطة سوداء مطبوخة:150:g;بيض:1:pcs;زبدة:10:g;ملح:1:tsp,فطور;حنطة سوداء
buckwheat-poached-egg-butter,de,Warmer Buchweizen mit pochiertem Ei und Butter,"Buchweizen aufwärmen und Butter hinzufügen.|Ei pochieren (2,5–3 Minuten).|Ei auf den Buchweizen legen und salzen.",370,15,38,18,1,15,Gekochter Buchweizen:150:g;Ei:1:pcs;Butter:10:g;Salz:1:tsp,Frühstück;Buchweizen
buckwheat-poached-egg-butter,en,Warm Buckwheat with Poached Egg and Butter,"Reheat buckwheat and add butter.|Poach the egg (2.5-3 minutes).|Place egg on top of buckwheat, add salt.",370,15,38,18,1,15,Cooked buckwheat:150:g;Egg:1:pcs;Butter:10:g;Salt:1:tsp,breakfast;buckwheat
buckwheat-poached-egg-butter,es,Trigo sarraceno tibio con huevo pochado y mantequilla,"Recalentar el trigo sarraceno y añadir mantequilla.|Cocinar el huevo pochado (2,5-3 minutos).|Colocar el huevo sobre el trigo sarraceno y añadir sal.",370,15,38,18,1,15,Trigo sarraceno cocido:150:g;Huevo:1:pcs;Mantequilla:10:g;Sal:1:tsp,desayuno;trigo sarraceno
buckwheat-poached-egg-butter,fr,Sarrasin chaud avec œuf poché et beurre,"Réchauffer le sarrasin et ajouter le beurre.|Pocher l'œuf (2,5-3 minutes).|Déposer l'œuf sur le sarrasin et saler.",370,15,38,18,1,15,Sarrasin cuit:150:g;Œuf:1:pcs;Beurre:10:g;Sel:1:tsp,"
petit-déjeuner;sarrasin"
buckwheat-poached-egg-butter,he,כוסמת חמה עם ביצה עלומה וחמאה,לחמם את הכוסמת ולהוסיף חמאה.|לבשל ביצה עלומה (2.5-3 דקות).|להניח את הביצה על הכוסמת ולהוסיף מלח.,370,15,38,18,1,15,כוסמת מבושלת:150:g;ביצה:1:pcs;חמאה:10:g;מלח:1:tsp,ארוחת בוקר;כוסמת
buckwheat-poached-egg-butter,hi,मक्खन और पोच्ड अंडे के साथ गरम कुट्टू,कुट्टू को गर्म करें और मक्खन डालें।|अंडे को पोच करें (2.5-3 मिनट)।|अंडे को कुट्टू पर रखें और नमक डालें।,370,15,38,18,1,15,पका हुआ कुट्टू:150:g;अंडा:1:pcs;मक्खन:10:g;नमक:1:tsp,नाश्ता;कुट्टू
buckwheat-poached-egg-butter,id,Soba Hangat dengan Telur Rebus Setengah Matang dan Mentega,"Panaskan soba dan tambahkan mentega.|Rebus telur setengah matang (2,5-3 menit).|Letakkan telur di atas soba dan tambahkan garam.",370,15,38,18,1,15,Soba matang:150:g;Telur:1:pcs;Mentega:10:g;Garam:1:tsp,sarapan;soba
buckwheat-poached-egg-butter,it,Grano saraceno caldo con uovo in camicia e burro,"Riscaldare il grano saraceno e aggiungere il burro.|Preparare l'uovo in camicia (2,5-3 minuti).|Adagiare l'uovo sul grano saraceno e salare.",370,15,38,18,1,15,Grano saraceno cotto:150:g;Uovo:1:pcs;Burro:10:g;Sale:1:tsp,colazione;grano saraceno
buckwheat-poached-egg-butter,ja,ポーチドエッグとバターのそば実,そば実を温めてバターを加える。|卵をポーチドエッグにする（2.5〜3分）。|そば実の上に卵をのせ、塩を加える。,370,15,38,18,1,15,茹でたそば実:150:g;卵:1:pcs;バター:10:g;塩:1:tsp,朝食;そば実
buckwheat-poached-egg-butter,ko,포치드에그와 버터를 곁들인 따뜻한 메밀,메밀을 데우고 버터를 넣으세요.|달걀을 수란으로 만드세요 (2.5-3분).|메밀 위에 달걀을 올리고 소금을 뿌리세요.,370,15,38,18,1,15,삶은 메밀:150:g;달걀:1:pcs;버터:10:g;소금:1:tsp,아침식사;메밀
buckwheat-poached-egg-butter,nl,Warme boekweit met gepocheerd ei en boter,"Boekweit opwarmen en boter toevoegen.|Ei pocheren (2,5-3 minuten).|Ei op de boekweit leggen en zouten.",370,15,38,18,1,15,Gekookte boekweit:150:g;Ei:1:pcs;Boter:10:g;Zout:1:tsp,ontbijt;boekweit
buckwheat-poached-egg-butter,pl,Ciepła kasza gryczana z jajkiem w koszulce i masłem,"Podgrzać kaszę gryczaną i dodać masło.|Ugotować jajko w koszulce (2,5-3 minuty).|Ułożyć jajko na kaszy i posolić.",370,15,38,18,1,15,Ugotowana kasza gryczana:150:g;Jajko:1:pcs;Masło:10:g;Sól:1:tsp,śniadanie;kasza gryczana
buckwheat-poached-egg-butter,pt-BR,Trigo sarraceno quente com ovo pochê e manteiga,"Aqueça o trigo sarraceno e adicione manteiga.|Cozinhe o ovo pochê (2,5-3 minutos).|Coloque o ovo sobre o trigo sarraceno e adicione sal.",370,15,38,18,1,15,Trigo sarraceno cozido:150:g;Ovo:1:pcs;Manteiga:10:g;Sal:1:tsp,café da manhã;trigo sarraceno
buckwheat-poached-egg-butter,ru,Тёплая гречка с яйцом пашот и маслом,"Гречку подогрейте и добавьте сливочное масло.|Яйцо приготовьте пашот (2,5–3 минуты).|Выложите яйцо поверх гречки, посолите.",370,15,38,18,1,15,Отварная гречка:150:g;Яйцо:1:pcs;Сливочное масло:10:g;Соль:1:tsp,завтрак;гречка
buckwheat-poached-egg-butter,th,บัควีทอุ่นกับไข่ดาวน้ำและเนย,อุ่นบัควีทและเติมเนย|ต้มไข่แบบดาวน้ำ (2.5-3 นาที)|วางไข่บนบัควีท เติมเกลือ,370,15,38,18,1,15,บัควีทสุก:150:g;ไข่:1:pcs;เนย:10:g;เกลือ:1:tsp,อาหารเช้า;บัควีท
buckwheat-poached-egg-butter,tr,Poşe Yumurtalı ve Tereyağlı Sıcak Karabuğday,"Karabuğdayı ısıtın ve tereyağı ekleyin.|Yumurtayı poşe yapın (2,5-3 dakika).|Yumurtayı karabuğdayın üzerine koyun ve tuzlayın.",370,15,38,18,1,15,Pişmiş karabuğday:150:g;Yumurta:1:pcs;Tereyağı:10:g;Tuz:1:tsp,kahvaltı;karabuğday
buckwheat-poached-egg-butter,uk,Тепла гречка з яйцем пашот і маслом,"Гречку підігрійте та додайте вершкове масло.|Яйце приготуйте пашот (2,5–3 хвилини).|Викладіть яйце зверху гречки, посоліть.",370,15,38,18,1,15,Гречка відварена:150:g;Яйце:1:pcs;Вершкове масло:10:g;Сіль:1:tsp,сніданок;гречка
buckwheat-poached-egg-butter,vi,Kiều mạch ấm với trứng chần và bơ,"Hâm nóng kiều mạch và thêm bơ.|Chần trứng (2,5-3 phút).|Đặt trứng lên kiều mạch, thêm muối.",370,15,38,18,1,15,Kiều mạch chín:150:g;Trứng:1:pcs;Bơ:10:g;Muối:1:tsp,bữa sáng;kiều mạch
buckwheat-poached-egg-butter,zh-Hans,荞麦配水波蛋和黄油,将荞麦加热并加入黄油。|制作水波蛋（2.5-3分钟）。|将鸡蛋放在荞麦上，加盐。,370,15,38,18,1,15,煮熟荞麦:150:g;鸡蛋:1:pcs;黄油:10:g;盐:1:tsp,早餐;荞麦
shakshuka,ar,شكشوكة بالطماطم والبيض,قطّعي البصل ناعماً وحمّريه بزيت الزيتون حتى يلين.|أضيفي الثوم المفروم والتوابل وسخّني لمدة 30 ثانية.|اسكبي الطماطم واتركيها تنضج 8-10 دقائق حتى تتكثف.|اصنعي تجاويف واكسري البيض.|اطهي مغطى حتى ينضج بياض البيض.,360,18,22,22,1,20,بيض:2:pcs;طماطم معلبة:200:g;بصل:0.5:pcs;ثوم:1:pcs;زيت زيتون:1:tbsp;بابريكا:1:tsp;كمون:1:tsp;ملح:1:tsp,فطور;شكشوكة
shakshuka,de,Shakshuka mit Tomaten und Eiern,"Zwiebel fein würfeln und in Olivenöl weich dünsten.|Gehackten Knoblauch und Gewürze hinzufügen, 30 Sekunden erhitzen.|Tomaten einrühren, 8–10 Minuten einkochen lassen.|Mulden formen und Eier hineinschlagen.|Zugedeckt garen, bis das Eiweiß gestockt ist.",360,18,22,22,1,20,Eier:2:pcs;Dosentomaten:200:g;Zwiebel:0.5:pcs;Knoblauch:1:pcs;Olivenöl:1:tbsp;Paprika:1:tsp;Kreuzkümmel:1:tsp;Salz:1:tsp,Frühstück;Shakshuka
shakshuka,en,Shakshuka with Tomatoes and Eggs,"Finely dice onion and sauté in olive oil until soft.|Add minced garlic and spices, heat for 30 seconds.|Pour in tomatoes, simmer 8-10 minutes until thickened.|Make wells and crack eggs.|Cook covered until egg whites are set.",360,18,22,22,1,20,Eggs:2:pcs;Canned tomatoes:200:g;Onion:0.5:pcs;Garlic:1:pcs;Olive oil:1:tbsp;Paprika:1:tsp;Cumin:1:tsp;Salt:1:tsp,breakfast;shakshuka
shakshuka,es,Shakshuka con tomates y huevos,"Picar finamente la cebolla y sofreír en aceite de oliva hasta que esté suave.|Añadir ajo picado y especias, calentar 30 segundos.|Verter los tomates, cocinar a fuego lento 8-10 minutos hasta espesar.|Hacer huecos y romper los huevos.|Cocinar tapado hasta que las claras cuajen.",360,18,22,22,1,20,Huevos:2:pcs;Tomates en lata:200:g;Cebolla:0.5:pcs;Ajo:1:pcs;Aceite de oliva:1:tbsp;Pimentón:1:tsp;Comino:1:tsp;Sal:1:tsp,desayuno;shakshuka
shakshuka,fr,Shakshuka aux tomates et œufs,"Émincer finement l'oignon et le faire revenir dans l'huile d'olive.|Ajouter l'ail haché et les épices, chauffer 30 secondes.|Verser les tomates, mijoter 8-10 minutes jusqu'à épaississement.|Creuser des puits et casser les œufs.|Cuire à couvert jusqu'à ce que les blancs soient pris.",360,18,22,22,1,20,Œufs:2:pcs;Tomates en conserve:200:g;Oignon:0.5:pcs;Ail:1:pcs;Huile d'olive:1:tbsp;Paprika:1:tsp;Cumin:1:tsp;Sel:1:tsp,"
petit-déjeuner;shakshuka"
shakshuka,he,שקשוקה עם עגבניות וביצים,"לקצוץ את הבצל דק ולשדרג בשמן זית עד שיתרכך.|להוסיף שום כתוש ותבלינים, לחמם 30 שניות.|לשפוך את העגבניות ולבשל 8-10 דקות עד שיתעבה.|לעשות גומות ולשבור ביצים.|לבשל מכוסה עד שחלבון הביצה יקרוש.",360,18,22,22,1,20,ביצים:2:pcs;עגבניות משומרות:200:g;בצל:0.5:pcs;שום:1:pcs;שמן זית:1:tbsp;פפריקה:1:tsp;כמון:1:tsp;מלח:1:tsp,ארוחת בוקר;שקשוקה
shakshuka,hi,टमाटर और अंडों की शक्शूका,"प्याज़ को बारीक काटें और जैतून के तेल में नरम होने तक भूनें।|कटा हुआ लहसुन और मसाले डालें, 30 सेकंड गर्म करें।|टमाटर डालें, 8-10 मिनट तक गाढ़ा होने तक पकाएं।|गड्ढे बनाएं और अंडे फोड़ें।|ढककर पकाएं जब तक सफेदी जम न जाए।",360,18,22,22,1,20,अंडे:2:pcs;डिब्बाबंद टमाटर:200:g;प्याज़:0.5:pcs;लहसुन:1:pcs;जैतून का तेल:1:tbsp;पैपरिका:1:tsp;जीरा:1:tsp;नमक:1:tsp,नाश्ता;शक्शूका
shakshuka,id,Shakshuka dengan Tomat dan Telur,"Cincang halus bawang bombay dan tumis dalam minyak zaitun hingga lunak.|Tambahkan bawang putih cincang dan rempah, panaskan 30 detik.|Tuang tomat, masak 8-10 menit hingga mengental.|Buat cekungan dan pecahkan telur.|Masak tertutup hingga putih telur matang.",360,18,22,22,1,20,Telur:2:pcs;Tomat kalengan:200:g;Bawang bombay:0.5:pcs;Bawang putih:1:pcs;Minyak zaitun:1:tbsp;Paprika:1:tsp;Jintan:1:tsp;Garam:1:tsp,sarapan;shakshuka
shakshuka,it,Shakshuka con pomodori e uova,"Tritare finemente la cipolla e soffriggere in olio d'oliva.|Aggiungere aglio tritato e spezie, scaldare 30 secondi.|Versare i pomodori, cuocere 8-10 minuti fino ad addensamento.|Creare dei buchi e rompere le uova.|Cuocere coperto fino a quando gli albumi sono rappresi.",360,18,22,22,1,20,Uova:2:pcs;Pomodori in scatola:200:g;Cipolla:0.5:pcs;Aglio:1:pcs;Olio d'oliva:1:tbsp;Paprika:1:tsp;Cumino:1:tsp;Sale:1:tsp,colazione;shakshuka
shakshuka,ja,シャクシュカ トマトと卵,玉ねぎをみじん切りにし、オリーブオイルで柔らかくなるまで炒める。|にんにくのみじん切りとスパイスを加え、30秒加熱する。|トマトを注ぎ、8〜10分煮詰める。|くぼみを作り、卵を割り入れる。|蓋をして白身が固まるまで調理する。,360,18,22,22,1,20,卵:2:pcs;トマト缶:200:g;玉ねぎ:0.5:pcs;にんにく:1:pcs;オリーブオイル:1:tbsp;パプリカ:1:tsp;クミン:1:tsp;塩:1:tsp,朝食;シャクシュカ
shakshuka,ko,토마토와 달걀의 샥슈카,양파를 잘게 다져 올리브유에 부드러워질 때까지 볶으세요.|다진 마늘과 향신료를 넣고 30초간 가열하세요.|토마토를 붓고 8-10분간 걸쭉해질 때까지 끓이세요.|홈을 만들고 달걀을 깨넣으세요.|뚜껑을 덮고 흰자가 익을 때까지 조리하세요.,360,18,22,22,1,20,달걀:2:pcs;토마토 통조림:200:g;양파:0.5:pcs;마늘:1:pcs;올리브유:1:tbsp;파프리카:1:tsp;쿠민:1:tsp;소금:1:tsp,아침식사;샥슈카
shakshuka,nl,Shakshuka met tomaten en eieren,"Ui fijnsnijden en in olijfolie zacht fruiten.|Gehakte knoflook en kruiden toevoegen, 30 seconden verhitten.|Tomaten erbij gieten, 8-10 minuten laten indikken.|Kuiltjes maken en eieren erin breken.|Afgedekt garen tot het eiwit gestold is.",360,18,22,22,1,20,Eieren:2:pcs;Tomaten uit blik:200:g;Ui:0.5:pcs;Knoflook:1:pcs;Olijfolie:1:tbsp;Paprikapoeder:1:tsp;Komijn:1:tsp;Zout:1:tsp,ontbijt;shakshuka
shakshuka,pl,Szakszuka z pomidorami i jajkami,"Drobno pokroić cebulę i zeszklić na oliwie z oliwek.|Dodać posiekany czosnek i przyprawy, podgrzać 30 sekund.|Wlać pomidory, dusić 8-10 minut do zgęstnienia.|Zrobić zagłębienia i wbić jajka.|Gotować pod przykryciem aż białka się zetną.",360,18,22,22,1,20,Jajka:2:pcs;Pomidory z puszki:200:g;Cebula:0.5:pcs;Czosnek:1:pcs;Oliwa z oliwek:1:tbsp;Papryka:1:tsp;Kumin:1:tsp;Sól:1:tsp,śniadanie;szakszuka
shakshuka,pt-BR,Shakshuka com tomates e ovos,"Pique a cebola finamente e refogue no azeite até ficar macia.|Adicione alho picado e especiarias, aqueça por 30 segundos.|Despeje os tomates, cozinhe por 8-10 minutos até engrossar.|Faça cavidades e quebre os ovos.|Cozinhe tampado até as claras ficarem firmes.",360,18,22,22,1,20,Ovos:2:pcs;Tomates em lata:200:g;Cebola:0.5:pcs;Alho:1:pcs;Azeite de oliva:1:tbsp;Páprica:1:tsp;Cominho:1:tsp;Sal:1:tsp,café da manhã;shakshuka
shakshuka,ru,Шакшука с томатами и яйцами,"Лук мелко нарежьте и обжарьте на оливковом масле до мягкости.|Добавьте измельчённый чеснок и специи, прогрейте 30 секунд.|Влейте томаты, тушите 8–10 минут до загустения.|Сделайте углубления и вбейте яйца.|Готовьте под крышкой до желаемой готовности белка.",360,18,22,22,1,20,Яйца:2:pcs;Томаты в собственном соку:200:g;Лук:0.5:pcs;Чеснок:1:pcs;Оливковое масло:1:tbsp;Паприка:1:tsp;Кумин:1:tsp;Соль:1:tsp,завтрак;шакшука
shakshuka,th,ชัคชูกาไข่ในซอสมะเขือเทศ,หั่นหัวหอมละเอียดและผัดในน้ำมันมะกอกจนนิ่ม|ใส่กระเทียมสับและเครื่องเทศ ผัด 30 วินาที|เทมะเขือเทศ เคี่ยว 8-10 นาทีจนข้น|ทำหลุมแล้วตอกไข่|ปิดฝาปรุงจนไข่ขาวสุก,360,18,22,22,1,20,ไข่:2:pcs;มะเขือเทศกระป๋อง:200:g;หัวหอม:0.5:pcs;กระเทียม:1:pcs;น้ำมันมะกอก:1:tbsp;ปาปริก้า:1:tsp;ยี่หร่า:1:tsp;เกลือ:1:tsp,อาหารเช้า;ชัคชูกา
shakshuka,tr,Domatesli ve Yumurtalı Şakşuka,"Soğanı ince doğrayın ve zeytinyağında yumuşayana kadar kavurun.|Kıyılmış sarımsak ve baharatları ekleyin, 30 saniye ısıtın.|Domatesleri ekleyin, 8-10 dakika koyulaşana kadar pişirin.|Çukurlar açın ve yumurtaları kırın.|Kapaklı olarak beyazları donana kadar pişirin.",360,18,22,22,1,20,Yumurta:2:pcs;Konserve domates:200:g;Soğan:0.5:pcs;Sarımsak:1:pcs;Zeytinyağı:1:tbsp;Kırmızı biber:1:tsp;Kimyon:1:tsp;Tuz:1:tsp,kahvaltı;şakşuka
shakshuka,uk,Шакшука з томатами та яйцями,"Цибулю дрібно наріжте й обсмажте на оливковій олії до м'якості.|Додайте подрібнений часник і спеції, прогрійте 30 секунд.|Влийте томати, тушіть 8–10 хвилин до загустіння.|Зробіть заглиблення та вбийте яйця.|Готуйте під кришкою до бажаної готовності білка.",360,18,22,22,1,20,Яйця:2:pcs;Томати у власному соку:200:g;Цибуля:0.5:pcs;Часник:1:pcs;Оливкова олія:1:tbsp;Паприка:1:tsp;Кумин:1:tsp;Сіль:1:tsp,сніданок;шакшука
shakshuka,vi,Shakshuka trứng sốt cà chua,"Thái hành tây nhỏ và xào trong dầu ô liu đến mềm.|Thêm tỏi băm và gia vị, đun 30 giây.|Đổ cà chua vào, đun 8-10 phút đến khi sệt.|Tạo lỗ và đập trứng vào.|Đậy nắp nấu đến khi lòng trắng chín.",360,18,22,22,1,20,Trứng:2:pcs;Cà chua đóng hộp:200:g;Hành tây:0.5:pcs;Tỏi:1:pcs;Dầu ô liu:1:tbsp;Ớt bột:1:tsp;Thì là Ai Cập:1:tsp;Muối:1:tsp,bữa sáng;shakshuka
shakshuka,zh-Hans,番茄鸡蛋沙克舒卡,将洋葱切碎，用橄榄油炒至软化。|加入蒜末和香料，加热30秒。|倒入番茄，煮8-10分钟至浓稠。|挖出小窝，打入鸡蛋。|盖上锅盖煮至蛋白凝固。,360,18,22,22,1,20,鸡蛋:2:pcs;罐装番茄:200:g;洋葱:0.5:pcs;大蒜:1:pcs;橄榄油:1:tbsp;辣椒粉:1:tsp;孜然:1:tsp;盐:1:tsp,早餐;沙克舒卡
corn-toast-egg-avocado,ar,توست ذرة مع بيض وأفوكادو,اقلي أو اسلقي البيض.|اهرسي الأفوكادو بالشوكة مع قليل من الملح.|ادهني الأفوكادو على التوست وضعي البيض فوقه.,340,13,30,20,1,10,توست ذرة:2:pcs;بيض:1:pcs;أفوكادو:0.5:pcs;زيت زيتون:1:tsp;ملح:1:tsp,فطور;توست
corn-toast-egg-avocado,de,Maistoast mit Ei und Avocado,Ei braten oder kochen.|Avocado mit einer Gabel zerdrücken und leicht salzen.|Avocado auf die Toasts streichen und Ei darauflegen.,340,13,30,20,1,10,Maistoast:2:pcs;Ei:1:pcs;Avocado:0.5:pcs;Olivenöl:1:tsp;Salz:1:tsp,Frühstück;Toast
corn-toast-egg-avocado,en,Corn Toasts with Egg and Avocado,"Fry or boil the egg.|Mash avocado with a fork, lightly salt.|Spread avocado on toasts, top with egg.",340,13,30,20,1,10,Corn toasts:2:pcs;Egg:1:pcs;Avocado:0.5:pcs;Olive oil:1:tsp;Salt:1:tsp,breakfast;avocado toast
corn-toast-egg-avocado,es,Tostadas de maíz con huevo y aguacate,Freír o hervir el huevo.|Machacar el aguacate con un tenedor y salar ligeramente.|Untar el aguacate en las tostadas y poner el huevo encima.,340,13,30,20,1,10,Tostadas de maíz:2:pcs;Huevo:1:pcs;Aguacate:0.5:pcs;Aceite de oliva:1:tsp;Sal:1:tsp,desayuno;tostada de aguacate
corn-toast-egg-avocado,fr,Toasts de maïs avec œuf et avocat,Faire frire ou bouillir l'œuf.|Écraser l'avocat à la fourchette et saler légèrement.|Étaler l'avocat sur les toasts et déposer l'œuf.,340,13,30,20,1,10,Toasts de maïs:2:pcs;Œuf:1:pcs;Avocat:0.5:pcs;Huile d'olive:1:tsp;Sel:1:tsp,"
petit-déjeuner;toast à l'avocat"
corn-toast-egg-avocado,he,טוסטי תירס עם ביצה ואבוקדו,לטגן או לבשל את הביצה.|לרסק אבוקדו עם מזלג ולמלוח קלות.|למרוח אבוקדו על הטוסטים ולהניח ביצה מעל.,340,13,30,20,1,10,טוסטי תירס:2:pcs;ביצה:1:pcs;אבוקדו:0.5:pcs;שמן זית:1:tsp;מלח:1:tsp,ארוחת בוקר;טוסט אבוקדו
corn-toast-egg-avocado,hi,मक्के के टोस्ट अंडे और एवोकाडो के साथ,अंडे को तलें या उबालें।|एवोकाडो को कांटे से मैश करें और हल्का नमक डालें।|टोस्ट पर एवोकाडो फैलाएं और ऊपर अंडा रखें।,340,13,30,20,1,10,मक्के के टोस्ट:2:pcs;अंडा:1:pcs;एवोकाडो:0.5:pcs;जैतून का तेल:1:tsp;नमक:1:tsp,नाश्ता;एवोकाडो टोस्ट
corn-toast-egg-avocado,id,Roti Jagung dengan Telur dan Alpukat,"Goreng atau rebus telur.|Lumatkan alpukat dengan garpu, beri sedikit garam.|Oleskan alpukat pada roti, tambahkan telur di atasnya.",340,13,30,20,1,10,Roti jagung:2:pcs;Telur:1:pcs;Alpukat:0.5:pcs;Minyak zaitun:1:tsp;Garam:1:tsp,sarapan;roti alpukat
corn-toast-egg-avocado,it,Toast di mais con uovo e avocado,Friggere o lessare l'uovo.|Schiacciare l'avocado con una forchetta e salare leggermente.|Spalmare l'avocado sui toast e adagiare l'uovo sopra.,340,13,30,20,1,10,Toast di mais:2:pcs;Uovo:1:pcs;Avocado:0.5:pcs;Olio d'oliva:1:tsp;Sale:1:tsp,colazione;toast con avocado
corn-toast-egg-avocado,ja,コーントーストとアボカドエッグ,卵を焼くか茹でる。|アボカドをフォークで潰し、軽く塩を振る。|トーストにアボカドを塗り、卵をのせる。,340,13,30,20,1,10,コーントースト:2:pcs;卵:1:pcs;アボカド:0.5:pcs;オリーブオイル:1:tsp;塩:1:tsp,朝食;アボカドトースト
corn-toast-egg-avocado,ko,콘 토스트 아보카도 에그,달걀을 부치거나 삶으세요.|아보카도를 포크로 으깨고 소금을 약간 뿌리세요.|토스트에 아보카도를 펴 바르고 달걀을 올리세요.,340,13,30,20,1,10,콘 토스트:2:pcs;달걀:1:pcs;아보카도:0.5:pcs;올리브유:1:tsp;소금:1:tsp,아침식사;아보카도 토스트
corn-toast-egg-avocado,nl,Maïstoast met ei en avocado,Bak of kook het ei.|Prak de avocado met een vork en voeg een snufje zout toe.|Smeer de avocado op de toasts en leg het ei erop.,340,13,30,20,1,10,Maïstoast:2:pcs;Ei:1:pcs;Avocado:0.5:pcs;Olijfolie:1:tsp;Zout:1:tsp,ontbijt;avocadotoast
corn-toast-egg-avocado,pl,Tosty kukurydziane z jajkiem i awokado,Usmażyć lub ugotować jajko.|Rozgnieść awokado widelcem i lekko posolić.|Rozsmarować awokado na tostach i ułożyć jajko na wierzchu.,340,13,30,20,1,10,Tosty kukurydziane:2:pcs;Jajko:1:pcs;Awokado:0.5:pcs;Oliwa z oliwek:1:tsp;Sól:1:tsp,śniadanie;tost z awokado
corn-toast-egg-avocado,pt-BR,Torradas de milho com ovo e abacate,Frite ou cozinhe o ovo.|Amasse o abacate com um garfo e tempere com sal.|Espalhe o abacate nas torradas e coloque o ovo por cima.,340,13,30,20,1,10,Torradas de milho:2:pcs;Ovo:1:pcs;Abacate:0.5:pcs;Azeite de oliva:1:tsp;Sal:1:tsp,café da manhã;torrada de abacate
corn-toast-egg-avocado,ru,Кукурузные тосты с яйцом и авокадо,"Яйцо обжарьте или отварите.|Авокадо разомните вилкой, слегка посолите.|Выложите авокадо на тосты, сверху добавьте яйцо.",340,13,30,20,1,10,Кукурузные тосты:2:pcs;Яйцо:1:pcs;Авокадо:0.5:pcs;Оливковое масло:1:tsp;Соль:1:tsp,завтрак;тост с авокадо
corn-toast-egg-avocado,th,ขนมปังข้าวโพดกับไข่และอะโวคาโด,ทอดหรือต้มไข่|บดอะโวคาโดด้วยส้อม เติมเกลือเล็กน้อย|ทาอะโวคาโดบนขนมปัง วางไข่ด้านบน,340,13,30,20,1,10,ขนมปังข้าวโพด:2:pcs;ไข่:1:pcs;อะโวคาโด:0.5:pcs;น้ำมันมะกอก:1:tsp;เกลือ:1:tsp,อาหารเช้า;ขนมปังอะโวคาโด
corn-toast-egg-avocado,tr,Mısır Tostlar ile Yumurta ve Avokado,"Yumurtayı kızartın veya haşlayın.|Avokadoyu çatalla ezin ve hafifçe tuzlayın.|Avokadoyu tostlara sürün, üzerine yumurta koyun.",340,13,30,20,1,10,Mısır tost:2:pcs;Yumurta:1:pcs;Avokado:0.5:pcs;Zeytinyağı:1:tsp;Tuz:1:tsp,kahvaltı;avokado tost
corn-toast-egg-avocado,uk,Кукурудзяні тости з яйцем і авокадо,"Яйце обсмажте або відваріть.|Авокадо розімніть виделкою, злегка посоліть.|Викладіть авокадо на тости, зверху додайте яйце.",340,13,30,20,1,10,Кукурудзяні тости:2:pcs;Яйце:1:pcs;Авокадо:0.5:pcs;Оливкова олія:1:tsp;Сіль:1:tsp,сніданок;тост з авокадо
corn-toast-egg-avocado,vi,Bánh mì ngô với trứng và bơ trái,"Chiên hoặc luộc trứng.|Nghiền bơ trái bằng nĩa, thêm chút muối.|Phết bơ trái lên bánh mì, đặt trứng lên trên.",340,13,30,20,1,10,Bánh mì ngô:2:pcs;Trứng:1:pcs;Bơ trái:0.5:pcs;Dầu ô liu:1:tsp;Muối:1:tsp,bữa sáng;bánh mì bơ trái
corn-toast-egg-avocado,zh-Hans,玉米吐司配鸡蛋和牛油果,煎或煮鸡蛋。|用叉子将牛油果捣碎，稍加盐。|将牛油果涂在吐司上，放上鸡蛋。,340,13,30,20,1,10,玉米吐司:2:pcs;鸡蛋:1:pcs;牛油果:0.5:pcs;橄榄油:1:tsp;盐:1:tsp,早餐;牛油果吐司
warm-bowl-egg-veggies-cheese,ar,وعاء دافئ مع بيض وخضروات وجبن,قطّعي الكوسة وحمّريها بزيت الزيتون.|اقلي أو اسلقي البيض.|رتّبي الحبوب والخضروات والبيض والجبن في وعاء.|تبّلي بالملح وقدّمي دافئاً.,420,18,45,18,1,20,أرز مطبوخ:120:g;بيض:1:pcs;كوسة:0.5:pcs;جبنة فيتا:40:g;زيت زيتون:1:tsp;ملح:1:tsp,فطور;بوول
warm-bowl-egg-veggies-cheese,de,"Warme Bowl mit Ei, Gemüse und Käse","Zucchini würfeln und in Olivenöl anbraten.|Ei braten oder kochen.|Getreide, Gemüse, Ei und Käse in einer Schüssel anrichten.|Mit Salz würzen und warm servieren.",420,18,45,18,1,20,Gekochter Reis:120:g;Ei:1:pcs;Zucchini:0.5:pcs;Fetakäse:40:g;Olivenöl:1:tsp;Salz:1:tsp,Frühstück;Bowl
warm-bowl-egg-veggies-cheese,en,"Warm Bowl with Egg, Vegetables and Cheese","Dice zucchini and sauté in olive oil.|Fry or boil the egg.|Arrange grain, vegetables, egg and cheese in a bowl.|Season with salt and serve warm.",420,18,45,18,1,20,Cooked rice:120:g;Egg:1:pcs;Zucchini:0.5:pcs;Feta cheese:40:g;Olive oil:1:tsp;Salt:1:tsp,breakfast;bowl
warm-bowl-egg-veggies-cheese,es,"Bowl tibio con huevo, verduras y queso","Cortar el calabacín en dados y saltear en aceite de oliva.|Freír o hervir el huevo.|Disponer el grano, las verduras, el huevo y el queso en un bol.|Sazonar con sal y servir caliente.",420,18,45,18,1,20,Arroz cocido:120:g;Huevo:1:pcs;Calabacín:0.5:pcs;Queso feta:40:g;Aceite de oliva:1:tsp;Sal:1:tsp,desayuno;bowl
warm-bowl-egg-veggies-cheese,fr,"Bowl chaud avec œuf, légumes et fromage","Couper la courgette en dés et la faire sauter dans l'huile d'olive.|Faire frire ou bouillir l'œuf.|Disposer les céréales, les légumes, l'œuf et le fromage dans un bol.|Assaisonner de sel et servir chaud.",420,18,45,18,1,20,Riz cuit:120:g;Œuf:1:pcs;Courgette:0.5:pcs;Fromage feta:40:g;Huile d'olive:1:tsp;Sel:1:tsp,"
petit-déjeuner;bowl"
warm-bowl-egg-veggies-cheese,he,"קערה חמה עם ביצה, ירקות וגבינה","לחתוך את הקישוא לקוביות ולטגן בשמן זית.|לטגן או לבשל את הביצה.|לסדר את הדגן, הירקות, הביצה והגבינה בקערה.|לתבל במלח ולהגיש חם.",420,18,45,18,1,20,אורז מבושל:120:g;ביצה:1:pcs;קישוא:0.5:pcs;גבינת פטה:40:g;שמן זית:1:tsp;מלח:1:tsp,ארוחת בוקר;קערה
warm-bowl-egg-veggies-cheese,hi,"अंडे, सब्ज़ियों और पनीर के साथ गर्म बाउल","तोरी को काटें और जैतून के तेल में भूनें।|अंडे को तलें या उबालें।|कटोरे में अनाज, सब्ज़ियां, अंडा और पनीर सजाएं।|नमक डालें और गर्म परोसें।",420,18,45,18,1,20,पका चावल:120:g;अंडा:1:pcs;तोरी:0.5:pcs;फेटा चीज़:40:g;जैतून का तेल:1:tsp;नमक:1:tsp,नाश्ता;बाउल
warm-bowl-egg-veggies-cheese,id,"Mangkuk Hangat dengan Telur, Sayuran dan Keju","Potong dadu zukini dan tumis dalam minyak zaitun.|Goreng atau rebus telur.|Tata nasi, sayuran, telur dan keju dalam mangkuk.|Bumbui dengan garam dan sajikan hangat.",420,18,45,18,1,20,Nasi matang:120:g;Telur:1:pcs;Zukini:0.5:pcs;Keju feta:40:g;Minyak zaitun:1:tsp;Garam:1:tsp,sarapan;mangkuk
warm-bowl-egg-veggies-cheese,it,"Bowl caldo con uovo, verdure e formaggio","Tagliare le zucchine a dadini e saltarle in olio d'oliva.|Friggere o lessare l'uovo.|Disporre cereali, verdure, uovo e formaggio in una ciotola.|Condire con sale e servire caldo.",420,18,45,18,1,20,Riso cotto:120:g;Uovo:1:pcs;Zucchina:0.5:pcs;Formaggio feta:40:g;Olio d'oliva:1:tsp;Sale:1:tsp,colazione;bowl
warm-bowl-egg-veggies-cheese,ja,卵と野菜とチーズのウォームボウル,ズッキーニを角切りにし、オリーブオイルで炒める。|卵を焼くか茹でる。|ボウルに穀物、野菜、卵、チーズを盛り付ける。|塩で味を調え、温かいうちに提供する。,420,18,45,18,1,20,炊いたご飯:120:g;卵:1:pcs;ズッキーニ:0.5:pcs;フェタチーズ:40:g;オリーブオイル:1:tsp;塩:1:tsp,朝食;ボウル
warm-bowl-egg-veggies-cheese,ko,"달걀, 채소, 치즈 웜 볼","애호박을 깍둑썰기하여 올리브유에 볶으세요.|달걀을 부치거나 삶으세요.|그릇에 곡물, 채소, 달걀, 치즈를 담으세요.|소금으로 간하고 따뜻하게 드세요.",420,18,45,18,1,20,밥:120:g;달걀:1:pcs;애호박:0.5:pcs;페타 치즈:40:g;올리브유:1:tsp;소금:1:tsp,아침식사;볼
warm-bowl-egg-veggies-cheese,nl,"Warme bowl met ei, groenten en kaas","Snijd de courgette in blokjes en bak in olijfolie.|Bak of kook het ei.|Schik het graan, de groenten, het ei en de kaas in een kom.|Breng op smaak met zout en serveer warm.",420,18,45,18,1,20,Gekookte rijst:120:g;Ei:1:pcs;Courgette:0.5:pcs;Fetakaas:40:g;Olijfolie:1:tsp;Zout:1:tsp,ontbijt;bowl
warm-bowl-egg-veggies-cheese,pl,"Ciepły bowl z jajkiem, warzywami i serem","Pokroić cukinię w kostkę i podsmażyć na oliwie z oliwek.|Usmażyć lub ugotować jajko.|Ułożyć kaszę, warzywa, jajko i ser w misce.|Doprawić solą i podawać ciepło.",420,18,45,18,1,20,Ugotowany ryż:120:g;Jajko:1:pcs;Cukinia:0.5:pcs;Ser feta:40:g;Oliwa z oliwek:1:tsp;Sól:1:tsp,śniadanie;bowl
warm-bowl-egg-veggies-cheese,pt-BR,"Bowl quente com ovo, legumes e queijo","Corte a abobrinha em cubos e refogue no azeite.|Frite ou cozinhe o ovo.|Arrume o grão, os legumes, o ovo e o queijo em uma tigela.|Tempere com sal e sirva quente.",420,18,45,18,1,20,Arroz cozido:120:g;Ovo:1:pcs;Abobrinha:0.5:pcs;Queijo feta:40:g;Azeite de oliva:1:tsp;Sal:1:tsp,café da manhã;bowl
warm-bowl-egg-veggies-cheese,ru,"Тёплый боул с яйцом, овощами и сыром","Кабачок нарежьте кубиками и обжарьте на оливковом масле.|Яйцо обжарьте или отварите.|В миску выложите крупу, овощи, яйцо и сыр.|Посолите и подавайте тёплым.",420,18,45,18,1,20,Отварной рис:120:g;Яйцо:1:pcs;Кабачок:0.5:pcs;Сыр фета:40:g;Оливковое масло:1:tsp;Соль:1:tsp,завтрак;боул
warm-bowl-egg-veggies-cheese,th,โบวล์อุ่นกับไข่ ผักและชีส,หั่นซูกินีเป็นลูกเต๋าแล้วผัดในน้ำมันมะกอก|ทอดหรือต้มไข่|จัดข้าว ผัก ไข่ และชีสในชาม|ปรุงรสด้วยเกลือ เสิร์ฟอุ่น,420,18,45,18,1,20,ข้าวสุก:120:g;ไข่:1:pcs;ซูกินี:0.5:pcs;เฟต้าชีส:40:g;น้ำมันมะกอก:1:tsp;เกลือ:1:tsp,อาหารเช้า;โบวล์
warm-bowl-egg-veggies-cheese,tr,"Yumurta, Sebze ve Peynirli Sıcak Kase","Kabağı doğrayın ve zeytinyağında soteleyin.|Yumurtayı kızartın veya haşlayın.|Tahılı, sebzeleri, yumurtayı ve peyniri kaseye yerleştirin.|Tuz ile tatlandırın ve sıcak servis yapın.",420,18,45,18,1,20,Pişmiş pirinç:120:g;Yumurta:1:pcs;Kabak:0.5:pcs;Beyaz peynir:40:g;Zeytinyağı:1:tsp;Tuz:1:tsp,kahvaltı;kase
warm-bowl-egg-veggies-cheese,uk,"Теплий боул з яйцем, овочами та сиром","Кабачок наріжте та обсмажте на оливковій олії.|Яйце обсмажте або відваріть.|У миску викладіть крупу, овочі, яйце та сир.|Посоліть і подавайте теплим.",420,18,45,18,1,20,Відварений рис:120:g;Яйце:1:pcs;Кабачок:0.5:pcs;Сир фета:40:g;Оливкова олія:1:tsp;Сіль:1:tsp,сніданок;боул
warm-bowl-egg-veggies-cheese,vi,"Tô ấm với trứng, rau củ và phô mai","Cắt bí ngòi hạt lựu và xào trong dầu ô liu.|Chiên hoặc luộc trứng.|Sắp xếp cơm, rau, trứng và phô mai vào tô.|Nêm muối và dùng nóng.",420,18,45,18,1,20,Cơm chín:120:g;Trứng:1:pcs;Bí ngòi:0.5:pcs;Phô mai feta:40:g;Dầu ô liu:1:tsp;Muối:1:tsp,bữa sáng;tô ấm
warm-bowl-egg-veggies-cheese,zh-Hans,鸡蛋蔬菜芝士暖碗,将西葫芦切丁，用橄榄油煎炒。|煎或煮鸡蛋。|将谷物、蔬菜、鸡蛋和芝士摆入碗中。|加盐调味，趁热食用。,420,18,45,18,1,20,煮熟米饭:120:g;鸡蛋:1:pcs;西葫芦:0.5:pcs;菲达奶酪:40:g;橄榄油:1:tsp;盐:1:tsp,早餐;暖碗
egg-veggie-muffins,ar,مافن البيض بالخضروات,قطّعي الخضروات ناعماً.|اخفقي البيض مع الملح.|أضيفي الخضروات والجبن.|اسكبي في قوالب المافن.|اخبزي على 180 درجة مئوية لمدة 20-25 دقيقة.,380,22,10,24,1,30,بيض:2:pcs;فلفل حلو:0.5:pcs;سبانخ:30:g;جبن صلب:40:g;ملح:1:tsp,فطور;مافن
egg-veggie-muffins,de,Eier-Gemüse-Muffins,Gemüse fein würfeln.|Eier mit Salz verquirlen.|Gemüse und Käse hinzufügen.|In Muffinformen füllen.|Bei 180°C 20–25 Minuten backen.,380,22,10,24,1,30,Eier:2:pcs;Paprika:0.5:pcs;Spinat:30:g;Hartkäse:40:g;Salz:1:tsp,Frühstück;Muffins
egg-veggie-muffins,en,Egg and Vegetable Muffins,Finely dice vegetables.|Beat eggs with salt.|Add vegetables and cheese.|Pour into muffin molds.|Bake at 180°C for 20-25 minutes.,380,22,10,24,1,30,Eggs:2:pcs;Bell pepper:0.5:pcs;Spinach:30:g;Hard cheese:40:g;Salt:1:tsp,breakfast;muffins
egg-veggie-muffins,es,Muffins de huevo con verduras,Picar finamente las verduras.|Batir los huevos con sal.|Añadir verduras y queso.|Verter en moldes para muffins.|Hornear a 180°C durante 20-25 minutos.,380,22,10,24,1,30,Huevos:2:pcs;Pimiento morrón:0.5:pcs;Espinacas:30:g;Queso duro:40:g;Sal:1:tsp,desayuno;muffins
egg-veggie-muffins,fr,Muffins aux œufs et légumes,Couper finement les légumes.|Battre les œufs avec le sel.|Ajouter les légumes et le fromage.|Verser dans des moules à muffins.|Cuire au four à 180°C pendant 20-25 minutes.,380,22,10,24,1,30,Œufs:2:pcs;Poivron:0.5:pcs;Épinards:30:g;Fromage à pâte dure:40:g;Sel:1:tsp,"
petit-déjeuner;muffins"
egg-veggie-muffins,he,מאפינס ביצה עם ירקות,לקצוץ את הירקות דק.|לטרוף ביצים עם מלח.|להוסיף ירקות וגבינה.|לשפוך לתבניות מאפינס.|לאפות ב-180 מעלות 20-25 דקות.,380,22,10,24,1,30,ביצים:2:pcs;פלפל:0.5:pcs;תרד:30:g;גבינה קשה:40:g;מלח:1:tsp,ארוחת בוקר;מאפינס
egg-veggie-muffins,hi,अंडे और सब्ज़ी मफिन,सब्ज़ियों को बारीक काटें।|अंडों को नमक के साथ फेंटें।|सब्ज़ियां और पनीर डालें।|मफिन मोल्ड में डालें।|180°C पर 20-25 मिनट बेक करें।,380,22,10,24,1,30,अंडे:2:pcs;शिमला मिर्च:0.5:pcs;पालक:30:g;हार्ड चीज़:40:g;नमक:1:tsp,नाश्ता;मफिन
egg-veggie-muffins,id,Muffin Telur dan Sayuran,Cincang halus sayuran.|Kocok telur dengan garam.|Tambahkan sayuran dan keju.|Tuang ke cetakan muffin.|Panggang pada 180°C selama 20-25 menit.,380,22,10,24,1,30,Telur:2:pcs;Paprika:0.5:pcs;Bayam:30:g;Keju keras:40:g;Garam:1:tsp,sarapan;muffin
egg-veggie-muffins,it,Muffin di uova e verdure,Tagliare finemente le verdure.|Sbattere le uova con il sale.|Aggiungere verdure e formaggio.|Versare negli stampi per muffin.|Cuocere in forno a 180°C per 20-25 minuti.,380,22,10,24,1,30,Uova:2:pcs;Peperone:0.5:pcs;Spinaci:30:g;Formaggio a pasta dura:40:g;Sale:1:tsp,colazione;muffin
egg-veggie-muffins,ja,卵と野菜のマフィン,野菜をみじん切りにする。|卵を塩で溶きほぐす。|野菜とチーズを加える。|マフィン型に流し入れる。|180°Cで20〜25分焼く。,380,22,10,24,1,30,卵:2:pcs;パプリカ:0.5:pcs;ほうれん草:30:g;ハードチーズ:40:g;塩:1:tsp,朝食;マフィン
egg-veggie-muffins,ko,달걀 채소 머핀,채소를 잘게 다지세요.|달걀을 소금과 함께 풀어주세요.|채소와 치즈를 넣으세요.|머핀 틀에 부으세요.|180°C에서 20-25분간 구우세요.,380,22,10,24,1,30,달걀:2:pcs;파프리카:0.5:pcs;시금치:30:g;경질 치즈:40:g;소금:1:tsp,아침식사;머핀
egg-veggie-muffins,nl,Ei-groente muffins,Snijd de groenten fijn.|Klop de eieren met zout.|Voeg groenten en kaas toe.|Verdeel over muffinvormpjes.|Bak op 180°C gedurende 20-25 minuten.,380,22,10,24,1,30,Eieren:2:pcs;Paprika:0.5:pcs;Spinazie:30:g;Harde kaas:40:g;Zout:1:tsp,ontbijt;muffins
egg-veggie-muffins,pl,Muffinki jajeczne z warzywami,Drobno pokroić warzywa.|Roztrzepać jajka z solą.|Dodać warzywa i ser.|Rozlać do foremek na muffinki.|Piec w 180°C przez 20-25 minut.,380,22,10,24,1,30,Jajka:2:pcs;Papryka:0.5:pcs;Szpinak:30:g;Ser żółty:40:g;Sól:1:tsp,śniadanie;muffinki
egg-veggie-muffins,pt-BR,Muffins de ovo com legumes,Pique os legumes finamente.|Bata os ovos com sal.|Adicione os legumes e o queijo.|Despeje nas formas de muffin.|Asse a 180°C por 20-25 minutos.,380,22,10,24,1,30,Ovos:2:pcs;Pimentão:0.5:pcs;Espinafre:30:g;Queijo duro:40:g;Sal:1:tsp,café da manhã;muffins
egg-veggie-muffins,ru,Яичные маффины с овощами,Овощи мелко нарежьте.|Яйца взбейте с солью.|Добавьте овощи и сыр.|Разлейте в формочки для маффинов.|Запекайте при 180°C 20–25 минут.,380,22,10,24,1,30,Яйца:2:pcs;Болгарский перец:0.5:pcs;Шпинат:30:g;Твёрдый сыр:40:g;Соль:1:tsp,завтрак;маффины
egg-veggie-muffins,th,มัฟฟินไข่ผัก,หั่นผักเป็นชิ้นเล็ก|ตีไข่กับเกลือ|ใส่ผักและชีส|เทใส่พิมพ์มัฟฟิน|อบที่ 180°C 20-25 นาที,380,22,10,24,1,30,ไข่:2:pcs;พริกหวาน:0.5:pcs;ผักโขม:30:g;ชีสแข็ง:40:g;เกลือ:1:tsp,อาหารเช้า;มัฟฟิน
egg-veggie-muffins,tr,Sebzeli Yumurta Muffin,Sebzeleri ince doğrayın.|Yumurtaları tuz ile çırpın.|Sebze ve peyniri ekleyin.|Muffin kalıplarına dökün.|180°C'de 20-25 dakika pişirin.,380,22,10,24,1,30,Yumurta:2:pcs;Sivri biber:0.5:pcs;Ispanak:30:g;Kaşar peyniri:40:g;Tuz:1:tsp,kahvaltı;muffin
egg-veggie-muffins,uk,Яєчні мафіни з овочами,Овочі дрібно наріжте.|Яйця збийте з сіллю.|Додайте овочі та сир.|Розлийте у формочки.|Запікайте при 180°C 20–25 хвилин.,380,22,10,24,1,30,Яйця:2:pcs;Болгарський перець:0.5:pcs;Шпинат:30:g;Твердий сир:40:g;Сіль:1:tsp,сніданок;мафіни
egg-veggie-muffins,vi,Muffin trứng rau củ,Thái nhỏ rau củ.|Đánh trứng với muối.|Thêm rau và phô mai.|Đổ vào khuôn muffin.|Nướng ở 180°C trong 20-25 phút.,380,22,10,24,1,30,Trứng:2:pcs;Ớt chuông:0.5:pcs;Rau chân vịt:30:g;Phô mai cứng:40:g;Muối:1:tsp,bữa sáng;muffin
egg-veggie-muffins,zh-Hans,鸡蛋蔬菜玛芬,将蔬菜切碎。|鸡蛋加盐打散。|加入蔬菜和奶酪。|倒入玛芬模具。|180°C烤20-25分钟。,380,22,10,24,1,30,鸡蛋:2:pcs;甜椒:0.5:pcs;菠菜:30:g;硬质奶酪:40:g;盐:1:tsp,早餐;玛芬
savory-syrnyky,ar,فطائر الجبن المالحة مع الأعشاب,اهرسي الجبن حتى يصبح ناعماً.|أضيفي البيض والطحين والملح والأعشاب.|شكّلي الفطائر.|اقليها حتى تصبح ذهبية.|قدّميها مع القشدة الحامضة.,410,28,30,20,1,20,جبن قريش:200:g;بيض:1:pcs;طحين:1.5:tbsp;أعشاب طازجة:10:g;ملح:1:tsp;زيت:1:tbsp,فطور;فطائر جبن
savory-syrnyky,de,Herzhafte Quarkpfannkuchen mit Kräutern,"Quark glatt rühren.|Ei, Mehl, Salz und Kräuter hinzufügen.|Taler formen.|Goldbraun braten.|Mit Schmand servieren.",410,28,30,20,1,20,Quark:200:g;Ei:1:pcs;Mehl:1.5:tbsp;Frische Kräuter:10:g;Salz:1:tsp;Öl:1:tbsp,Frühstück;Quarkpfannkuchen
savory-syrnyky,en,Savory Cottage Cheese Pancakes with Herbs,"Mash cottage cheese until smooth.|Add egg, flour, salt and herbs.|Form patties.|Fry until golden crust.|Serve with sour cream.",410,28,30,20,1,20,Cottage cheese:200:g;Egg:1:pcs;Flour:1.5:tbsp;Fresh herbs:10:g;Salt:1:tsp;Oil:1:tbsp,breakfast;cottage cheese pancakes
savory-syrnyky,es,Panqueques de requesón salados con hierbas,"Amasar el requesón hasta que quede suave.|Añadir huevo, harina, sal y hierbas.|Formar tortitas.|Freír hasta obtener una costra dorada.|Servir con crema agria.",410,28,30,20,1,20,Requesón:200:g;Huevo:1:pcs;Harina:1.5:tbsp;Hierbas frescas:10:g;Sal:1:tsp;Aceite:1:tbsp,desayuno;panqueques de requesón
savory-syrnyky,fr,Galettes de fromage blanc salées aux herbes,"Écraser le fromage blanc jusqu'à obtenir une texture lisse.|Ajouter l'œuf, la farine, le sel et les herbes.|Former des galettes.|Faire dorer des deux côtés.|Servir avec de la crème fraîche.",410,28,30,20,1,20,Fromage blanc:200:g;Œuf:1:pcs;Farine:1.5:tbsp;Herbes fraîches:10:g;Sel:1:tsp;Huile:1:tbsp,"
petit-déjeuner;galettes de fromage"
savory-syrnyky,he,לביבות גבינה מלוחות עם עשבי תיבול,"לרסק את הגבינה עד לאחידות.|להוסיף ביצה, קמח, מלח ועשבי תיבול.|לעצב לביבות.|לטגן עד לקרום זהוב.|להגיש עם שמנת חמוצה.",410,28,30,20,1,20,גבינת קוטג':200:g;ביצה:1:pcs;קמח:1.5:tbsp;עשבי תיבול טריים:10:g;מלח:1:tsp;שמן:1:tbsp,ארוחת בוקר;לביבות גבינה
savory-syrnyky,hi,जड़ी-बूटियों वाले नमकीन पनीर पैनकेक,"पनीर को चिकना होने तक मैश करें।|अंडा, आटा, नमक और जड़ी-बूटियाँ डालें।|टिक्की बनाएं।|सुनहरा होने तक तलें।|खट्टी क्रीम के साथ परोसें।",410,28,30,20,1,20,पनीर:200:g;अंडा:1:pcs;आटा:1.5:tbsp;ताजी जड़ी-बूटियाँ:10:g;नमक:1:tsp;तेल:1:tbsp,नाश्ता;पनीर पैनकेक
savory-syrnyky,id,Pancake Keju Cottage Gurih dengan Herba,"Haluskan keju cottage hingga lembut.|Tambahkan telur, tepung, garam dan herba.|Bentuk bulatan pipih.|Goreng hingga kecokelatan.|Sajikan dengan krim asam.",410,28,30,20,1,20,Keju cottage:200:g;Telur:1:pcs;Tepung:1.5:tbsp;Herba segar:10:g;Garam:1:tsp;Minyak:1:tbsp,sarapan;pancake keju
savory-syrnyky,it,Frittelle di ricotta salate con erbe,"Schiacciare la ricotta fino a renderla liscia.|Aggiungere uovo, farina, sale e erbe.|Formare delle frittelle.|Friggere fino a doratura.|Servire con panna acida.",410,28,30,20,1,20,Ricotta:200:g;Uovo:1:pcs;Farina:1.5:tbsp;Erbe fresche:10:g;Sale:1:tsp;Olio:1:tbsp,colazione;frittelle di ricotta
savory-syrnyky,ja,ハーブ入り塩味カッテージチーズパンケーキ,カッテージチーズを滑らかになるまで潰す。|卵、小麦粉、塩、ハーブを加える。|小判型に成形する。|きつね色になるまで焼く。|サワークリームを添えて提供する。,410,28,30,20,1,20,カッテージチーズ:200:g;卵:1:pcs;小麦粉:1.5:tbsp;フレッシュハーブ:10:g;塩:1:tsp;油:1:tbsp,朝食;チーズパンケーキ
savory-syrnyky,ko,허브를 곁들인 짭짤한 코티지치즈 팬케이크,"코티지 치즈를 부드럽게 으깨세요.|달걀, 밀가루, 소금, 허브를 넣으세요.|동그란 모양으로 빚으세요.|노릇하게 구우세요.|사워크림과 함께 드세요.",410,28,30,20,1,20,코티지 치즈:200:g;달걀:1:pcs;밀가루:1.5:tbsp;신선한 허브:10:g;소금:1:tsp;식용유:1:tbsp,아침식사;치즈 팬케이크
savory-syrnyky,nl,Hartige kwarkpannenkoekjes met kruiden,"Kwark glad roeren.|Ei, bloem, zout en kruiden toevoegen.|Tot koekjes vormen.|Goudbruin bakken.|Serveren met zure room.",410,28,30,20,1,20,Kwark:200:g;Ei:1:pcs;Bloem:1.5:tbsp;Verse kruiden:10:g;Zout:1:tsp;Olie:1:tbsp,ontbijt;kwarkkoekjes
savory-syrnyky,pl,Słone serniczki z ziołami,"Przetrzeć twaróg do jednolitej masy.|Dodać jajko, mąkę, sól i zioła.|Uformować placuszki.|Smażyć do złotej skórki.|Podawać ze śmietaną.",410,28,30,20,1,20,Twaróg:200:g;Jajko:1:pcs;Mąka:1.5:tbsp;Świeże zioła:10:g;Sól:1:tsp;Olej:1:tbsp,śniadanie;serniczki
savory-syrnyky,pt-BR,Panquecas salgadas de queijo cottage com ervas,"Amasse o queijo cottage até ficar homogêneo.|Adicione ovo, farinha, sal e ervas.|Forme discos.|Frite até dourar.|Sirva com creme de leite azedo.",410,28,30,20,1,20,Queijo cottage:200:g;Ovo:1:pcs;Farinha:1.5:tbsp;Ervas frescas:10:g;Sal:1:tsp;Óleo:1:tbsp,café da manhã;panquecas de queijo
savory-syrnyky,ru,Солёные сырники с зеленью и сметаной,"Творог перетрите до однородности.|Добавьте яйцо, муку, соль и зелень.|Сформируйте сырники.|Обжарьте до золотистой корочки.|Подавайте со сметаной.",410,28,30,20,1,20,Творог:200:g;Яйцо:1:pcs;Мука:1.5:tbsp;Зелень:10:g;Соль:1:tsp;Масло:1:tbsp,завтрак;сырники
savory-syrnyky,th,แพนเค้กชีสเค็มกับสมุนไพร,บดชีสให้เนียน|ใส่ไข่ แป้ง เกลือ และสมุนไพร|ปั้นเป็นแผ่นกลม|ทอดจนเหลืองกรอบ|เสิร์ฟกับซาวร์ครีม,410,28,30,20,1,20,คอทเทจชีส:200:g;ไข่:1:pcs;แป้ง:1.5:tbsp;สมุนไพรสด:10:g;เกลือ:1:tsp;น้ำมัน:1:tbsp,อาหารเช้า;แพนเค้กชีส
savory-syrnyky,tr,Otlu Tuzlu Lor Peyniri Pankek,"Lor peynirini pürüzsüz olana kadar ezin.|Yumurta, un, tuz ve otları ekleyin.|Köfte şeklinde yapın.|Altın rengi olana kadar kızartın.|Ekşi krema ile servis yapın.",410,28,30,20,1,20,Lor peyniri:200:g;Yumurta:1:pcs;Un:1.5:tbsp;Taze otlar:10:g;Tuz:1:tsp;Yağ:1:tbsp,kahvaltı;lor pankek
savory-syrnyky,uk,Солоний сирник з зеленню та сметаною,"Сир перетріть до однорідності.|Додайте яйце, борошно, сіль та зелень.|Сформуйте сирники.|Обсмажте до золотистої скоринки.|Подавайте зі сметаною.",410,28,30,20,1,20,Сир кисломолочний:200:g;Яйце:1:pcs;Борошно:1.5:tbsp;Зелень:10:g;Сіль:1:tsp;Олія:1:tbsp,сніданок;сирники
savory-syrnyky,vi,Bánh phô mai mặn với rau thơm,"Nghiền phô mai cho mịn.|Thêm trứng, bột mì, muối và rau thơm.|Nặn thành bánh dẹt.|Chiên đến vàng giòn.|Dùng với kem chua.",410,28,30,20,1,20,Phô mai tươi:200:g;Trứng:1:pcs;Bột mì:1.5:tbsp;Rau thơm tươi:10:g;Muối:1:tsp;Dầu ăn:1:tbsp,bữa sáng;bánh phô mai
savory-syrnyky,zh-Hans,香草咸味农家芝士饼,将农家芝士捣成细腻状。|加入鸡蛋、面粉、盐和香草。|捏成饼状。|煎至两面金黄。|搭配酸奶油食用。,410,28,30,20,1,20,农家芝士:200:g;鸡蛋:1:pcs;面粉:1.5:tbsp;新鲜香草:10:g;盐:1:tsp;食用油:1:tbsp,早餐;芝士饼
vegetable-cheese-frittata,ar,فريتاتا بالخضار والجبن,قطّع الخضار إلى مكعبات صغيرة وقلّبها قليلاً.|اخفق البيض مع الملح والفلفل.|اخلط البيض مع الخضار وأضف الجبن.|اخبز على 180 درجة مئوية لمدة 15-20 دقيقة.,430,26,14,30,1,25,بيض:3:pcs;فلفل حلو:0.5:pcs;كوسا:0.5:pcs;جبن صلب:50:g;زيت زيتون:1:tsp;ملح:1:tsp;فلفل:1:tsp,فطور;فريتاتا;بيض;خضار
vegetable-cheese-frittata,de,Gemüse-Käse-Frittata,"Gemüse in kleine Würfel schneiden und leicht anbraten.|Eier mit Salz und Pfeffer verquirlen.|Eier mit Gemüse mischen, Käse hinzufügen.|Bei 180°C 15–20 Minuten backen.",430,26,14,30,1,25,Eier:3:pcs;Paprika:0.5:pcs;Zucchini:0.5:pcs;Hartkäse:50:g;Olivenöl:1:tsp;Salz:1:tsp;Pfeffer:1:tsp,Frühstück;Frittata;Eier;Gemüse
vegetable-cheese-frittata,en,Vegetable and Cheese Frittata,"Dice vegetables into small cubes and lightly sauté.|Beat eggs with salt and pepper.|Mix eggs with vegetables, add cheese.|Bake at 180°C for 15-20 minutes.",430,26,14,30,1,25,Eggs:3:pcs;Bell pepper:0.5:pcs;Zucchini:0.5:pcs;Hard cheese:50:g;Olive oil:1:tsp;Salt:1:tsp;Pepper:1:tsp,breakfast;frittata;eggs;vegetables
vegetable-cheese-frittata,es,Frittata de verduras y queso,"Corta las verduras en cubos pequeños y saltéalas ligeramente.|Bate los huevos con sal y pimienta.|Mezcla los huevos con las verduras, añade el queso.|Hornea a 180°C durante 15-20 minutos.",430,26,14,30,1,25,Huevos:3:pcs;Pimiento:0.5:pcs;Calabacín:0.5:pcs;Queso duro:50:g;Aceite de oliva:1:tsp;Sal:1:tsp;Pimienta:1:tsp,desayuno;frittata;huevos;verduras
vegetable-cheese-frittata,fr,Frittata aux légumes et fromage,"Coupez les légumes en petits dés et faites-les revenir légèrement.|Battez les œufs avec le sel et le poivre.|Mélangez les œufs avec les légumes, ajoutez le fromage.|Faites cuire au four à 180°C pendant 15-20 minutes.",430,26,14,30,1,25,Œufs:3:pcs;Poivron:0.5:pcs;Courgette:0.5:pcs;Fromage à pâte dure:50:g;Huile d'olive:1:tsp;Sel:1:tsp;Poivre:1:tsp,"
petit-déjeuner;frittata;œufs;légumes"
vegetable-cheese-frittata,he,פריטטה עם ירקות וגבינה,"חותכים את הירקות לקוביות קטנות ומטגנים קלות.|טורפים את הביצים עם מלח ופלפל.|מערבבים את הביצים עם הירקות, מוסיפים גבינה.|אופים ב-180 מעלות במשך 15-20 דקות.",430,26,14,30,1,25,ביצים:3:pcs;פלפל:0.5:pcs;קישוא:0.5:pcs;גבינה קשה:50:g;שמן זית:1:tsp;מלח:1:tsp;פלפל:1:tsp,ארוחת בוקר;פריטטה;ביצים;ירקות
vegetable-cheese-frittata,hi,सब्जी और पनीर फ्रिटाटा,"सब्जियों को छोटे टुकड़ों में काटें और हल्का भूनें।|अंडों को नमक और काली मिर्च के साथ फेंटें।|अंडों को सब्जियों के साथ मिलाएं, पनीर डालें।|180°C पर 15-20 मिनट बेक करें।",430,26,14,30,1,25,अंडे:3:pcs;शिमला मिर्च:0.5:pcs;तोरी:0.5:pcs;हार्ड चीज़:50:g;जैतून का तेल:1:tsp;नमक:1:tsp;काली मिर्च:1:tsp,नाश्ता;फ्रिटाटा;अंडे;सब्जियां
vegetable-cheese-frittata,id,Frittata Sayuran dan Keju,"Potong sayuran menjadi dadu kecil dan tumis sebentar.|Kocok telur dengan garam dan merica.|Campur telur dengan sayuran, tambahkan keju.|Panggang pada suhu 180°C selama 15-20 menit.",430,26,14,30,1,25,Telur:3:pcs;Paprika:0.5:pcs;Zukini:0.5:pcs;Keju keras:50:g;Minyak zaitun:1:tsp;Garam:1:tsp;Merica:1:tsp,sarapan;frittata;telur;sayuran
vegetable-cheese-frittata,it,Frittata con verdure e formaggio,"Tagliare le verdure a dadini e rosolarle leggermente.|Sbattere le uova con sale e pepe.|Mescolare le uova con le verdure, aggiungere il formaggio.|Cuocere in forno a 180°C per 15-20 minuti.",430,26,14,30,1,25,Uova:3:pcs;Peperone:0.5:pcs;Zucchina:0.5:pcs;Formaggio stagionato:50:g;Olio d'oliva:1:tsp;Sale:1:tsp;Pepe:1:tsp,colazione;frittata;uova;verdure
vegetable-cheese-frittata,ja,野菜とチーズのフリッタータ,野菜を小さな角切りにし、軽く炒める。|卵を塩とこしょうで溶きほぐす。|卵と野菜を混ぜ、チーズを加える。|180°Cで15〜20分焼く。,430,26,14,30,1,25,卵:3:pcs;パプリカ:0.5:pcs;ズッキーニ:0.5:pcs;ハードチーズ:50:g;オリーブオイル:1:tsp;塩:1:tsp;こしょう:1:tsp,朝食;フリッタータ;卵;野菜
vegetable-cheese-frittata,ko,채소 치즈 프리타타,"채소를 작은 큐브로 썰어 살짝 볶는다.|달걀을 소금, 후추와 함께 푼다.|달걀과 채소를 섞고 치즈를 넣는다.|180°C에서 15~20분 굽는다.",430,26,14,30,1,25,달걀:3:pcs;파프리카:0.5:pcs;주키니:0.5:pcs;경질 치즈:50:g;올리브유:1:tsp;소금:1:tsp;후추:1:tsp,아침식사;프리타타;달걀;채소
vegetable-cheese-frittata,nl,Groente-kaas frittata,"Snijd groenten in kleine blokjes en bak ze licht aan.|Klop de eieren met zout en peper.|Meng de eieren met de groenten, voeg kaas toe.|Bak in de oven op 180°C gedurende 15-20 minuten.",430,26,14,30,1,25,Eieren:3:pcs;Paprika:0.5:pcs;Courgette:0.5:pcs;Harde kaas:50:g;Olijfolie:1:tsp;Zout:1:tsp;Peper:1:tsp,ontbijt;frittata;eieren;groenten
vegetable-cheese-frittata,pl,Frittata z warzywami i serem,"Pokrój warzywa w drobną kostkę i lekko podsmaż.|Roztrzep jajka z solą i pieprzem.|Wymieszaj jajka z warzywami, dodaj ser.|Piecz w 180°C przez 15-20 minut.",430,26,14,30,1,25,Jajka:3:pcs;Papryka:0.5:pcs;Cukinia:0.5:pcs;Ser twardy:50:g;Oliwa z oliwek:1:tsp;Sól:1:tsp;Pieprz:1:tsp,śniadanie;frittata;jajka;warzywa
vegetable-cheese-frittata,pt-BR,Frittata de legumes e queijo,"Corte os legumes em cubinhos e refogue levemente.|Bata os ovos com sal e pimenta.|Misture os ovos com os legumes, adicione o queijo.|Asse a 180°C por 15-20 minutos.",430,26,14,30,1,25,Ovos:3:pcs;Pimentão:0.5:pcs;Abobrinha:0.5:pcs;Queijo duro:50:g;Azeite de oliva:1:tsp;Sal:1:tsp;Pimenta:1:tsp,café da manhã;frittata;ovos;legumes
vegetable-cheese-frittata,ru,Фриттата с овощами и сыром,"Нарежьте овощи мелкими кубиками и слегка обжарьте.|Взбейте яйца с солью и перцем.|Смешайте яйца с овощами, добавьте сыр.|Запекайте при 180°C 15–20 минут.",430,26,14,30,1,25,Яйца:3:pcs;Болгарский перец:0.5:pcs;Кабачок:0.5:pcs;Твёрдый сыр:50:g;Оливковое масло:1:tsp;Соль:1:tsp;Перец:1:tsp,завтрак;фриттата;яйца;овощи
vegetable-cheese-frittata,th,ฟริตตาตาผักและชีส,หั่นผักเป็นลูกเต๋าเล็กแล้วผัดเบาๆ|ตีไข่กับเกลือและพริกไทย|ผสมไข่กับผัก เติมชีส|อบที่ 180°C นาน 15-20 นาที,430,26,14,30,1,25,ไข่:3:pcs;พริกหวาน:0.5:pcs;ซูกินี:0.5:pcs;ชีสแข็ง:50:g;น้ำมันมะกอก:1:tsp;เกลือ:1:tsp;พริกไทย:1:tsp,อาหารเช้า;ฟริตตาตา;ไข่;ผัก
vegetable-cheese-frittata,tr,Sebzeli ve Peynirli Frittata,"Sebzeleri küçük küpler halinde doğrayın ve hafifçe soteleyin.|Yumurtaları tuz ve biberle çırpın.|Yumurtaları sebzelerle karıştırın, peynir ekleyin.|180°C'de 15-20 dakika pişirin.",430,26,14,30,1,25,Yumurta:3:pcs;Biber:0.5:pcs;Kabak:0.5:pcs;Sert peynir:50:g;Zeytinyağı:1:tsp;Tuz:1:tsp;Biber:1:tsp,kahvaltı;frittata;yumurta;sebze
vegetable-cheese-frittata,uk,Фрітата з овочами та сиром,"Овочі наріжте дрібними кубиками та злегка обсмажте.|Яйця збийте з сіллю та перцем.|Змішайте яйця з овочами, додайте сир.|Запікайте при 180°C 15–20 хвилин.",430,26,14,30,1,25,Яйця:3:pcs;Болгарський перець:0.5:pcs;Кабачок:0.5:pcs;Твердий сир:50:g;Оливкова олія:1:tsp;Сіль:1:tsp;Перець:1:tsp,сніданок;фрітата;яйця;овочі
vegetable-cheese-frittata,vi,Frittata rau củ và phô mai,"Cắt rau thành hạt lựu nhỏ và xào sơ.|Đánh trứng với muối và tiêu.|Trộn trứng với rau, thêm phô mai.|Nướng ở 180°C trong 15-20 phút.",430,26,14,30,1,25,Trứng:3:pcs;Ớt chuông:0.5:pcs;Bí ngòi:0.5:pcs;Phô mai cứng:50:g;Dầu ô liu:1:tsp;Muối:1:tsp;Tiêu:1:tsp,bữa sáng;frittata;trứng;rau củ
vegetable-cheese-frittata,zh-Hans,蔬菜奶酪烘蛋,将蔬菜切成小丁，略微翻炒。|将鸡蛋加盐和胡椒打散。|将鸡蛋与蔬菜混合，加入奶酪。|在180°C下烤15-20分钟。,430,26,14,30,1,25,鸡蛋:3:pcs;甜椒:0.5:pcs;西葫芦:0.5:pcs;硬质奶酪:50:g;橄榄油:1:tsp;盐:1:tsp;胡椒:1:tsp,早餐;烘蛋;鸡蛋;蔬菜
eggs-benedict,ar,بيض بينيديكت,حمّص الخبز وضع الشرائح فوقه.|حضّر البيض المسلوق (بوشيه).|ضع البيض فوق الخبز وأضف القليل من الزبدة المذابة.,460,24,28,30,1,20,بيض:2:pcs;خبز مستدير:1:pcs;لحم خنزير مقدد:60:g;زبدة:10:g;ملح:1:tsp,فطور;بيض بينيديكت;بيض
eggs-benedict,de,Eggs Benedict,Brot toasten und Schinken darauflegen.|Eier pochieren.|Eier obenauf legen und mit geschmolzener Butter beträufeln.,460,24,28,30,1,20,Eier:2:pcs;Brötchen:1:pcs;Schinken:60:g;Butter:10:g;Salz:1:tsp,Frühstück;Eggs Benedict;Eier
eggs-benedict,en,Eggs Benedict,"Toast bread, place ham on top.|Poach the eggs.|Place eggs on top, drizzle with melted butter.",460,24,28,30,1,20,Eggs:2:pcs;Bun:1:pcs;Ham:60:g;Butter:10:g;Salt:1:tsp,breakfast;eggs benedict;eggs
eggs-benedict,es,Huevos Benedictos,Tuesta el pan y coloca el jamón encima.|Prepara los huevos escalfados.|Coloca los huevos encima y rocía con mantequilla derretida.,460,24,28,30,1,20,Huevos:2:pcs;Panecillo:1:pcs;Jamón:60:g;Mantequilla:10:g;Sal:1:tsp,desayuno;huevos benedictos;huevos
eggs-benedict,fr,Œufs Bénédicte,Faites griller le pain et placez le jambon dessus.|Pochez les œufs.|Placez les œufs par-dessus et arrosez de beurre fondu.,460,24,28,30,1,20,Œufs:2:pcs;Petit pain:1:pcs;Jambon:60:g;Beurre:10:g;Sel:1:tsp,"
petit-déjeuner;œufs bénédicte;œufs"
eggs-benedict,he,ביצים בנדיקט,מקלים את הלחם ומניחים את השינקן מעל.|מכינים ביצים עלומות.|מניחים את הביצים מעל ומוסיפים מעט חמאה מומסת.,460,24,28,30,1,20,ביצים:2:pcs;לחמנייה:1:pcs;שינקן:60:g;חמאה:10:g;מלח:1:tsp,ארוחת בוקר;ביצים בנדיקט;ביצים
eggs-benedict,hi,एग्स बेनेडिक्ट,ब्रेड को टोस्ट करें और हैम रखें।|अंडे पोच करें।|अंडे ऊपर रखें और पिघली हुई मक्खन डालें।,460,24,28,30,1,20,अंडे:2:pcs;बन:1:pcs;हैम:60:g;मक्खन:10:g;नमक:1:tsp,नाश्ता;एग्स बेनेडिक्ट;अंडे
eggs-benedict,id,Telur Benedict,"Panggang roti, letakkan ham di atasnya.|Rebus telur dengan teknik poach.|Letakkan telur di atas, siram dengan mentega cair.",460,24,28,30,1,20,Telur:2:pcs;Roti bulat:1:pcs;Ham:60:g;Mentega:10:g;Garam:1:tsp,sarapan;telur benedict;telur
eggs-benedict,it,Uova alla Benedettina,Tostate il pane e adagiatevi il prosciutto.|Preparate le uova in camicia.|Adagiate le uova sopra e versate un filo di burro fuso.,460,24,28,30,1,20,Uova:2:pcs;Panino:1:pcs;Prosciutto cotto:60:g;Burro:10:g;Sale:1:tsp,colazione;uova alla benedettina;uova
eggs-benedict,ja,エッグベネディクト,パンをトーストし、ハムをのせる。|卵をポーチドエッグにする。|卵をのせ、溶かしバターをかける。,460,24,28,30,1,20,卵:2:pcs;バンズ:1:pcs;ハム:60:g;バター:10:g;塩:1:tsp,朝食;エッグベネディクト;卵
eggs-benedict,ko,에그 베네딕트,빵을 토스트하고 햄을 올린다.|달걀을 수란으로 만든다.|달걀을 올리고 녹인 버터를 뿌린다.,460,24,28,30,1,20,달걀:2:pcs;번:1:pcs;햄:60:g;버터:10:g;소금:1:tsp,아침식사;에그 베네딕트;달걀
eggs-benedict,nl,Eggs Benedict,Toast het brood en leg de ham erop.|Pocheer de eieren.|Leg de eieren erop en besprenkel met gesmolten boter.,460,24,28,30,1,20,Eieren:2:pcs;Broodje:1:pcs;Ham:60:g;Boter:10:g;Zout:1:tsp,ontbijt;eggs benedict;eieren
eggs-benedict,pl,Jajka po benedyktyńsku,Zrumień chleb i ułóż szynkę.|Przygotuj jajka po benedyktyńsku.|Ułóż jajka na wierzchu i polej roztopionym masłem.,460,24,28,30,1,20,Jajka:2:pcs;Bułka:1:pcs;Szynka:60:g;Masło:10:g;Sól:1:tsp,śniadanie;jajka po benedyktyńsku;jajka
eggs-benedict,pt-BR,Ovos Benedict,Torre o pão e coloque o presunto por cima.|Prepare os ovos pochê.|Coloque os ovos por cima e regue com manteiga derretida.,460,24,28,30,1,20,Ovos:2:pcs;Pão de hambúrguer:1:pcs;Presunto:60:g;Manteiga:10:g;Sal:1:tsp,café da manhã;ovos benedict;ovos
eggs-benedict,ru,Яйцо Бенедикт,Подсушите хлеб и выложите ветчину.|Приготовьте яйца пашот.|Выложите яйца сверху и полейте растопленным маслом.,460,24,28,30,1,20,Яйца:2:pcs;Булочка:1:pcs;Ветчина:60:g;Сливочное масло:10:g;Соль:1:tsp,завтрак;яйцо бенедикт;яйца
eggs-benedict,th,เอ้กเบเนดิกต์,ปิ้งขนมปังแล้ววางแฮมด้านบน|ทำไข่ดาวน้ำ (โพช)|วางไข่ด้านบน ราดเนยละลาย,460,24,28,30,1,20,ไข่:2:pcs;ขนมปังกลม:1:pcs;แฮม:60:g;เนย:10:g;เกลือ:1:tsp,อาหารเช้า;เอ้กเบเนดิกต์;ไข่
eggs-benedict,tr,Eggs Benedict,Ekmeği kızartın ve üzerine jambon koyun.|Yumurtaları poşe yapın.|Yumurtaları üzerine koyun ve eritilmiş tereyağı gezdirin.,460,24,28,30,1,20,Yumurta:2:pcs;Sandviç ekmeği:1:pcs;Jambon:60:g;Tereyağı:10:g;Tuz:1:tsp,kahvaltı;eggs benedict;yumurta
eggs-benedict,uk,Яйце бенедикт,"Хліб підсушіть, викладіть шинку.|Яйця приготуйте пашот.|Викладіть яйця зверху, додайте трохи розтопленого масла.",460,24,28,30,1,20,Яйця:2:pcs;Булочка:1:pcs;Шинка:60:g;Вершкове масло:10:g;Сіль:1:tsp,сніданок;яйце бенедикт;яйця
eggs-benedict,vi,Trứng Benedict,"Nướng bánh mì, đặt giăm bông lên trên.|Luộc trứng chần.|Đặt trứng lên trên, rưới bơ tan chảy.",460,24,28,30,1,20,Trứng:2:pcs;Bánh mì tròn:1:pcs;Giăm bông:60:g;Bơ:10:g;Muối:1:tsp,bữa sáng;trứng benedict;trứng
eggs-benedict,zh-Hans,班尼迪克蛋,烤面包，放上火腿。|将鸡蛋做成水波蛋。|将蛋放在上面，淋上融化黄油。,460,24,28,30,1,20,鸡蛋:2:pcs;圆面包:1:pcs;火腿:60:g;黄油:10:g;盐:1:tsp,早餐;班尼迪克蛋;鸡蛋
mushroom-cream-cheese-toast,ar,توست دافئ بالفطر والجبن الكريمي,اقلِ الفطر بالزبدة حتى يصبح ذهبياً.|حمّص الخبز.|ادهن الجبن الكريمي وضع الفطر فوقه.,390,14,30,26,1,15,خبز:1:pcs;فطر:120:g;جبن كريمي:40:g;زبدة:10:g;ملح:1:tsp,فطور;توست;فطر;جبن كريمي
mushroom-cream-cheese-toast,de,Warmer Toast mit Pilzen und Frischkäse,Pilze in Butter goldbraun anbraten.|Brot toasten.|Frischkäse aufstreichen und Pilze darauflegen.,390,14,30,26,1,15,Brot:1:pcs;Champignons:120:g;Frischkäse:40:g;Butter:10:g;Salz:1:tsp,Frühstück;Toast;Pilze;Frischkäse
mushroom-cream-cheese-toast,en,Warm Toast with Mushrooms and Cream Cheese,"Sauté mushrooms in butter until golden.|Toast the bread.|Spread cream cheese, top with mushrooms.",390,14,30,26,1,15,Bread:1:pcs;Mushrooms:120:g;Cream cheese:40:g;Butter:10:g;Salt:1:tsp,breakfast;toast;mushrooms;cream cheese
mushroom-cream-cheese-toast,es,Tostada caliente con champiñones y queso crema,Saltea los champiñones en mantequilla hasta dorarlos.|Tuesta el pan.|Unta el queso crema y coloca los champiñones encima.,390,14,30,26,1,15,Pan:1:pcs;Champiñones:120:g;Queso crema:40:g;Mantequilla:10:g;Sal:1:tsp,desayuno;tostada;champiñones;queso crema
mushroom-cream-cheese-toast,fr,Toast chaud aux champignons et fromage frais,Faites sauter les champignons dans le beurre jusqu'à dorure.|Faites griller le pain.|Tartinez le fromage frais et disposez les champignons dessus.,390,14,30,26,1,15,Pain:1:pcs;Champignons:120:g;Fromage frais:40:g;Beurre:10:g;Sel:1:tsp,"
petit-déjeuner;toast;champignons;fromage frais"
mushroom-cream-cheese-toast,he,טוסט חם עם פטריות וגבינת שמנת,מטגנים את הפטריות בחמאה עד להזהבה.|מקלים את הלחם.|מורחים גבינת שמנת ומניחים את הפטריות מעל.,390,14,30,26,1,15,לחם:1:pcs;פטריות:120:g;גבינת שמנת:40:g;חמאה:10:g;מלח:1:tsp,ארוחת בוקר;טוסט;פטריות;גבינת שמנת
mushroom-cream-cheese-toast,hi,मशरूम और क्रीम चीज़ के साथ गर्म टोस्ट,मशरूम को मक्खन में सुनहरा होने तक भूनें।|ब्रेड को टोस्ट करें।|क्रीम चीज़ लगाएं और मशरूम ऊपर रखें।,390,14,30,26,1,15,ब्रेड:1:pcs;मशरूम:120:g;क्रीम चीज़:40:g;मक्खन:10:g;नमक:1:tsp,नाश्ता;टोस्ट;मशरूम;क्रीम चीज़
mushroom-cream-cheese-toast,id,Toast Hangat dengan Jamur dan Krim Keju,"Tumis jamur dengan mentega hingga keemasan.|Panggang roti.|Oleskan krim keju, taburi jamur di atasnya.",390,14,30,26,1,15,Roti:1:pcs;Jamur:120:g;Krim keju:40:g;Mentega:10:g;Garam:1:tsp,sarapan;toast;jamur;krim keju
mushroom-cream-cheese-toast,it,Toast caldo con funghi e formaggio cremoso,Rosolare i funghi nel burro fino a doratura.|Tostare il pane.|Spalmare il formaggio cremoso e adagiare i funghi sopra.,390,14,30,26,1,15,Pane:1:pcs;Funghi champignon:120:g;Formaggio cremoso:40:g;Burro:10:g;Sale:1:tsp,colazione;toast;funghi;formaggio cremoso
mushroom-cream-cheese-toast,ja,きのことクリームチーズの温かいトースト,きのこをバターできつね色になるまで炒める。|パンをトーストする。|クリームチーズを塗り、きのこをのせる。,390,14,30,26,1,15,パン:1:pcs;マッシュルーム:120:g;クリームチーズ:40:g;バター:10:g;塩:1:tsp,朝食;トースト;きのこ;クリームチーズ
mushroom-cream-cheese-toast,ko,버섯과 크림치즈 따뜻한 토스트,버섯을 버터에 노릇하게 볶는다.|빵을 토스트한다.|크림치즈를 바르고 버섯을 올린다.,390,14,30,26,1,15,빵:1:pcs;양송이버섯:120:g;크림치즈:40:g;버터:10:g;소금:1:tsp,아침식사;토스트;버섯;크림치즈
mushroom-cream-cheese-toast,nl,Warme toast met champignons en roomkaas,Bak de champignons in boter tot ze goudbruin zijn.|Toast het brood.|Smeer de roomkaas erop en leg de champignons erop.,390,14,30,26,1,15,Brood:1:pcs;Champignons:120:g;Roomkaas:40:g;Boter:10:g;Zout:1:tsp,ontbijt;toast;champignons;roomkaas
mushroom-cream-cheese-toast,pl,Ciepły toast z pieczarkami i serkiem kremowym,Podsmaż pieczarki na maśle do złotego koloru.|Opiecz chleb.|Posmaruj serek kremowy i ułóż pieczarki na wierzchu.,390,14,30,26,1,15,Chleb:1:pcs;Pieczarki:120:g;Serek kremowy:40:g;Masło:10:g;Sól:1:tsp,śniadanie;toast;pieczarki;serek kremowy
mushroom-cream-cheese-toast,pt-BR,Torrada quente com cogumelos e cream cheese,Refogue os cogumelos na manteiga até dourarem.|Torre o pão.|Passe o cream cheese e coloque os cogumelos por cima.,390,14,30,26,1,15,Pão:1:pcs;Cogumelos:120:g;Cream cheese:40:g;Manteiga:10:g;Sal:1:tsp,café da manhã;torrada;cogumelos;cream cheese
mushroom-cream-cheese-toast,ru,Тёплый тост с грибами и крем-сыром,Обжарьте грибы на сливочном масле до золотистости.|Подсушите хлеб.|Намажьте крем-сыр и выложите грибы.,390,14,30,26,1,15,Хлеб:1:pcs;Шампиньоны:120:g;Крем-сыр:40:g;Сливочное масло:10:g;Соль:1:tsp,завтрак;тост;грибы;крем-сыр
mushroom-cream-cheese-toast,th,ขนมปังปิ้งเห็ดกับครีมชีส,ผัดเห็ดในเนยจนเหลืองทอง|ปิ้งขนมปัง|ทาครีมชีสแล้ววางเห็ดด้านบน,390,14,30,26,1,15,ขนมปัง:1:pcs;เห็ด:120:g;ครีมชีส:40:g;เนย:10:g;เกลือ:1:tsp,อาหารเช้า;ขนมปังปิ้ง;เห็ด;ครีมชีส
mushroom-cream-cheese-toast,tr,Mantarlı ve Krem Peynirli Sıcak Tost,Mantarları tereyağında altın rengi olana kadar soteleyin.|Ekmeği kızartın.|Krem peynir sürün ve mantarları üzerine yerleştirin.,390,14,30,26,1,15,Ekmek:1:pcs;Mantar:120:g;Krem peynir:40:g;Tereyağı:10:g;Tuz:1:tsp,kahvaltı;tost;mantar;krem peynir
mushroom-cream-cheese-toast,uk,Теплий тост з грибами та крем-сиром,"Гриби обсмажте на вершковому маслі до золотистості.|Хліб підсушіть.|Намажте крем-сир, викладіть гриби.",390,14,30,26,1,15,Хліб:1:pcs;Печериці:120:g;Крем-сир:40:g;Вершкове масло:10:g;Сіль:1:tsp,сніданок;тост;гриби;крем-сир
mushroom-cream-cheese-toast,vi,Bánh mì nướng nấm và kem phô mai,"Xào nấm với bơ đến vàng đều.|Nướng bánh mì.|Phết kem phô mai, đặt nấm lên trên.",390,14,30,26,1,15,Bánh mì:1:pcs;Nấm:120:g;Kem phô mai:40:g;Bơ:10:g;Muối:1:tsp,bữa sáng;bánh mì nướng;nấm;kem phô mai
mushroom-cream-cheese-toast,zh-Hans,蘑菇奶油芝士暖吐司,用黄油将蘑菇煎至金黄。|将面包烤脆。|涂上奶油芝士，放上蘑菇。,390,14,30,26,1,15,面包:1:pcs;蘑菇:120:g;奶油芝士:40:g;黄油:10:g;盐:1:tsp,早餐;吐司;蘑菇;奶油芝士
buckwheat-egg-avocado-bowl,ar,وعاء الحنطة السوداء مع البيض والأفوكادو,سخّن الحنطة السوداء المطبوخة.|حضّر البيض مسلوقاً أو مقلياً.|قطّع الأفوكادو.|رتّب الوعاء وأضف الزيت والملح.,400,16,42,20,1,15,حنطة سوداء مطبوخة:150:g;بيض:1:pcs;أفوكادو:0.5:pcs;زيت زيتون:1:tsp;ملح:1:tsp,فطور;وعاء;حنطة سوداء;أفوكادو
buckwheat-egg-avocado-bowl,de,Buchweizen-Ei-Avocado-Bowl,"Buchweizen aufwärmen.|Ei pochieren oder braten.|Avocado in Scheiben schneiden.|Bowl zusammenstellen, Öl und Salz hinzufügen.",400,16,42,20,1,15,Gekochter Buchweizen:150:g;Ei:1:pcs;Avocado:0.5:pcs;Olivenöl:1:tsp;Salz:1:tsp,Frühstück;Bowl;Buchweizen;Avocado
buckwheat-egg-avocado-bowl,en,"Buckwheat, Egg and Avocado Bowl","Reheat buckwheat.|Poach or fry the egg.|Slice avocado.|Assemble bowl, add oil and salt.",400,16,42,20,1,15,Cooked buckwheat:150:g;Egg:1:pcs;Avocado:0.5:pcs;Olive oil:1:tsp;Salt:1:tsp,breakfast;bowl;buckwheat;avocado
buckwheat-egg-avocado-bowl,es,"Bol de trigo sarraceno, huevo y aguacate","Recalienta el trigo sarraceno.|Prepara el huevo escalfado o frito.|Corta el aguacate en rodajas.|Arma el bol, añade aceite y sal.",400,16,42,20,1,15,Trigo sarraceno cocido:150:g;Huevo:1:pcs;Aguacate:0.5:pcs;Aceite de oliva:1:tsp;Sal:1:tsp,desayuno;bol;trigo sarraceno;aguacate
buckwheat-egg-avocado-bowl,fr,"Bol de sarrasin, œuf et avocat","Réchauffez le sarrasin.|Pochez ou faites frire l'œuf.|Tranchez l'avocat.|Assemblez le bol, ajoutez l'huile et le sel.",400,16,42,20,1,15,Sarrasin cuit:150:g;Œuf:1:pcs;Avocat:0.5:pcs;Huile d'olive:1:tsp;Sel:1:tsp,"
petit-déjeuner;bol;sarrasin;avocat"
buckwheat-egg-avocado-bowl,he,"קערת כוסמת, ביצה ואבוקדו","מחממים את הכוסמת.|מכינים ביצה עלומה או מטוגנת.|חותכים את האבוקדו.|מרכיבים את הקערה, מוסיפים שמן ומלח.",400,16,42,20,1,15,כוסמת מבושלת:150:g;ביצה:1:pcs;אבוקדו:0.5:pcs;שמן זית:1:tsp;מלח:1:tsp,ארוחת בוקר;קערה;כוסמת;אבוקדו
buckwheat-egg-avocado-bowl,hi,"बकव्हीट, अंडा और एवोकाडो बाउल","बकव्हीट को गर्म करें।|अंडा पोच या फ्राई करें।|एवोकाडो काटें।|बाउल सजाएं, तेल और नमक डालें।",400,16,42,20,1,15,पकी हुई बकव्हीट:150:g;अंडा:1:pcs;एवोकाडो:0.5:pcs;जैतून का तेल:1:tsp;नमक:1:tsp,नाश्ता;बाउल;बकव्हीट;एवोकाडो
buckwheat-egg-avocado-bowl,id,"Bowl Buckwheat, Telur, dan Alpukat","Panaskan kembali buckwheat.|Rebus atau goreng telur.|Iris alpukat.|Susun bowl, tambahkan minyak dan garam.",400,16,42,20,1,15,Buckwheat matang:150:g;Telur:1:pcs;Alpukat:0.5:pcs;Minyak zaitun:1:tsp;Garam:1:tsp,sarapan;bowl;buckwheat;alpukat
buckwheat-egg-avocado-bowl,it,"Bowl di grano saraceno, uovo e avocado","Riscaldare il grano saraceno.|Preparare l'uovo in camicia o fritto.|Affettare l'avocado.|Comporre la bowl, aggiungere olio e sale.",400,16,42,20,1,15,Grano saraceno cotto:150:g;Uovo:1:pcs;Avocado:0.5:pcs;Olio d'oliva:1:tsp;Sale:1:tsp,colazione;bowl;grano saraceno;avocado
buckwheat-egg-avocado-bowl,ja,そば米と卵とアボカドのボウル,そば米を温める。|卵をポーチドエッグまたは目玉焼きにする。|アボカドをスライスする。|ボウルに盛り付け、オイルと塩を加える。,400,16,42,20,1,15,茹でそば米:150:g;卵:1:pcs;アボカド:0.5:pcs;オリーブオイル:1:tsp;塩:1:tsp,朝食;ボウル;そば米;アボカド
buckwheat-egg-avocado-bowl,ko,"메밀, 달걀, 아보카도 보울",메밀을 데운다.|달걀을 수란 또는 프라이로 만든다.|아보카도를 슬라이스한다.|보울을 구성하고 오일과 소금을 넣는다.,400,16,42,20,1,15,삶은 메밀:150:g;달걀:1:pcs;아보카도:0.5:pcs;올리브유:1:tsp;소금:1:tsp,아침식사;보울;메밀;아보카도
buckwheat-egg-avocado-bowl,nl,Boekweit-ei-avocado bowl,"Verwarm de boekweit.|Pocheer of bak het ei.|Snijd de avocado.|Stel de bowl samen, voeg olie en zout toe.",400,16,42,20,1,15,Gekookte boekweit:150:g;Ei:1:pcs;Avocado:0.5:pcs;Olijfolie:1:tsp;Zout:1:tsp,ontbijt;bowl;boekweit;avocado
buckwheat-egg-avocado-bowl,pl,"Bowl z kaszą gryczaną, jajkiem i awokado","Podgrzej kaszę gryczaną.|Przygotuj jajko w koszulce lub sadzone.|Pokrój awokado.|Złóż bowl, dodaj oliwę i sól.",400,16,42,20,1,15,Kasza gryczana ugotowana:150:g;Jajko:1:pcs;Awokado:0.5:pcs;Oliwa z oliwek:1:tsp;Sól:1:tsp,śniadanie;bowl;kasza gryczana;awokado
buckwheat-egg-avocado-bowl,pt-BR,"Bowl de trigo sarraceno, ovo e abacate","Reaqueça o trigo sarraceno.|Prepare o ovo pochê ou frito.|Fatie o abacate.|Monte o bowl, adicione azeite e sal.",400,16,42,20,1,15,Trigo sarraceno cozido:150:g;Ovo:1:pcs;Abacate:0.5:pcs;Azeite de oliva:1:tsp;Sal:1:tsp,café da manhã;bowl;trigo sarraceno;abacate
buckwheat-egg-avocado-bowl,ru,"Боул с гречкой, яйцом и авокадо","Подогрейте гречку.|Приготовьте яйцо пашот или жареное.|Нарежьте авокадо.|Соберите боул, добавьте масло и соль.",400,16,42,20,1,15,Гречка отварная:150:g;Яйцо:1:pcs;Авокадо:0.5:pcs;Оливковое масло:1:tsp;Соль:1:tsp,завтрак;боул;гречка;авокадо
buckwheat-egg-avocado-bowl,th,โบวล์บัควีท ไข่ และอะโวคาโด,อุ่นบัควีทที่สุกแล้ว|ทำไข่ดาวน้ำหรือไข่ดาว|หั่นอะโวคาโด|จัดโบวล์ เติมน้ำมันและเกลือ,400,16,42,20,1,15,บัควีทสุก:150:g;ไข่:1:pcs;อะโวคาโด:0.5:pcs;น้ำมันมะกอก:1:tsp;เกลือ:1:tsp,อาหารเช้า;โบวล์;บัควีท;อะโวคาโด
buckwheat-egg-avocado-bowl,tr,"Karabuğday, Yumurta ve Avokado Bowl","Karabuğdayı ısıtın.|Yumurtayı poşe veya kızartma yapın.|Avokadoyu dilimleyin.|Bowl'u hazırlayın, yağ ve tuz ekleyin.",400,16,42,20,1,15,Pişmiş karabuğday:150:g;Yumurta:1:pcs;Avokado:0.5:pcs;Zeytinyağı:1:tsp;Tuz:1:tsp,kahvaltı;bowl;karabuğday;avokado
buckwheat-egg-avocado-bowl,uk,"Боул з гречкою, яйцем і авокадо","Гречку підігрійте.|Яйце приготуйте пашот або обсмажте.|Авокадо наріжте.|Зберіть боул, додайте олію та сіль.",400,16,42,20,1,15,Гречка відварена:150:g;Яйце:1:pcs;Авокадо:0.5:pcs;Оливкова олія:1:tsp;Сіль:1:tsp,сніданок;боул;гречка;авокадо
buckwheat-egg-avocado-bowl,vi,"Tô kiều mạch, trứng và bơ","Hâm nóng kiều mạch.|Luộc chần hoặc chiên trứng.|Cắt lát bơ.|Xếp tô, thêm dầu và muối.",400,16,42,20,1,15,Kiều mạch chín:150:g;Trứng:1:pcs;Bơ:0.5:pcs;Dầu ô liu:1:tsp;Muối:1:tsp,bữa sáng;tô;kiều mạch;bơ
buckwheat-egg-avocado-bowl,zh-Hans,荞麦鸡蛋牛油果碗,加热荞麦。|将鸡蛋做成水波蛋或煎蛋。|切牛油果片。|组装碗，加入油和盐。,400,16,42,20,1,15,熟荞麦:150:g;鸡蛋:1:pcs;牛油果:0.5:pcs;橄榄油:1:tsp;盐:1:tsp,早餐;碗;荞麦;牛油果
feta-herb-omelette,ar,أومليت بجبنة الفيتا والأعشاب,اخفق البيض مع الملح.|اسكبه في مقلاة مدهونة بالزيت.|أضف الفيتا والأعشاب.|اطبخ مغطى لمدة 7-8 دقائق.,450,28,4,34,1,10,بيض:3:pcs;جبنة فيتا:50:g;أعشاب طازجة:10:g;زيت زيتون:1:tsp,فطور;أومليت;فيتا;أعشاب
feta-herb-omelette,de,Feta-Kräuter-Omelett,Eier mit Salz verquirlen.|In eine geölte Pfanne gießen.|Feta und Kräuter hinzufügen.|Zugedeckt 7–8 Minuten garen.,450,28,4,34,1,10,Eier:3:pcs;Fetakäse:50:g;Frische Kräuter:10:g;Olivenöl:1:tsp,Frühstück;Omelett;Feta;Kräuter
feta-herb-omelette,en,Feta and Herb Omelette,Beat eggs with salt.|Pour onto oiled pan.|Add feta and herbs.|Cook covered for 7-8 minutes.,450,28,4,34,1,10,Eggs:3:pcs;Feta cheese:50:g;Fresh herbs:10:g;Olive oil:1:tsp,breakfast;omelette;feta;herbs
feta-herb-omelette,es,Omelette de feta y hierbas,Bate los huevos con sal.|Vierte en una sartén con aceite.|Añade feta y hierbas.|Cocina tapado durante 7-8 minutos.,450,28,4,34,1,10,Huevos:3:pcs;Queso feta:50:g;Hierbas frescas:10:g;Aceite de oliva:1:tsp,desayuno;omelette;feta;hierbas
feta-herb-omelette,fr,Omelette à la feta et aux herbes,Battez les œufs avec le sel.|Versez dans une poêle huilée.|Ajoutez la feta et les herbes.|Faites cuire à couvert pendant 7-8 minutes.,450,28,4,34,1,10,Œufs:3:pcs;Fromage feta:50:g;Herbes fraîches:10:g;Huile d'olive:1:tsp,"
petit-déjeuner;omelette;feta;herbes"
feta-herb-omelette,he,חביתה עם פטה ועשבי תיבול,טורפים את הביצים עם מלח.|שופכים למחבת עם שמן.|מוסיפים פטה ועשבי תיבול.|מבשלים בכיסוי 7-8 דקות.,450,28,4,34,1,10,ביצים:3:pcs;גבינת פטה:50:g;עשבי תיבול טריים:10:g;שמן זית:1:tsp,ארוחת בוקר;חביתה;פטה;עשבי תיבול
feta-herb-omelette,hi,फेटा और हर्ब ऑमलेट,अंडों को नमक के साथ फेंटें।|तेल लगी कड़ाही में डालें।|फेटा और जड़ी-बूटियां डालें।|ढककर 7-8 मिनट पकाएं।,450,28,4,34,1,10,अंडे:3:pcs;फेटा चीज़:50:g;ताज़ी जड़ी-बूटियां:10:g;जैतून का तेल:1:tsp,नाश्ता;ऑमलेट;फेटा;जड़ी-बूटियां
feta-herb-omelette,id,Omelet Feta dan Herba,Kocok telur dengan garam.|Tuang ke wajan berminyak.|Tambahkan feta dan herba.|Masak tertutup selama 7-8 menit.,450,28,4,34,1,10,Telur:3:pcs;Keju feta:50:g;Herba segar:10:g;Minyak zaitun:1:tsp,sarapan;omelet;feta;herba
feta-herb-omelette,it,Omelette alla feta e erbe aromatiche,Sbattere le uova con il sale.|Versare in una padella unta d'olio.|Aggiungere feta ed erbe aromatiche.|Cuocere coperto per 7-8 minuti.,450,28,4,34,1,10,Uova:3:pcs;Formaggio feta:50:g;Erbe aromatiche fresche:10:g;Olio d'oliva:1:tsp,colazione;omelette;feta;erbe aromatiche
feta-herb-omelette,ja,フェタチーズとハーブのオムレツ,卵を塩で溶きほぐす。|油をひいたフライパンに流す。|フェタとハーブを加える。|蓋をして7〜8分焼く。,450,28,4,34,1,10,卵:3:pcs;フェタチーズ:50:g;フレッシュハーブ:10:g;オリーブオイル:1:tsp,朝食;オムレツ;フェタ;ハーブ
feta-herb-omelette,ko,페타 치즈 허브 오믈렛,달걀을 소금과 함께 푼다.|기름 두른 팬에 붓는다.|페타와 허브를 넣는다.|뚜껑을 덮고 7~8분 익힌다.,450,28,4,34,1,10,달걀:3:pcs;페타 치즈:50:g;신선한 허브:10:g;올리브유:1:tsp,아침식사;오믈렛;페타;허브
feta-herb-omelette,nl,Feta-kruidenomelet,Klop de eieren met zout.|Giet in een ingevette pan.|Voeg feta en kruiden toe.|Kook afgedekt 7-8 minuten.,450,28,4,34,1,10,Eieren:3:pcs;Fetakaas:50:g;Verse kruiden:10:g;Olijfolie:1:tsp,ontbijt;omelet;feta;kruiden
feta-herb-omelette,pl,Omlet z fetą i ziołami,Roztrzep jajka z solą.|Wlej na patelnie z oliwą.|Dodaj fetę i zioła.|Gotuj pod przykryciem 7-8 minut.,450,28,4,34,1,10,Jajka:3:pcs;Ser feta:50:g;Świeże zioła:10:g;Oliwa z oliwek:1:tsp,śniadanie;omlet;feta;zioła
feta-herb-omelette,pt-BR,Omelete de queijo feta e ervas,Bata os ovos com sal.|Despeje na frigideira com azeite.|Adicione feta e ervas.|Cozinhe tampado por 7-8 minutos.,450,28,4,34,1,10,Ovos:3:pcs;Queijo feta:50:g;Ervas frescas:10:g;Azeite de oliva:1:tsp,café da manhã;omelete;feta;ervas
feta-herb-omelette,ru,Омлет с фетой и зеленью,Взбейте яйца с солью.|Вылейте на сковороду с маслом.|Добавьте фету и зелень.|Готовьте под крышкой 7–8 минут.,450,28,4,34,1,10,Яйца:3:pcs;Сыр фета:50:g;Зелень:10:g;Оливковое масло:1:tsp,завтрак;омлет;фета;зелень
feta-herb-omelette,th,ออมเล็ตเฟต้าและสมุนไพร,ตีไข่กับเกลือ|เทลงกระทะที่ทาน้ำมัน|ใส่เฟต้าและสมุนไพร|ปิดฝาทำ 7-8 นาที,450,28,4,34,1,10,ไข่:3:pcs;ชีสเฟต้า:50:g;สมุนไพรสด:10:g;น้ำมันมะกอก:1:tsp,อาหารเช้า;ออมเล็ต;เฟต้า;สมุนไพร
feta-herb-omelette,tr,Beyaz Peynirli ve Otlu Omlet,Yumurtaları tuzla çırpın.|Yağlı tavaya dökün.|Beyaz peynir ve otları ekleyin.|Kapaklı olarak 7-8 dakika pişirin.,450,28,4,34,1,10,Yumurta:3:pcs;Beyaz peynir:50:g;Taze otlar:10:g;Zeytinyağı:1:tsp,kahvaltı;omlet;beyaz peynir;otlar
feta-herb-omelette,uk,Омлет з фетою та зеленню,Яйця збийте з сіллю.|Вилийте на сковороду з олією.|Додайте фету і зелень.|Готуйте під кришкою 7–8 хвилин.,450,28,4,34,1,10,Яйця:3:pcs;Сир фета:50:g;Зелень:10:g;Оливкова олія:1:tsp,сніданок;омлет;фета;зелень
feta-herb-omelette,vi,Trứng ốp la phô mai feta và rau thơm,Đánh trứng với muối.|Đổ vào chảo có dầu.|Thêm phô mai feta và rau thơm.|Đậy nắp nấu 7-8 phút.,450,28,4,34,1,10,Trứng:3:pcs;Phô mai feta:50:g;Rau thơm tươi:10:g;Dầu ô liu:1:tsp,bữa sáng;trứng ốp la;feta;rau thơm
feta-herb-omelette,zh-Hans,菲达奶酪香草蛋饼,将鸡蛋加盐打散。|倒入抹油的平底锅中。|加入菲达奶酪和香草。|盖上锅盖煎7-8分钟。,450,28,4,34,1,10,鸡蛋:3:pcs;菲达奶酪:50:g;新鲜香草:10:g;橄榄油:1:tsp,早餐;蛋饼;菲达;香草
savory-oatmeal-egg-cheese,ar,شوفان مالح بالبيض والجبن,اطبخ الشوفان في الماء.|أضف الجبن المبشور.|ضع بيضة مسلوقة أو مقلية فوقه.,370,18,40,16,1,15,رقائق الشوفان:50:g;ماء:250:ml;بيض:1:pcs;جبن صلب:40:g;ملح:1:tsp,فطور;شوفان;بيض;جبن
savory-oatmeal-egg-cheese,de,Herzhaftes Haferflocken mit Ei und Käse,Haferflocken in Wasser kochen.|Geriebenen Käse hinzufügen.|Mit pochiertem oder Spiegelei belegen.,370,18,40,16,1,15,Haferflocken:50:g;Wasser:250:ml;Ei:1:pcs;Hartkäse:40:g;Salz:1:tsp,Frühstück;Haferflocken;Ei;Käse
savory-oatmeal-egg-cheese,en,Savory Oatmeal with Egg and Cheese,Cook oatmeal in water.|Add grated cheese.|Top with poached or fried egg.,370,18,40,16,1,15,Oat flakes:50:g;Water:250:ml;Egg:1:pcs;Hard cheese:40:g;Salt:1:tsp,breakfast;oatmeal;egg;cheese
savory-oatmeal-egg-cheese,es,Avena salada con huevo y queso,Cocina la avena en agua.|Añade queso rallado.|Cubre con un huevo escalfado o frito.,370,18,40,16,1,15,Copos de avena:50:g;Agua:250:ml;Huevo:1:pcs;Queso duro:40:g;Sal:1:tsp,desayuno;avena;huevo;queso
savory-oatmeal-egg-cheese,fr,Flocons d'avoine salés avec œuf et fromage,Faites cuire les flocons d'avoine dans l'eau.|Ajoutez le fromage râpé.|Garnissez d'un œuf poché ou au plat.,370,18,40,16,1,15,Flocons d'avoine:50:g;Eau:250:ml;Œuf:1:pcs;Fromage à pâte dure:40:g;Sel:1:tsp,"
petit-déjeuner;flocons d'avoine;œuf;fromage"
savory-oatmeal-egg-cheese,he,שיבולת שועל מלוחה עם ביצה וגבינה,מבשלים שיבולת שועל במים.|מוסיפים גבינה מגוררת.|מניחים ביצה עלומה או מטוגנת מעל.,370,18,40,16,1,15,פתיתי שיבולת שועל:50:g;מים:250:ml;ביצה:1:pcs;גבינה קשה:40:g;מלח:1:tsp,ארוחת בוקר;שיבולת שועל;ביצה;גבינה
savory-oatmeal-egg-cheese,hi,नमकीन दलिया अंडे और पनीर के साथ,पानी में दलिया पकाएं।|कद्दूकस किया हुआ पनीर डालें।|ऊपर पोच या फ्राई अंडा रखें।,370,18,40,16,1,15,ओट फ्लेक्स:50:g;पानी:250:ml;अंडा:1:pcs;हार्ड चीज़:40:g;नमक:1:tsp,नाश्ता;दलिया;अंडा;चीज़
savory-oatmeal-egg-cheese,id,Oatmeal Gurih dengan Telur dan Keju,Masak oatmeal dalam air.|Tambahkan keju parut.|Sajikan dengan telur rebus atau goreng di atas.,370,18,40,16,1,15,Oat:50:g;Air:250:ml;Telur:1:pcs;Keju keras:40:g;Garam:1:tsp,sarapan;oatmeal;telur;keju
savory-oatmeal-egg-cheese,it,Porridge salato con uovo e formaggio,Cuocere i fiocchi d'avena nell'acqua.|Aggiungere il formaggio grattugiato.|Completare con un uovo in camicia o fritto.,370,18,40,16,1,15,Fiocchi d'avena:50:g;Acqua:250:ml;Uovo:1:pcs;Formaggio stagionato:40:g;Sale:1:tsp,colazione;porridge;uovo;formaggio
savory-oatmeal-egg-cheese,ja,卵とチーズのセイボリーオートミール,オートミールを水で煮る。|すりおろしチーズを加える。|ポーチドエッグまたは目玉焼きをのせる。,370,18,40,16,1,15,オートフレーク:50:g;水:250:ml;卵:1:pcs;ハードチーズ:40:g;塩:1:tsp,朝食;オートミール;卵;チーズ
savory-oatmeal-egg-cheese,ko,"짭조름한 오트밀, 달걀, 치즈",오트밀을 물에 끓인다.|치즈를 갈아 넣는다.|수란 또는 프라이 달걀을 올린다.,370,18,40,16,1,15,오트밀:50:g;물:250:ml;달걀:1:pcs;경질 치즈:40:g;소금:1:tsp,아침식사;오트밀;달걀;치즈
savory-oatmeal-egg-cheese,nl,Hartige havermout met ei en kaas,Kook de havermout in water.|Voeg geraspte kaas toe.|Beleg met een gepocheerd of gebakken ei.,370,18,40,16,1,15,Havermout:50:g;Water:250:ml;Ei:1:pcs;Harde kaas:40:g;Zout:1:tsp,ontbijt;havermout;ei;kaas
savory-oatmeal-egg-cheese,pl,Słone płatki owsiane z jajkiem i serem,Ugotuj płatki owsiane w wodzie.|Dodaj starty ser.|Na wierzch połóż jajko w koszulce lub sadzone.,370,18,40,16,1,15,Płatki owsiane:50:g;Woda:250:ml;Jajko:1:pcs;Ser twardy:40:g;Sól:1:tsp,śniadanie;płatki owsiane;jajko;ser
savory-oatmeal-egg-cheese,pt-BR,Aveia salgada com ovo e queijo,Cozinhe a aveia na água.|Adicione queijo ralado.|Cubra com ovo pochê ou frito.,370,18,40,16,1,15,Flocos de aveia:50:g;Água:250:ml;Ovo:1:pcs;Queijo duro:40:g;Sal:1:tsp,café da manhã;aveia;ovo;queijo
savory-oatmeal-egg-cheese,ru,Солёная овсянка с яйцом и сыром,Сварите овсянку на воде.|Добавьте тёртый сыр.|Сверху выложите яйцо пашот или жареное.,370,18,40,16,1,15,Овсяные хлопья:50:g;Вода:250:ml;Яйцо:1:pcs;Твёрдый сыр:40:g;Соль:1:tsp,завтрак;овсянка;яйцо;сыр
savory-oatmeal-egg-cheese,th,ข้าวโอ๊ตรสเค็มกับไข่และชีส,ต้มข้าวโอ๊ตในน้ำ|ใส่ชีสขูด|วางไข่ดาวน้ำหรือไข่ดาวด้านบน,370,18,40,16,1,15,ข้าวโอ๊ต:50:g;น้ำ:250:ml;ไข่:1:pcs;ชีสแข็ง:40:g;เกลือ:1:tsp,อาหารเช้า;ข้าวโอ๊ต;ไข่;ชีส
savory-oatmeal-egg-cheese,tr,"Tuzlu Yulaf Lapası, Yumurta ve Peynir",Yulaf lapasını suda pişirin.|Rendelenmiş peynir ekleyin.|Üzerine poşe veya sahanda yumurta koyun.,370,18,40,16,1,15,Yulaf ezmesi:50:g;Su:250:ml;Yumurta:1:pcs;Sert peynir:40:g;Tuz:1:tsp,kahvaltı;yulaf;yumurta;peynir
savory-oatmeal-egg-cheese,uk,Солона вівсянка з яйцем і сиром,Зваріть вівсянку на воді.|Додайте тертий сир.|Зверху викладіть яйце пашот або смажене.,370,18,40,16,1,15,Вівсяні пластівці:50:g;Вода:250:ml;Яйце:1:pcs;Твердий сир:40:g;Сіль:1:tsp,сніданок;вівсянка;яйце;сир
savory-oatmeal-egg-cheese,vi,Yến mạch mặn với trứng và phô mai,Nấu yến mạch trong nước.|Thêm phô mai bào.|Đặt trứng chần hoặc chiên lên trên.,370,18,40,16,1,15,Yến mạch:50:g;Nước:250:ml;Trứng:1:pcs;Phô mai cứng:40:g;Muối:1:tsp,bữa sáng;yến mạch;trứng;phô mai
savory-oatmeal-egg-cheese,zh-Hans,咸味燕麦配鸡蛋和奶酪,用水煮燕麦。|加入磨碎的奶酪。|上面放水波蛋或煎蛋。,370,18,40,16,1,15,燕麦片:50:g;水:250:ml;鸡蛋:1:pcs;硬质奶酪:40:g;盐:1:tsp,早餐;燕麦;鸡蛋;奶酪
tortilla-cheese-spinach,ar,تورتيلا بالجبن والسبانخ,ذوّب السبانخ قليلاً في المقلاة.|ضع السبانخ والجبن على التورتيلا.|اطوِها وسخّنها حتى يذوب الجبن.,430,20,38,24,1,10,تورتيلا:1:pcs;سبانخ:40:g;جبن صلب:50:g;زيت زيتون:1:tsp,فطور;تورتيلا;جبن;سبانخ
tortilla-cheese-spinach,de,Tortilla mit Käse und Spinat,"Spinat leicht in der Pfanne anwelken.|Spinat und Käse auf die Tortilla legen.|Zusammenklappen und erwärmen, bis der Käse schmilzt.",430,20,38,24,1,10,Tortilla:1:pcs;Spinat:40:g;Hartkäse:50:g;Olivenöl:1:tsp,Frühstück;Tortilla;Käse;Spinat
tortilla-cheese-spinach,en,Tortilla with Cheese and Spinach,Lightly wilt spinach in a pan.|Place spinach and cheese on tortilla.|Fold and heat until cheese melts.,430,20,38,24,1,10,Tortilla:1:pcs;Spinach:40:g;Hard cheese:50:g;Olive oil:1:tsp,breakfast;tortilla;cheese;spinach
tortilla-cheese-spinach,es,Tortilla con queso y espinacas,Sofríe ligeramente las espinacas en una sartén.|Coloca las espinacas y el queso sobre la tortilla.|Dobla y calienta hasta que el queso se derrita.,430,20,38,24,1,10,Tortilla:1:pcs;Espinacas:40:g;Queso duro:50:g;Aceite de oliva:1:tsp,desayuno;tortilla;queso;espinacas
tortilla-cheese-spinach,fr,Tortilla au fromage et aux épinards,Faites légèrement tomber les épinards à la poêle.|Disposez les épinards et le fromage sur la tortilla.|Pliez et réchauffez jusqu'à ce que le fromage fonde.,430,20,38,24,1,10,Tortilla:1:pcs;Épinards:40:g;Fromage à pâte dure:50:g;Huile d'olive:1:tsp,"
petit-déjeuner;tortilla;fromage;épinards"
tortilla-cheese-spinach,he,טורטייה עם גבינה ותרד,מכמישים מעט את התרד במחבת.|מניחים תרד וגבינה על הטורטייה.|מקפלים ומחממים עד שהגבינה נמסה.,430,20,38,24,1,10,טורטייה:1:pcs;תרד:40:g;גבינה קשה:50:g;שמן זית:1:tsp,ארוחת בוקר;טורטייה;גבינה;תרד
tortilla-cheese-spinach,hi,पनीर और पालक टॉर्टिला,पालक को पैन में हल्का पकाएं।|टॉर्टिला पर पालक और पनीर रखें।|मोड़ें और पनीर पिघलने तक गर्म करें।,430,20,38,24,1,10,टॉर्टिला:1:pcs;पालक:40:g;हार्ड चीज़:50:g;जैतून का तेल:1:tsp,नाश्ता;टॉर्टिला;चीज़;पालक
tortilla-cheese-spinach,id,Tortilla dengan Keju dan Bayam,Layu bayam sebentar di wajan.|Letakkan bayam dan keju di atas tortilla.|Lipat dan panaskan hingga keju meleleh.,430,20,38,24,1,10,Tortilla:1:pcs;Bayam:40:g;Keju keras:50:g;Minyak zaitun:1:tsp,sarapan;tortilla;keju;bayam
tortilla-cheese-spinach,it,Tortilla con formaggio e spinaci,Appassire leggermente gli spinaci in padella.|Disporre spinaci e formaggio sulla tortilla.|Piegare e scaldare fino a sciogliere il formaggio.,430,20,38,24,1,10,Tortilla:1:pcs;Spinaci:40:g;Formaggio stagionato:50:g;Olio d'oliva:1:tsp,colazione;tortilla;formaggio;spinaci
tortilla-cheese-spinach,ja,チーズとほうれん草のトルティーヤ,ほうれん草をフライパンで軽くしんなりさせる。|トルティーヤにほうれん草とチーズをのせる。|折りたたんでチーズが溶けるまで加熱する。,430,20,38,24,1,10,トルティーヤ:1:pcs;ほうれん草:40:g;ハードチーズ:50:g;オリーブオイル:1:tsp,朝食;トルティーヤ;チーズ;ほうれん草
tortilla-cheese-spinach,ko,치즈 시금치 토르티야,시금치를 팬에 살짝 볶는다.|토르티야에 시금치와 치즈를 올린다.|접어서 치즈가 녹을 때까지 가열한다.,430,20,38,24,1,10,토르티야:1:pcs;시금치:40:g;경질 치즈:50:g;올리브유:1:tsp,아침식사;토르티야;치즈;시금치
tortilla-cheese-spinach,nl,Tortilla met kaas en spinazie,Laat de spinazie licht slinken in een pan.|Leg spinazie en kaas op de tortilla.|Vouw dicht en verwarm tot de kaas smelt.,430,20,38,24,1,10,Tortilla:1:pcs;Spinazie:40:g;Harde kaas:50:g;Olijfolie:1:tsp,ontbijt;tortilla;kaas;spinazie
tortilla-cheese-spinach,pl,Tortilla z serem i szpinakiem,"Lekko podsmaż szpinak na patelni.|Ułóż szpinak i ser na tortilli.|Złóż na pół i podgrzewaj, aż ser się roztopi.",430,20,38,24,1,10,Tortilla:1:pcs;Szpinak:40:g;Ser twardy:50:g;Oliwa z oliwek:1:tsp,śniadanie;tortilla;ser;szpinak
tortilla-cheese-spinach,pt-BR,Tortilha com queijo e espinafre,Refogue levemente o espinafre na frigideira.|Coloque espinafre e queijo na tortilha.|Dobre e aqueça até o queijo derreter.,430,20,38,24,1,10,Tortilha:1:pcs;Espinafre:40:g;Queijo duro:50:g;Azeite de oliva:1:tsp,café da manhã;tortilha;queijo;espinafre
tortilla-cheese-spinach,ru,Тортилья с сыром и шпинатом,Слегка припустите шпинат на сковороде.|Выложите шпинат и сыр на тортилью.|Сложите и прогрейте до расплавления сыра.,430,20,38,24,1,10,Тортилья:1:pcs;Шпинат:40:g;Твёрдый сыр:50:g;Оливковое масло:1:tsp,завтрак;тортилья;сыр;шпинат
tortilla-cheese-spinach,th,ตอร์ตียาชีสและผักโขม,ผัดผักโขมในกระทะเบาๆ|วางผักโขมและชีสบนตอร์ตียา|พับและอุ่นจนชีสละลาย,430,20,38,24,1,10,ตอร์ตียา:1:pcs;ผักโขม:40:g;ชีสแข็ง:50:g;น้ำมันมะกอก:1:tsp,อาหารเช้า;ตอร์ตียา;ชีส;ผักโขม
tortilla-cheese-spinach,tr,Peynirli ve Ispanaklı Tortilla,Ispanağı tavada hafifçe soldurarak pişirin.|Tortillanın üzerine ıspanak ve peynir koyun.|Katlayın ve peynir eriyene kadar ısıtın.,430,20,38,24,1,10,Tortilla:1:pcs;Ispanak:40:g;Sert peynir:50:g;Zeytinyağı:1:tsp,kahvaltı;tortilla;peynir;ıspanak
tortilla-cheese-spinach,uk,Тортилья з сиром і шпинатом,Шпинат злегка припустіть на сковороді.|Викладіть шпинат і сир на тортилью.|Загорніть і прогрійте до розплавлення сиру.,430,20,38,24,1,10,Тортилья:1:pcs;Шпинат:40:g;Твердий сир:50:g;Оливкова олія:1:tsp,сніданок;тортилья;сир;шпинат
tortilla-cheese-spinach,vi,Bánh tortilla phô mai và rau bina,Xào rau bina sơ qua trên chảo.|Đặt rau bina và phô mai lên bánh tortilla.|Gập lại và hâm nóng đến khi phô mai tan chảy.,430,20,38,24,1,10,Bánh tortilla:1:pcs;Rau bina:40:g;Phô mai cứng:50:g;Dầu ô liu:1:tsp,bữa sáng;tortilla;phô mai;rau bina
tortilla-cheese-spinach,zh-Hans,芝士菠菜卷饼,在锅中将菠菜略微炒软。|在卷饼上放菠菜和芝士。|对折加热至芝士融化。,430,20,38,24,1,10,卷饼:1:pcs;菠菜:40:g;硬质奶酪:50:g;橄榄油:1:tsp,早餐;卷饼;奶酪;菠菜
baked-eggs-spinach-cream,ar,بيض مخبوز بالسبانخ والقشطة,ضع السبانخ في صينية الفرن.|اكسر البيض فوقها وأضف القشطة.|رش الجبن.|اخبز على 180 درجة مئوية لمدة 12-15 دقيقة.,460,22,8,36,1,20,بيض:2:pcs;قشطة:60:ml;سبانخ:40:g;جبن صلب:40:g;ملح:1:tsp,فطور;بيض مخبوز;سبانخ;قشطة
baked-eggs-spinach-cream,de,Gebackene Eier mit Spinat und Sahne,Spinat in eine Auflaufform geben.|Eier aufschlagen und Sahne hinzufügen.|Mit Käse bestreuen.|Bei 180°C 12–15 Minuten backen.,460,22,8,36,1,20,Eier:2:pcs;Sahne:60:ml;Spinat:40:g;Hartkäse:40:g;Salz:1:tsp,Frühstück;gebackene Eier;Spinat;Sahne
baked-eggs-spinach-cream,en,Baked Eggs with Spinach and Cream,"Place spinach in a baking dish.|Crack eggs, add cream.|Sprinkle with cheese.|Bake at 180°C for 12-15 minutes.",460,22,8,36,1,20,Eggs:2:pcs;Heavy cream:60:ml;Spinach:40:g;Hard cheese:40:g;Salt:1:tsp,breakfast;baked eggs;spinach;cream
baked-eggs-spinach-cream,es,Huevos al horno con espinacas y nata,Coloca las espinacas en una fuente de horno.|Casca los huevos y añade la nata.|Espolvorea con queso.|Hornea a 180°C durante 12-15 minutos.,460,22,8,36,1,20,Huevos:2:pcs;Nata:60:ml;Espinacas:40:g;Queso duro:40:g;Sal:1:tsp,desayuno;huevos al horno;espinacas;nata
baked-eggs-spinach-cream,fr,Œufs au four aux épinards et à la crème,"Disposez les épinards dans un plat allant au four.|Cassez les œufs, ajoutez la crème.|Saupoudrez de fromage.|Faites cuire au four à 180°C pendant 12-15 minutes.",460,22,8,36,1,20,Œufs:2:pcs;Crème épaisse:60:ml;Épinards:40:g;Fromage à pâte dure:40:g;Sel:1:tsp,"
petit-déjeuner;œufs au four;épinards;crème"
baked-eggs-spinach-cream,he,ביצים אפויות עם תרד ושמנת,מניחים את התרד בתבנית אפייה.|שוברים ביצים ומוסיפים שמנת.|מפזרים גבינה.|אופים ב-180 מעלות במשך 12-15 דקות.,460,22,8,36,1,20,ביצים:2:pcs;שמנת מתוקה:60:ml;תרד:40:g;גבינה קשה:40:g;מלח:1:tsp,ארוחת בוקר;ביצים אפויות;תרד;שמנת
baked-eggs-spinach-cream,hi,पालक और क्रीम के साथ बेक्ड अंडे,"बेकिंग डिश में पालक रखें।|अंडे तोड़ें, क्रीम डालें।|चीज़ छिड़कें।|180°C पर 12-15 मिनट बेक करें।",460,22,8,36,1,20,अंडे:2:pcs;हैवी क्रीम:60:ml;पालक:40:g;हार्ड चीज़:40:g;नमक:1:tsp,नाश्ता;बेक्ड अंडे;पालक;क्रीम
baked-eggs-spinach-cream,id,Telur Panggang dengan Bayam dan Krim,"Letakkan bayam dalam loyang.|Pecahkan telur, tambahkan krim.|Taburi keju.|Panggang pada suhu 180°C selama 12-15 menit.",460,22,8,36,1,20,Telur:2:pcs;Krim kental:60:ml;Bayam:40:g;Keju keras:40:g;Garam:1:tsp,sarapan;telur panggang;bayam;krim
baked-eggs-spinach-cream,it,Uova al forno con spinaci e panna,Disporre gli spinaci in una pirofila.|Rompere le uova e aggiungere la panna.|Cospargere di formaggio.|Infornare a 180°C per 12-15 minuti.,460,22,8,36,1,20,Uova:2:pcs;Panna:60:ml;Spinaci:40:g;Formaggio stagionato:40:g;Sale:1:tsp,colazione;uova al forno;spinaci;panna
baked-eggs-spinach-cream,ja,ほうれん草とクリームの焼き卵,耐熱皿にほうれん草を入れる。|卵を割り入れ、クリームを加える。|チーズをふりかける。|180°Cで12〜15分焼く。,460,22,8,36,1,20,卵:2:pcs;生クリーム:60:ml;ほうれん草:40:g;ハードチーズ:40:g;塩:1:tsp,朝食;焼き卵;ほうれん草;クリーム
baked-eggs-spinach-cream,ko,시금치 크림 오븐 달걀,베이킹 접시에 시금치를 깔아준다.|달걀을 깨 넣고 크림을 추가한다.|치즈를 뿌린다.|180°C에서 12~15분 굽는다.,460,22,8,36,1,20,달걀:2:pcs;생크림:60:ml;시금치:40:g;경질 치즈:40:g;소금:1:tsp,아침식사;구운 달걀;시금치;크림
baked-eggs-spinach-cream,nl,Gebakken eieren met spinazie en room,Doe de spinazie in een ovenschaal.|Breek de eieren erboven en voeg room toe.|Bestrooi met kaas.|Bak op 180°C gedurende 12-15 minuten.,460,22,8,36,1,20,Eieren:2:pcs;Slagroom:60:ml;Spinazie:40:g;Harde kaas:40:g;Zout:1:tsp,ontbijt;gebakken eieren;spinazie;room
baked-eggs-spinach-cream,pl,Pieczone jajka ze szpinakiem i śmietanką,"Ułóż szpinak w naczyniu żaroodpornym.|Wbij jajka, dodaj śmietankę.|Posyp serem.|Piecz w 180°C przez 12-15 minut.",460,22,8,36,1,20,Jajka:2:pcs;Śmietanka:60:ml;Szpinak:40:g;Ser twardy:40:g;Sól:1:tsp,śniadanie;pieczone jajka;szpinak;śmietanka
baked-eggs-spinach-cream,pt-BR,Ovos assados com espinafre e creme,Coloque o espinafre em um refratário.|Quebre os ovos e adicione o creme.|Polvilhe com queijo.|Asse a 180°C por 12-15 minutos.,460,22,8,36,1,20,Ovos:2:pcs;Creme de leite:60:ml;Espinafre:40:g;Queijo duro:40:g;Sal:1:tsp,café da manhã;ovos assados;espinafre;creme
baked-eggs-spinach-cream,ru,Запечённые яйца со шпинатом и сливками,"Выложите шпинат в форму для запекания.|Вбейте яйца, добавьте сливки.|Посыпьте сыром.|Запекайте при 180°C 12–15 минут.",460,22,8,36,1,20,Яйца:2:pcs;Сливки:60:ml;Шпинат:40:g;Твёрдый сыр:40:g;Соль:1:tsp,завтрак;запечённые яйца;шпинат;сливки
baked-eggs-spinach-cream,th,ไข่อบผักโขมกับครีม,วางผักโขมในถาดอบ|ตอกไข่ ใส่ครีม|โรยชีส|อบที่ 180°C นาน 12-15 นาที,460,22,8,36,1,20,ไข่:2:pcs;ครีมข้น:60:ml;ผักโขม:40:g;ชีสแข็ง:40:g;เกลือ:1:tsp,อาหารเช้า;ไข่อบ;ผักโขม;ครีม
baked-eggs-spinach-cream,tr,Ispanaklı ve Kremalı Fırında Yumurta,"Ispanağı fırın kabına yerleştirin.|Yumurtaları kırın, krema ekleyin.|Peynir serpin.|180°C'de 12-15 dakika pişirin.",460,22,8,36,1,20,Yumurta:2:pcs;Krema:60:ml;Ispanak:40:g;Sert peynir:40:g;Tuz:1:tsp,kahvaltı;fırında yumurta;ıspanak;krema
baked-eggs-spinach-cream,uk,Запечені яйця зі шпинатом і вершками,"Шпинат викладіть у форму.|Вбийте яйця, додайте вершки.|Посипте сиром.|Запікайте при 180°C 12–15 хвилин.",460,22,8,36,1,20,Яйця:2:pcs;Вершки:60:ml;Шпинат:40:g;Твердий сир:40:g;Сіль:1:tsp,сніданок;запечені яйця;шпинат;вершки
baked-eggs-spinach-cream,vi,Trứng nướng với rau bina và kem,"Đặt rau bina vào khay nướng.|Đập trứng, thêm kem.|Rắc phô mai.|Nướng ở 180°C trong 12-15 phút.",460,22,8,36,1,20,Trứng:2:pcs;Kem béo:60:ml;Rau bina:40:g;Phô mai cứng:40:g;Muối:1:tsp,bữa sáng;trứng nướng;rau bina;kem
baked-eggs-spinach-cream,zh-Hans,菠菜奶油烤鸡蛋,将菠菜放入烤盘。|打入鸡蛋，加入奶油。|撒上奶酪。|在180°C下烤12-15分钟。,460,22,8,36,1,20,鸡蛋:2:pcs;浓奶油:60:ml;菠菜:40:g;硬质奶酪:40:g;盐:1:tsp,早餐;烤蛋;菠菜;奶油
breakfast-quesadilla,ar,كيساديا الإفطار بالجبن والبيض,اقلِ البيض.|ضع البيض والجبن على نصف التورتيلا.|اطوِها واقلِها حتى تصبح ذهبية.,450,22,36,26,1,10,تورتيلا:1:pcs;بيض:1:pcs;جبن:60:g;زبدة:5:g,فطور;كيساديا;جبن;بيض
breakfast-quesadilla,de,Frühstücks-Quesadilla mit Käse und Ei,Ei braten.|Ei und Käse auf eine Hälfte der Tortilla legen.|Zusammenklappen und goldbraun braten.,450,22,36,26,1,10,Tortilla:1:pcs;Ei:1:pcs;Käse:60:g;Butter:5:g,Frühstück;Quesadilla;Käse;Ei
breakfast-quesadilla,en,Breakfast Quesadilla with Cheese and Egg,Fry the egg.|Place egg and cheese on half of the tortilla.|Fold in half and fry until golden.,450,22,36,26,1,10,Tortilla:1:pcs;Egg:1:pcs;Cheese:60:g;Butter:5:g,breakfast;quesadilla;cheese;egg
breakfast-quesadilla,es,Quesadilla de desayuno con queso y huevo,Fríe el huevo.|Coloca el huevo y el queso en la mitad de la tortilla.|Dobla por la mitad y fríe hasta que esté dorado.,450,22,36,26,1,10,Tortilla:1:pcs;Huevo:1:pcs;Queso:60:g;Mantequilla:5:g,desayuno;quesadilla;queso;huevo
breakfast-quesadilla,fr,Quesadilla du petit-déjeuner au fromage et œuf,Faites frire l'œuf.|Placez l'œuf et le fromage sur la moitié de la tortilla.|Pliez en deux et faites dorer.,450,22,36,26,1,10,Tortilla:1:pcs;Œuf:1:pcs;Fromage:60:g;Beurre:5:g,"
petit-déjeuner;quesadilla;fromage;œuf"
breakfast-quesadilla,he,קסדייה ארוחת בוקר עם גבינה וביצה,מטגנים את הביצה.|מניחים ביצה וגבינה על חצי מהטורטייה.|מקפלים לחצי ומטגנים עד להזהבה.,450,22,36,26,1,10,טורטייה:1:pcs;ביצה:1:pcs;גבינה:60:g;חמאה:5:g,ארוחת בוקר;קסדייה;גבינה;ביצה
breakfast-quesadilla,hi,ब्रेकफास्ट क्वेसाडिला पनीर और अंडे के साथ,अंडा तलें।|टॉर्टिला के आधे हिस्से पर अंडा और पनीर रखें।|आधा मोड़ें और सुनहरा होने तक तलें।,450,22,36,26,1,10,टॉर्टिला:1:pcs;अंडा:1:pcs;चीज़:60:g;मक्खन:5:g,नाश्ता;क्वेसाडिला;चीज़;अंडा
breakfast-quesadilla,id,Quesadilla Sarapan dengan Keju dan Telur,Goreng telur.|Letakkan telur dan keju di setengah tortilla.|Lipat menjadi dua dan goreng hingga keemasan.,450,22,36,26,1,10,Tortilla:1:pcs;Telur:1:pcs;Keju:60:g;Mentega:5:g,sarapan;quesadilla;keju;telur
breakfast-quesadilla,it,Quesadilla per colazione con formaggio e uovo,Friggere l'uovo.|Posizionare uovo e formaggio su metà tortilla.|Piegare a metà e friggere fino a doratura.,450,22,36,26,1,10,Tortilla:1:pcs;Uovo:1:pcs;Formaggio:60:g;Burro:5:g,colazione;quesadilla;formaggio;uovo
breakfast-quesadilla,ja,朝食チーズエッグケサディーヤ,卵を焼く。|トルティーヤの半分に卵とチーズをのせる。|半分に折りたたみ、きつね色になるまで焼く。,450,22,36,26,1,10,トルティーヤ:1:pcs;卵:1:pcs;チーズ:60:g;バター:5:g,朝食;ケサディーヤ;チーズ;卵
breakfast-quesadilla,ko,아침 치즈 달걀 케사디야,달걀을 부친다.|토르티야 반쪽에 달걀과 치즈를 올린다.|반으로 접어 노릇하게 굽는다.,450,22,36,26,1,10,토르티야:1:pcs;달걀:1:pcs;치즈:60:g;버터:5:g,아침식사;케사디야;치즈;달걀
breakfast-quesadilla,nl,Ontbijt-quesadilla met kaas en ei,Bak het ei.|Leg ei en kaas op de helft van de tortilla.|Vouw dubbel en bak tot goudbruin.,450,22,36,26,1,10,Tortilla:1:pcs;Ei:1:pcs;Kaas:60:g;Boter:5:g,ontbijt;quesadilla;kaas;ei
breakfast-quesadilla,pl,Śniadaniowa quesadilla z serem i jajkiem,Usmaż jajko.|Ułóż jajko i ser na połowie tortilli.|Złóż na pół i smaż do złotego koloru.,450,22,36,26,1,10,Tortilla:1:pcs;Jajko:1:pcs;Ser:60:g;Masło:5:g,śniadanie;quesadilla;ser;jajko
breakfast-quesadilla,pt-BR,Quesadilla de café da manhã com queijo e ovo,Frite o ovo.|Coloque o ovo e o queijo em metade da tortilha.|Dobre ao meio e frite até dourar.,450,22,36,26,1,10,Tortilha:1:pcs;Ovo:1:pcs;Queijo:60:g;Manteiga:5:g,café da manhã;quesadilla;queijo;ovo
breakfast-quesadilla,ru,Завтрак-кесадилья с сыром и яйцом,Обжарьте яйцо.|Выложите яйцо и сыр на половину тортильи.|Сложите пополам и обжарьте до золотистости.,450,22,36,26,1,10,Тортилья:1:pcs;Яйцо:1:pcs;Сыр:60:g;Сливочное масло:5:g,завтрак;кесадилья;сыр;яйцо
breakfast-quesadilla,th,เคซาดียาไข่และชีสมื้อเช้า,ทอดไข่|วางไข่และชีสบนตอร์ตียาครึ่งหนึ่ง|พับครึ่งแล้วทอดจนเหลืองทอง,450,22,36,26,1,10,ตอร์ตียา:1:pcs;ไข่:1:pcs;ชีส:60:g;เนย:5:g,อาหารเช้า;เคซาดียา;ชีส;ไข่
breakfast-quesadilla,tr,Kahvaltı Quesadilla'sı Peynir ve Yumurta ile,Yumurtayı kızartın.|Tortillanın yarısına yumurta ve peynir yerleştirin.|İkiye katlayın ve altın rengi olana kadar kızartın.,450,22,36,26,1,10,Tortilla:1:pcs;Yumurta:1:pcs;Peynir:60:g;Tereyağı:5:g,kahvaltı;quesadilla;peynir;yumurta
breakfast-quesadilla,uk,Сніданкова кесаділья з сиром і яйцем,Яйце обсмажте.|Викладіть яйце та сир на половину тортильї.|Складіть навпіл і обсмажте до золотистості.,450,22,36,26,1,10,Тортилья:1:pcs;Яйце:1:pcs;Сир:60:g;Вершкове масло:5:g,сніданок;кесаділья;сир;яйце
breakfast-quesadilla,vi,Quesadilla trứng phô mai bữa sáng,Chiên trứng.|Đặt trứng và phô mai lên nửa bánh tortilla.|Gập đôi và chiên đến vàng giòn.,450,22,36,26,1,10,Bánh tortilla:1:pcs;Trứng:1:pcs;Phô mai:60:g;Bơ:5:g,bữa sáng;quesadilla;phô mai;trứng
breakfast-quesadilla,zh-Hans,早餐芝士鸡蛋薄饼,煎鸡蛋。|将鸡蛋和芝士放在卷饼的一半上。|对折后煎至金黄。,450,22,36,26,1,10,卷饼:1:pcs;鸡蛋:1:pcs;芝士:60:g;黄油:5:g,早餐;薄饼;芝士;鸡蛋
yogurt-egg-toast,ar,توست الإفطار الدافئ مع البيض وصلصة الزبادي,حضّر البيض مسلوقاً أو مقلياً.|اخلط الزبادي مع عصير الليمون والملح.|حمّص الخبز وادهنه بالصلصة.|ضع البيض فوقه.,320,16,30,14,1,10,خبز:1:pcs;بيض:1:pcs;زبادي يوناني:50:g;عصير ليمون:1:tsp;ملح:1:tsp,فطور;توست;بيض;زبادي
yogurt-egg-toast,de,Warmer Frühstückstoast mit Ei und Joghurtsoße,Ei pochieren oder braten.|Joghurt mit Zitronensaft und Salz mischen.|Brot toasten und Soße aufstreichen.|Ei obenauf setzen.,320,16,30,14,1,10,Brot:1:pcs;Ei:1:pcs;Griechischer Joghurt:50:g;Zitronensaft:1:tsp;Salz:1:tsp,Frühstück;Toast;Ei;Joghurt
yogurt-egg-toast,en,Warm Breakfast Toast with Egg and Yogurt Sauce,"Poach or fry the egg.|Mix yogurt with lemon juice and salt.|Toast bread, spread sauce.|Place egg on top.",320,16,30,14,1,10,Bread:1:pcs;Egg:1:pcs;Greek yogurt:50:g;Lemon juice:1:tsp;Salt:1:tsp,breakfast;toast;egg;yogurt
yogurt-egg-toast,es,Tostada caliente de desayuno con huevo y salsa de yogur,Prepara el huevo escalfado o frito.|Mezcla el yogur con jugo de limón y sal.|Tuesta el pan y unta la salsa.|Coloca el huevo encima.,320,16,30,14,1,10,Pan:1:pcs;Huevo:1:pcs;Yogur griego:50:g;Jugo de limón:1:tsp;Sal:1:tsp,desayuno;tostada;huevo;yogur
yogurt-egg-toast,fr,Toast chaud du petit-déjeuner avec œuf et sauce au yaourt,Pochez ou faites frire l'œuf.|Mélangez le yaourt avec le jus de citron et le sel.|Faites griller le pain et tartinez la sauce.|Posez l'œuf dessus.,320,16,30,14,1,10,Pain:1:pcs;Œuf:1:pcs;Yaourt grec:50:g;Jus de citron:1:tsp;Sel:1:tsp,"
petit-déjeuner;toast;œuf;yaourt"
yogurt-egg-toast,he,טוסט ארוחת בוקר חם עם ביצה ורוטב יוגורט,מכינים ביצה עלומה או מטוגנת.|מערבבים יוגורט עם מיץ לימון ומלח.|מקלים לחם ומורחים את הרוטב.|מניחים את הביצה מעל.,320,16,30,14,1,10,לחם:1:pcs;ביצה:1:pcs;יוגורט יווני:50:g;מיץ לימון:1:tsp;מלח:1:tsp,ארוחת בוקר;טוסט;ביצה;יוגורט
yogurt-egg-toast,hi,अंडे और दही सॉस के साथ गर्म ब्रेकफास्ट टोस्ट,"अंडा पोच या फ्राई करें।|दही को नींबू के रस और नमक के साथ मिलाएं।|ब्रेड टोस्ट करें, सॉस लगाएं।|ऊपर अंडा रखें।",320,16,30,14,1,10,ब्रेड:1:pcs;अंडा:1:pcs;ग्रीक योगर्ट:50:g;नींबू का रस:1:tsp;नमक:1:tsp,नाश्ता;टोस्ट;अंडा;दही
yogurt-egg-toast,id,Toast Sarapan Hangat dengan Telur dan Saus Yogurt,"Rebus atau goreng telur.|Campur yogurt dengan perasan lemon dan garam.|Panggang roti, oleskan saus.|Letakkan telur di atas.",320,16,30,14,1,10,Roti:1:pcs;Telur:1:pcs;Yogurt Yunani:50:g;Perasan lemon:1:tsp;Garam:1:tsp,sarapan;toast;telur;yogurt
yogurt-egg-toast,it,Toast caldo per colazione con uovo e salsa allo yogurt,Preparare l'uovo in camicia o fritto.|Mescolare lo yogurt con il succo di limone e il sale.|Tostare il pane e spalmare la salsa.|Adagiare l'uovo sopra.,320,16,30,14,1,10,Pane:1:pcs;Uovo:1:pcs;Yogurt greco:50:g;Succo di limone:1:tsp;Sale:1:tsp,colazione;toast;uovo;yogurt
yogurt-egg-toast,ja,卵とヨーグルトソースの温かい朝食トースト,卵をポーチドエッグまたは目玉焼きにする。|ヨーグルトにレモン汁と塩を混ぜる。|パンをトーストし、ソースを塗る。|卵をのせる。,320,16,30,14,1,10,パン:1:pcs;卵:1:pcs;ギリシャヨーグルト:50:g;レモン汁:1:tsp;塩:1:tsp,朝食;トースト;卵;ヨーグルト
yogurt-egg-toast,ko,달걀과 요거트 소스 아침 토스트,달걀을 수란 또는 프라이로 만든다.|요거트에 레몬즙과 소금을 섞는다.|빵을 토스트하고 소스를 바른다.|달걀을 올린다.,320,16,30,14,1,10,빵:1:pcs;달걀:1:pcs;그릭 요거트:50:g;레몬즙:1:tsp;소금:1:tsp,아침식사;토스트;달걀;요거트
yogurt-egg-toast,nl,Warme ontbijttoast met ei en yoghurtsaus,Pocheer of bak het ei.|Meng yoghurt met citroensap en zout.|Toast het brood en smeer de saus erop.|Leg het ei erop.,320,16,30,14,1,10,Brood:1:pcs;Ei:1:pcs;Griekse yoghurt:50:g;Citroensap:1:tsp;Zout:1:tsp,ontbijt;toast;ei;yoghurt
yogurt-egg-toast,pl,Ciepły śniadaniowy toast z jajkiem i sosem jogurtowym,Przygotuj jajko w koszulce lub sadzone.|Wymieszaj jogurt z sokiem z cytryny i solą.|Opiecz chleb i posmaruj sosem.|Ułóż jajko na wierzchu.,320,16,30,14,1,10,Chleb:1:pcs;Jajko:1:pcs;Jogurt grecki:50:g;Sok z cytryny:1:tsp;Sól:1:tsp,śniadanie;toast;jajko;jogurt
yogurt-egg-toast,pt-BR,Torrada quente de café da manhã com ovo e molho de iogurte,Prepare o ovo pochê ou frito.|Misture o iogurte com suco de limão e sal.|Torre o pão e espalhe o molho.|Coloque o ovo por cima.,320,16,30,14,1,10,Pão:1:pcs;Ovo:1:pcs;Iogurte grego:50:g;Suco de limão:1:tsp;Sal:1:tsp,café da manhã;torrada;ovo;iogurte
yogurt-egg-toast,ru,Тёплый завтрак-тост с яйцом и йогуртовым соусом,Приготовьте яйцо пашот или жареное.|Смешайте йогурт с лимонным соком и солью.|Подсушите хлеб и намажьте соус.|Выложите яйцо сверху.,320,16,30,14,1,10,Хлеб:1:pcs;Яйцо:1:pcs;Греческий йогурт:50:g;Лимонный сок:1:tsp;Соль:1:tsp,завтрак;тост;яйцо;йогурт
yogurt-egg-toast,th,ขนมปังปิ้งไข่กับซอสโยเกิร์ตมื้อเช้า,ทำไข่ดาวน้ำหรือไข่ดาว|ผสมโยเกิร์ตกับน้ำมะนาวและเกลือ|ปิ้งขนมปัง ทาซอส|วางไข่ด้านบน,320,16,30,14,1,10,ขนมปัง:1:pcs;ไข่:1:pcs;โยเกิร์ตกรีก:50:g;น้ำมะนาว:1:tsp;เกลือ:1:tsp,อาหารเช้า;ขนมปังปิ้ง;ไข่;โยเกิร์ต
yogurt-egg-toast,tr,Yumurtalı ve Yoğurt Soslu Sıcak Kahvaltı Tostu,Yumurtayı poşe veya sahanda pişirin.|Yoğurdu limon suyu ve tuzla karıştırın.|Ekmeği kızartın ve sosu sürün.|Yumurtayı üzerine yerleştirin.,320,16,30,14,1,10,Ekmek:1:pcs;Yumurta:1:pcs;Süzme yoğurt:50:g;Limon suyu:1:tsp;Tuz:1:tsp,kahvaltı;tost;yumurta;yoğurt
yogurt-egg-toast,uk,Теплий сніданковий тост з яйцем і соусом йогурт,"Яйце приготуйте пашот або смажене.|Йогурт змішайте з лимонним соком і сіллю.|Хліб підсушіть, намажте соус.|Викладіть яйце зверху.",320,16,30,14,1,10,Хліб:1:pcs;Яйце:1:pcs;Йогурт грецький:50:g;Лимонний сік:1:tsp;Сіль:1:tsp,сніданок;тост;яйце;йогурт
yogurt-egg-toast,vi,Bánh mì nướng trứng và sốt sữa chua bữa sáng,"Luộc chần hoặc chiên trứng.|Trộn sữa chua với nước chanh và muối.|Nướng bánh mì, phết sốt.|Đặt trứng lên trên.",320,16,30,14,1,10,Bánh mì:1:pcs;Trứng:1:pcs;Sữa chua Hy Lạp:50:g;Nước chanh:1:tsp;Muối:1:tsp,bữa sáng;bánh mì nướng;trứng;sữa chua
yogurt-egg-toast,zh-Hans,鸡蛋酸奶酱早餐暖吐司,将鸡蛋做成水波蛋或煎蛋。|将酸奶与柠檬汁和盐混合。|烤面包，涂上酱料。|将鸡蛋放在上面。,320,16,30,14,1,10,面包:1:pcs;鸡蛋:1:pcs;希腊酸奶:50:g;柠檬汁:1:tsp;盐:1:tsp,早餐;吐司;鸡蛋;酸奶
oatmeal-berries-honey,ar,شوفان بالحليب مع التوت والعسل,في قدر، اغلي الحليب وأضيفي رشة ملح.|أضيفي رقائق الشوفان وخففي النار.|اطبخي لمدة 7-10 دقائق مع التحريك من حين لآخر حتى يصبح كريمياً.|انقلي العصيدة إلى طبق وأضيفي التوت.|رشي العسل قبل التقديم.,350,11,58,8,1,15,رقائق الشوفان:50:g;حليب:200:ml;توت:70:g;عسل:1:tsp;ملح:1:tsp,فطور;حلو
oatmeal-berries-honey,de,Haferbrei mit Beeren und Honig,"Milch in einem Topf zum Kochen bringen, eine Prise Salz hinzufügen.|Haferflocken hinzufügen, Hitze reduzieren.|7-10 Minuten unter gelegentlichem Rühren kochen, bis es cremig ist.|In einen Teller umfüllen, Beeren hinzufügen.|Vor dem Servieren mit Honig beträufeln.",350,11,58,8,1,15,Haferflocken:50:g;Milch:200:ml;Beeren:70:g;Honig:1:tsp;Salz:1:tsp,Frühstück;süß
oatmeal-berries-honey,en,Milk Oatmeal with Berries and Honey,"Bring milk to a boil in a saucepan, add a pinch of salt.|Add oat flakes, reduce heat.|Cook for 7-10 minutes, stirring occasionally, until creamy.|Transfer to a plate, add berries.|Drizzle with honey before serving.",350,11,58,8,1,15,Oat flakes:50:g;Milk:200:ml;Berries:70:g;Honey:1:tsp;Salt:1:tsp,breakfast;sweet
oatmeal-berries-honey,es,"Avena con leche, bayas y miel","Lleva la leche a ebullición en una cacerola, añade una pizca de sal.|Agrega los copos de avena, reduce el fuego.|Cocina durante 7-10 minutos, removiendo de vez en cuando, hasta que quede cremoso.|Transfiere al plato, añade las bayas.|Rocía con miel antes de servir.",350,11,58,8,1,15,Copos de avena:50:g;Leche:200:ml;Bayas:70:g;Miel:1:tsp;Sal:1:tsp,desayuno;dulce
oatmeal-berries-honey,fr,Porridge au lait avec baies et miel,"Portez le lait à ébullition dans une casserole, ajoutez une pincée de sel.|Ajoutez les flocons d'avoine, réduisez le feu.|Cuisez pendant 7-10 minutes en remuant de temps en temps jusqu'à consistance crémeuse.|Transférez dans une assiette, ajoutez les baies.|Arrosez de miel avant de servir.",350,11,58,8,1,15,Flocons d'avoine:50:g;Lait:200:ml;Baies:70:g;Miel:1:tsp;Sel:1:tsp,"
petit-déjeuner;sucré"
oatmeal-berries-honey,he,שיבולת שועל בחלב עם פירות יער ודבש,"הביאו חלב לרתיחה בסיר, הוסיפו קורט מלח.|הוסיפו פתיתי שיבולת שועל, הנמיכו את האש.|בשלו 7-10 דקות תוך כדי ערבוב מדי פעם עד לקבלת מרקם קרמי.|העבירו לצלחת, הוסיפו פירות יער.|טפטפו דבש לפני ההגשה.",350,11,58,8,1,15,פתיתי שיבולת שועל:50:g;חלב:200:ml;פירות יער:70:g;דבש:1:tsp;מלח:1:tsp,ארוחת בוקר;מתוק
oatmeal-berries-honey,hi,दूध का दलिया बेरी और शहद के साथ,"एक सॉसपैन में दूध उबालें, एक चुटकी नमक डालें.|ओट फ्लेक्स डालें, आंच कम करें.|बीच-बीच में हिलाते हुए 7-10 मिनट तक पकाएं जब तक क्रीमी न हो जाए.|प्लेट में निकालें, बेरी डालें.|परोसने से पहले शहद डालें.",350,11,58,8,1,15,ओट फ्लेक्स:50:g;दूध:200:ml;बेरी:70:g;शहद:1:tsp;नमक:1:tsp,नाश्ता;मीठा
oatmeal-berries-honey,id,Oatmeal Susu dengan Beri dan Madu,"Didihkan susu dalam panci, tambahkan sejumput garam.|Tambahkan oat, kecilkan api.|Masak selama 7-10 menit sambil sesekali diaduk hingga creamy.|Pindahkan ke piring, tambahkan beri.|Siram dengan madu sebelum disajikan.",350,11,58,8,1,15,Oat:50:g;Susu:200:ml;Beri:70:g;Madu:1:tsp;Garam:1:tsp,sarapan;manis
oatmeal-berries-honey,it,Porridge al latte con frutti di bosco e miele,"Portare il latte a ebollizione in un pentolino, aggiungere un pizzico di sale.|Aggiungere i fiocchi d'avena, ridurre il fuoco.|Cuocere per 7-10 minuti mescolando di tanto in tanto fino a ottenere una consistenza cremosa.|Trasferire nel piatto, aggiungere i frutti di bosco.|Guarnire con miele prima di servire.",350,11,58,8,1,15,Fiocchi d'avena:50:g;Latte:200:ml;Frutti di bosco:70:g;Miele:1:tsp;Sale:1:tsp,colazione;dolce
oatmeal-berries-honey,ja,ベリーとはちみつのミルクオートミール,鍋で牛乳を沸騰させ、塩をひとつまみ加える。|オートフレークを加え、火を弱める。|時々かき混ぜながら7〜10分間、クリーミーになるまで煮る。|皿に移し、ベリーを加える。|提供前にはちみつをかける。,350,11,58,8,1,15,オートフレーク:50:g;牛乳:200:ml;ベリー:70:g;はちみつ:1:tsp;塩:1:tsp,朝食;甘い
oatmeal-berries-honey,ko,베리와 꿀을 곁들인 우유 오트밀,냄비에 우유를 끓이고 소금 한 꼬집을 넣는다.|오트 플레이크를 넣고 불을 줄인다.|가끔 저으면서 7-10분간 크리미해질 때까지 끓인다.|접시에 옮겨 담고 베리를 올린다.|서빙 전에 꿀을 뿌린다.,350,11,58,8,1,15,오트 플레이크:50:g;우유:200:ml;베리:70:g;꿀:1:tsp;소금:1:tsp,아침식사;달콤한
oatmeal-berries-honey,nl,Havermoutpap met bessen en honing,"Breng melk aan de kook in een steelpan, voeg een snufje zout toe.|Voeg havervlokken toe, verlaag het vuur.|Kook 7-10 minuten, af en toe roerend, tot het romig is.|Schep over in een bord, voeg bessen toe.|Besprenkel met honing voor het serveren.",350,11,58,8,1,15,Havervlokken:50:g;Melk:200:ml;Bessen:70:g;Honing:1:tsp;Zout:1:tsp,ontbijt;zoet
oatmeal-berries-honey,pl,Owsianka na mleku z jagodami i miodem,"W garnku zagotuj mleko, dodaj szczypty soli.|Dodaj płatki owsiane, zmniejsz ogień.|Gotuj 7-10 minut, od czasu do czasu mieszając, aż będzie kremowa.|Przełóż na talerz, dodaj jagody.|Polej miodem przed podaniem.",350,11,58,8,1,15,Płatki owsiane:50:g;Mleko:200:ml;Jagody:70:g;Miód:1:tsp;Sól:1:tsp,śniadanie;słodkie
oatmeal-berries-honey,pt-BR,Mingau de aveia com frutas vermelhas e mel,"Ferva o leite em uma panela, adicione uma pitada de sal.|Adicione os flocos de aveia, reduza o fogo.|Cozinhe por 7-10 minutos, mexendo ocasionalmente, até ficar cremoso.|Transfira para um prato, adicione as frutas vermelhas.|Regue com mel antes de servir.",350,11,58,8,1,15,Flocos de aveia:50:g;Leite:200:ml;Frutas vermelhas:70:g;Mel:1:tsp;Sal:1:tsp,café da manhã;doce
oatmeal-berries-honey,ru,Овсянка на молоке с ягодами и мёдом,"В сотейнике доведите молоко до кипения, добавьте щепотку соли.|Всыпьте овсяные хлопья, уменьшите огонь.|Варите 7-10 минут, периодически помешивая, до кремовой текстуры.|Переложите кашу в тарелку, добавьте ягоды.|Перед подачей полейте мёдом.",350,11,58,8,1,15,Овсяные хлопья:50:g;Молоко:200:ml;Ягоды:70:g;Мёд:1:tsp;Соль:1:tsp,завтрак;сладкое
oatmeal-berries-honey,th,ข้าวโอ๊ตนมกับเบอร์รี่และน้ำผึ้ง,ต้มนมในหม้อ เติมเกลือหนึ่งหยิบมือ|ใส่ข้าวโอ๊ต ลดไฟ|ปรุงนาน 7-10 นาที คนเป็นครั้งคราวจนเนื้อครีมมี่|ตักใส่จาน เติมเบอร์รี่|ราดน้ำผึ้งก่อนเสิร์ฟ,350,11,58,8,1,15,ข้าวโอ๊ต:50:g;นม:200:ml;เบอร์รี่:70:g;น้ำผึ้ง:1:tsp;เกลือ:1:tsp,อาหารเช้า;หวาน
oatmeal-berries-honey,tr,Sütlü Yulaf Lapası Meyveli ve Ballı,"Sütü bir tencerede kaynatın, bir tutam tuz ekleyin.|Yulaf ezmesini ekleyin, ateşi kısın.|Ara sıra karıştırarak 7-10 dakika kreamsı olana kadar pişirin.|Tabağa aktarın, meyveleri ekleyin.|Servis etmeden önce bal gezdirin.",350,11,58,8,1,15,Yulaf ezmesi:50:g;Süt:200:ml;Meyveler:70:g;Bal:1:tsp;Tuz:1:tsp,kahvaltı;tatlı
oatmeal-berries-honey,uk,Вівсянка на молоці з ягодами та медом,"У сотейнику доведіть молоко до кипіння, додайте щіпку солі.|Всипте вівсяні пластівці, зменшіть вогонь.|Варіть 7–10 хвилин, періодично помішуючи, до кремової текстури.|Перекладіть кашу в тарілку, додайте ягоди.|Перед подачею полийте медом.",350,11,58,8,1,15,Вівсяні пластівці:50:g;Молоко:200:ml;Ягоди:70:g;Мед:1:tsp;Сіль:1:tsp,сніданок;солодке
oatmeal-berries-honey,vi,Cháo yến mạch sữa với quả mọng và mật ong,"Đun sôi sữa trong nồi, thêm một nhúm muối.|Cho yến mạch vào, giảm lửa.|Nấu 7-10 phút, thỉnh thoảng khuấy, cho đến khi mịn.|Chuyển ra đĩa, thêm quả mọng.|Rưới mật ong trước khi dùng.",350,11,58,8,1,15,Yến mạch:50:g;Sữa:200:ml;Quả mọng:70:g;Mật ong:1:tsp;Muối:1:tsp,bữa sáng;ngọt
oatmeal-berries-honey,zh-Hans,牛奶燕麦粥配浆果和蜂蜜,在锅中将牛奶煮沸，加一小撮盐。|加入燕麦片，转小火。|不时搅拌，煮7-10分钟至奶油状。|盛入盘中，加入浆果。|上桌前淋上蜂蜜。,350,11,58,8,1,15,燕麦片:50:g;牛奶:200:ml;浆果:70:g;蜂蜜:1:tsp;盐:1:tsp,早餐;甜的
sweet-syrnyky,ar,فطائر الجبن الطرية,اهرسي الجبن حتى يصبح ناعماً.|أضيفي البيض والسكر والفانيليا والدقيق واخلطي جيداً.|شكّلي فطائر متوسطة الحجم.|اقليها على نار متوسطة حتى تصبح ذهبية من الجانبين.|قدميها دافئة.,420,28,35,18,1,20,جبن قريش:200:g;بيضة:1:pcs;دقيق قمح:2:tbsp;سكر:1:tbsp;فانيليا:1:tsp;زيت:1:tbsp,فطور;حلو
sweet-syrnyky,de,Zarte Quarkpfannkuchen,"Quark glatt rühren.|Ei, Zucker, Vanille und Mehl hinzufügen, gut vermischen.|Mittelgroße Plätzchen formen.|Bei mittlerer Hitze von beiden Seiten goldbraun braten.|Warm servieren.",420,28,35,18,1,20,Quark:200:g;Ei:1:pcs;Weizenmehl:2:tbsp;Zucker:1:tbsp;Vanille:1:tsp;Öl:1:tbsp,Frühstück;süß
sweet-syrnyky,en,Tender Cottage Cheese Pancakes,"Mash cottage cheese until smooth.|Add egg, sugar, vanilla and flour, mix well.|Form medium-sized patties.|Fry on medium heat until golden crust on both sides.|Serve warm.",420,28,35,18,1,20,Cottage cheese:200:g;Egg:1:pcs;Wheat flour:2:tbsp;Sugar:1:tbsp;Vanilla:1:tsp;Oil:1:tbsp,breakfast;sweet
sweet-syrnyky,es,Tortitas de requesón tiernas,"Triture el requesón hasta que quede suave.|Agregue huevo, azúcar, vainilla y harina, mezcle bien.|Forme tortitas medianas.|Fría a fuego medio hasta que estén doradas por ambos lados.|Sirva calientes.",420,28,35,18,1,20,Requesón:200:g;Huevo:1:pcs;Harina de trigo:2:tbsp;Azúcar:1:tbsp;Vainilla:1:tsp;Aceite:1:tbsp,desayuno;dulce
sweet-syrnyky,fr,Syrnikis tendres au fromage blanc,"Écrasez le fromage blanc jusqu'à consistance lisse.|Ajoutez l'œuf, le sucre, la vanille et la farine, mélangez bien.|Formez des galettes de taille moyenne.|Faites frire à feu moyen jusqu'à obtenir une croûte dorée des deux côtés.|Servez chaud.",420,28,35,18,1,20,Fromage blanc:200:g;Œuf:1:pcs;Farine de blé:2:tbsp;Sucre:1:tbsp;Vanille:1:tsp;Huile:1:tbsp,"
petit-déjeuner;sucré"
sweet-syrnyky,he,לביבות גבינה רכות,"מעכו את הגבינה עד שהיא חלקה.|הוסיפו ביצה, סוכר, וניל וקמח, ערבבו היטב.|צרו לביבות בגודל בינוני.|טגנו על אש בינונית עד לקרום זהוב משני הצדדים.|הגישו חמות.",420,28,35,18,1,20,גבינת קוטג':200:g;ביצה:1:pcs;קמח חיטה:2:tbsp;סוכר:1:tbsp;וניל:1:tsp;שמן:1:tbsp,ארוחת בוקר;מתוק
sweet-syrnyky,hi,नरम पनीर पैनकेक,"पनीर को चिकना होने तक मैश करें।|अंडा, चीनी, वनीला और आटा डालें, अच्छी तरह मिलाएं।|मध्यम आकार की टिक्की बनाएं।|मध्यम आंच पर दोनों तरफ सुनहरा होने तक तलें।|गर्म परोसें।",420,28,35,18,1,20,पनीर:200:g;अंडा:1:pcs;गेहूं का आटा:2:tbsp;चीनी:1:tbsp;वनीला:1:tsp;तेल:1:tbsp,नाश्ता;मीठा
sweet-syrnyky,id,Pancake Keju Cottage Lembut,"Haluskan keju cottage hingga lembut.|Tambahkan telur, gula, vanila dan tepung, aduk rata.|Bentuk adonan menjadi bulatan sedang.|Goreng dengan api sedang hingga kecokelatan di kedua sisi.|Sajikan hangat.",420,28,35,18,1,20,Keju cottage:200:g;Telur:1:pcs;Tepung terigu:2:tbsp;Gula:1:tbsp;Vanila:1:tsp;Minyak:1:tbsp,sarapan;manis
sweet-syrnyky,it,Syrniki teneri alla ricotta,"Schiacciate la ricotta fino ad ottenere un composto liscio.|Aggiungete uovo, zucchero, vaniglia e farina, mescolate bene.|Formate delle frittelle di media grandezza.|Friggete a fuoco medio fino a doratura su entrambi i lati.|Servite caldi.",420,28,35,18,1,20,Ricotta:200:g;Uovo:1:pcs;Farina di grano:2:tbsp;Zucchero:1:tbsp;Vaniglia:1:tsp;Olio:1:tbsp,colazione;dolce
sweet-syrnyky,ja,ふんわりカッテージチーズパンケーキ,カッテージチーズを滑らかになるまで潰す。|卵、砂糖、バニラ、小麦粉を加えてよく混ぜる。|中くらいの大きさに成形する。|中火で両面がきつね色になるまで焼く。|温かいうちに盛り付ける。,420,28,35,18,1,20,カッテージチーズ:200:g;卵:1:pcs;小麦粉:2:tbsp;砂糖:1:tbsp;バニラ:1:tsp;油:1:tbsp,朝食;甘い
sweet-syrnyky,ko,부드러운 코티지치즈 팬케이크,"코티지치즈를 부드러워질 때까지 으깬다.|달걀, 설탕, 바닐라, 밀가루를 넣고 잘 섞는다.|중간 크기의 패티를 만든다.|중불에서 양면이 황금색이 될 때까지 굽는다.|따뜻하게 서빙한다.",420,28,35,18,1,20,코티지치즈:200:g;달걀:1:pcs;밀가루:2:tbsp;설탕:1:tbsp;바닐라:1:tsp;식용유:1:tbsp,아침식사;달콤한
sweet-syrnyky,nl,Zachte kwarkpannenkoekjes,"Prak de kwark glad.|Voeg ei, suiker, vanille en bloem toe, meng goed.|Vorm middelgrote koekjes.|Bak op middelhoog vuur tot goudbruin aan beide kanten.|Serveer warm.",420,28,35,18,1,20,Kwark:200:g;Ei:1:pcs;Tarwebloem:2:tbsp;Suiker:1:tbsp;Vanille:1:tsp;Olie:1:tbsp,ontbijt;zoet
sweet-syrnyky,pl,Delikatne serniczki,"Ser twarogowy utrzyjcie na gładko.|Dodajcie jajko, cukier, wanilię i mąkę, wymieszajcie.|Uformujcie średniej wielkości placuszki.|Smażcie na średnim ogniu do złotej skórki z obu stron.|Podawajcie ciepłe.",420,28,35,18,1,20,Twaróg:200:g;Jajko:1:pcs;Mąka pszenna:2:tbsp;Cukier:1:tbsp;Wanilia:1:tsp;Olej:1:tbsp,śniadanie;słodkie
sweet-syrnyky,pt-BR,Panquecas de requeijão macias,"Amasse o requeijão até ficar homogêneo.|Adicione ovo, açúcar, baunilha e farinha, misture bem.|Forme bolinhos de tamanho médio.|Frite em fogo médio até dourar dos dois lados.|Sirva quente.",420,28,35,18,1,20,Requeijão:200:g;Ovo:1:pcs;Farinha de trigo:2:tbsp;Açúcar:1:tbsp;Baunilha:1:tsp;Óleo:1:tbsp,café da manhã;doce
sweet-syrnyky,ru,Сырники нежные с хрустящей корочкой,"Творог перетрите до однородной массы.|Добавьте яйцо, сахар, ваниль и муку, перемешайте.|Сформируйте сырники среднего размера.|Обжарьте на среднем огне до золотистой корочки с обеих сторон.|Подавайте тёплыми.",420,28,35,18,1,20,Творог:200:g;Яйцо:1:pcs;Пшеничная мука:2:tbsp;Сахар:1:tbsp;Ваниль:1:tsp;Масло:1:tbsp,завтрак;сладкое
sweet-syrnyky,th,แพนเค้กชีสคอทเทจนุ่ม,บดชีสคอทเทจจนเนียน|ใส่ไข่ น้ำตาล วานิลลา และแป้ง คนให้เข้ากัน|ปั้นเป็นก้อนขนาดกลาง|ทอดไฟกลางจนเหลืองทองทั้งสองด้าน|เสิร์ฟร้อนๆ,420,28,35,18,1,20,ชีสคอทเทจ:200:g;ไข่:1:pcs;แป้งสาลี:2:tbsp;น้ำตาล:1:tbsp;วานิลลา:1:tsp;น้ำมัน:1:tbsp,อาหารเช้า;หวาน
sweet-syrnyky,tr,Yumuşak Lor Peynirli Pankek,"Lor peynirini pürüzsüz olana kadar ezin.|Yumurta, şeker, vanilya ve unu ekleyin, iyice karıştırın.|Orta boy köfteler şekillendirin.|Orta ateşte her iki tarafı altın rengi olana kadar kızartın.|Sıcak servis edin.",420,28,35,18,1,20,Lor peyniri:200:g;Yumurta:1:pcs;Buğday unu:2:tbsp;Şeker:1:tbsp;Vanilya:1:tsp;Yağ:1:tbsp,kahvaltı;tatlı
sweet-syrnyky,uk,Сирники ніжні з хрусткою скоринкою,"Сир перетріть до однорідної маси.|Додайте яйце, цукор, ваніль і борошно, перемішайте.|Сформуйте сирники середнього розміру.|Обсмажте на середньому вогні до золотистої скоринки з обох боків.|Подавайте теплими.",420,28,35,18,1,20,Сир кисломолочний:200:g;Яйце:1:pcs;Пшеничне борошно:2:tbsp;Цукор:1:tbsp;Ваніль:1:tsp;Олія:1:tbsp,сніданок;солодке
sweet-syrnyky,vi,Bánh phô mai tươi mềm mịn,"Nghiền phô mai tươi cho mịn.|Thêm trứng, đường, vani và bột mì, trộn đều.|Nặn thành miếng cỡ vừa.|Chiên lửa vừa cho vàng đều hai mặt.|Dùng nóng.",420,28,35,18,1,20,Phô mai tươi:200:g;Trứng:1:pcs;Bột mì:2:tbsp;Đường:1:tbsp;Vani:1:tsp;Dầu ăn:1:tbsp,bữa sáng;ngọt
sweet-syrnyky,zh-Hans,嫩煎奶酪饼,将奶酪捣至顺滑。|加入鸡蛋、糖、香草和面粉，搅拌均匀。|做成中等大小的饼。|中火煎至两面金黄。|趁热食用。,420,28,35,18,1,20,奶酪:200:g;鸡蛋:1:pcs;小麦面粉:2:tbsp;糖:1:tbsp;香草:1:tsp;油:1:tbsp,早餐;甜的
chia-pudding-banana,ar,بودينغ الشيا مع الموز,اخلطي بذور الشيا مع الحليب في وعاء أو برطمان.|حرّكي وغطّي واتركيها في الثلاجة لمدة 4 ساعات على الأقل.|أضيفي شرائح الموز قبل التقديم.,310,9,28,17,1,5,بذور الشيا:2:tbsp;حليب:200:ml;موز:0.5:pcs,فطور;حلو
chia-pudding-banana,de,Chia-Pudding mit Banane,"Chiasamen mit Milch in einem Glas oder einer Schüssel mischen.|Umrühren, abdecken und mindestens 4 Stunden im Kühlschrank quellen lassen.|Vor dem Servieren geschnittene Banane hinzufügen.",310,9,28,17,1,5,Chiasamen:2:tbsp;Milch:200:ml;Banane:0.5:pcs,Frühstück;süß
chia-pudding-banana,en,Chia Pudding with Banana,"Mix chia seeds with milk in a jar or bowl.|Stir, cover and refrigerate for at least 4 hours.|Add sliced banana before serving.",310,9,28,17,1,5,Chia seeds:2:tbsp;Milk:200:ml;Banana:0.5:pcs,breakfast;sweet
chia-pudding-banana,es,Pudín de chía con plátano,"Mezcla las semillas de chía con la leche en un tarro o bol.|Remueve, tapa y refrigera al menos 4 horas.|Añade plátano en rodajas antes de servir.",310,9,28,17,1,5,Semillas de chía:2:tbsp;Leche:200:ml;Plátano:0.5:pcs,desayuno;dulce
chia-pudding-banana,fr,Pudding de chia à la banane,"Mélangez les graines de chia avec le lait dans un bocal ou un bol.|Remuez, couvrez et réfrigérez pendant au moins 4 heures.|Ajoutez la banane tranchée avant de servir.",310,9,28,17,1,5,Graines de chia:2:tbsp;Lait:200:ml;Banane:0.5:pcs,"
petit-déjeuner;sucré"
chia-pudding-banana,he,פודינג צ'יה עם בננה,"ערבבו זרעי צ'יה עם חלב בצנצנת או קערה.|ערבבו, כסו והכניסו למקרר למשך 4 שעות לפחות.|הוסיפו בננה פרוסה לפני ההגשה.",310,9,28,17,1,5,זרעי צ'יה:2:tbsp;חלב:200:ml;בננה:0.5:pcs,ארוחת בוקר;מתוק
chia-pudding-banana,hi,चिया पुडिंग केले के साथ,"जार या कटोरे में चिया बीज को दूध के साथ मिलाएं।|हिलाएं, ढकें और कम से कम 4 घंटे फ्रिज में रखें।|परोसने से पहले कटा हुआ केला डालें।",310,9,28,17,1,5,चिया बीज:2:tbsp;दूध:200:ml;केला:0.5:pcs,नाश्ता;मीठा
chia-pudding-banana,id,Puding Chia dengan Pisang,"Campurkan biji chia dengan susu dalam toples atau mangkuk.|Aduk, tutup dan simpan di kulkas minimal 4 jam.|Tambahkan irisan pisang sebelum disajikan.",310,9,28,17,1,5,Biji chia:2:tbsp;Susu:200:ml;Pisang:0.5:pcs,sarapan;manis
chia-pudding-banana,it,Budino di chia con banana,"Mescolate i semi di chia con il latte in un barattolo o una ciotola.|Mescolate, coprite e lasciate in frigorifero per almeno 4 ore.|Aggiungete la banana a fette prima di servire.",310,9,28,17,1,5,Semi di chia:2:tbsp;Latte:200:ml;Banana:0.5:pcs,colazione;dolce
chia-pudding-banana,ja,バナナのチアプディング,瓶またはボウルでチアシードと牛乳を混ぜる。|かき混ぜて蓋をし、最低4時間冷蔵庫に入れる。|食べる前にスライスしたバナナを加える。,310,9,28,17,1,5,チアシード:2:tbsp;牛乳:200:ml;バナナ:0.5:pcs,朝食;甘い
chia-pudding-banana,ko,바나나 치아 푸딩,병이나 그릇에 치아씨와 우유를 섞는다.|저어서 덮고 최소 4시간 냉장 보관한다.|서빙 전에 슬라이스한 바나나를 올린다.,310,9,28,17,1,5,치아씨:2:tbsp;우유:200:ml;바나나:0.5:pcs,아침식사;달콤한
chia-pudding-banana,nl,Chiapudding met banaan,"Meng chiazaadjes met melk in een pot of kom.|Roer, dek af en zet minimaal 4 uur in de koelkast.|Voeg gesneden banaan toe voor het serveren.",310,9,28,17,1,5,Chiazaadjes:2:tbsp;Melk:200:ml;Banaan:0.5:pcs,ontbijt;zoet
chia-pudding-banana,pl,Pudding chia z bananem,"Wymieszaj nasiona chia z mlekiem w słoiku lub misce.|Zamieszaj, przykryj i postaw w lodówce na co najmniej 4 godziny.|Przed podaniem dodaj pokrojonego banana.",310,9,28,17,1,5,Nasiona chia:2:tbsp;Mleko:200:ml;Banan:0.5:pcs,śniadanie;słodkie
chia-pudding-banana,pt-BR,Pudim de chia com banana,"Misture as sementes de chia com o leite em um pote ou tigela.|Mexa, cubra e leve à geladeira por pelo menos 4 horas.|Adicione banana fatiada antes de servir.",310,9,28,17,1,5,Sementes de chia:2:tbsp;Leite:200:ml;Banana:0.5:pcs,café da manhã;doce
chia-pudding-banana,ru,Чиа-пудинг с бананом,"В банке или миске смешайте семена чиа с молоком.|Перемешайте, накройте и оставьте в холодильнике минимум на 4 часа.|Перед подачей добавьте нарезанный банан.",310,9,28,17,1,5,Семена чиа:2:tbsp;Молоко:200:ml;Банан:0.5:pcs,завтрак;сладкое
chia-pudding-banana,th,พุดดิ้งเมล็ดเจียกับกล้วย,ผสมเมล็ดเจียกับนมในขวดโหลหรือชาม|คนให้เข้ากัน ปิดฝาแล้วแช่เย็นอย่างน้อย 4 ชั่วโมง|เพิ่มกล้วยหั่นก่อนเสิร์ฟ,310,9,28,17,1,5,เมล็ดเจีย:2:tbsp;นม:200:ml;กล้วย:0.5:pcs,อาหารเช้า;หวาน
chia-pudding-banana,tr,Muzlu Chia Pudingi,"Chia tohumlarını bir kavanoz veya kasede sütle karıştırın.|Karıştırın, kapatın ve en az 4 saat buzdolabında bekletin.|Servis etmeden önce dilimlenmiş muz ekleyin.",310,9,28,17,1,5,Chia tohumu:2:tbsp;Süt:200:ml;Muz:0.5:pcs,kahvaltı;tatlı
chia-pudding-banana,uk,Чіа-пудинг з бананом,"У банці або мисці змішайте насіння чіа з молоком.|Перемішайте, накрийте та залиште в холодильнику мінімум на 4 години.|Перед подачею додайте нарізаний банан.",310,9,28,17,1,5,Насіння чіа:2:tbsp;Молоко:200:ml;Банан:0.5:pcs,сніданок;солодке
chia-pudding-banana,vi,Pudding hạt chia chuối,"Trộn hạt chia với sữa trong lọ hoặc bát.|Khuấy đều, đậy nắp và để tủ lạnh ít nhất 4 giờ.|Thêm chuối thái lát trước khi dùng.",310,9,28,17,1,5,Hạt chia:2:tbsp;Sữa:200:ml;Chuối:0.5:pcs,bữa sáng;ngọt
chia-pudding-banana,zh-Hans,香蕉奇亚籽布丁,将奇亚籽和牛奶在罐子或碗中混合。|搅拌后盖上盖子，放入冰箱至少4小时。|食用前加入切片香蕉。,310,9,28,17,1,5,奇亚籽:2:tbsp;牛奶:200:ml;香蕉:0.5:pcs,早餐;甜的
banana-pancakes,ar,فطائر الموز,قشّري الموز واهرسيه بالشوكة.|أضيفي البيض والحليب واخلطي.|أضيفي الدقيق والبيكنج باودر واصنعي عجينة ناعمة.|سخّني المقلاة وادهنيها بقليل من الزيت.|اطهي الفطائر على نار متوسطة لمدة 1-2 دقيقة من كل جانب.,390,14,60,10,1,20,موز:1:pcs;بيضة:1:pcs;حليب:100:ml;دقيق قمح:70:g;بيكنج باودر:0.5:tsp;زيت:1:tsp,فطور;حلو
banana-pancakes,de,Bananenpfannkuchen,"Banane schälen und mit einer Gabel zerdrücken.|Ei und Milch hinzufügen, verrühren.|Mehl und Backpulver hinzufügen, glatten Teig anrühren.|Pfanne erhitzen, leicht einfetten.|Pfannkuchen bei mittlerer Hitze 1-2 Minuten pro Seite backen.",390,14,60,10,1,20,Banane:1:pcs;Ei:1:pcs;Milch:100:ml;Weizenmehl:70:g;Backpulver:0.5:tsp;Öl:1:tsp,Frühstück;süß
banana-pancakes,en,Banana Pancakes,"Peel banana and mash with a fork.|Add egg and milk, mix well.|Add flour and baking powder, make smooth batter.|Heat pan, lightly grease with oil.|Cook pancakes on medium heat for 1-2 minutes per side.",390,14,60,10,1,20,Banana:1:pcs;Egg:1:pcs;Milk:100:ml;Wheat flour:70:g;Baking powder:0.5:tsp;Oil:1:tsp,breakfast;sweet
banana-pancakes,es,Panqueques de plátano,"Pele el plátano y aplástelo con un tenedor.|Agregue huevo y leche, mezcle bien.|Añada harina y polvo de hornear, haga una masa suave.|Caliente la sartén, engrase ligeramente con aceite.|Cocine los panqueques a fuego medio 1-2 minutos por lado.",390,14,60,10,1,20,Plátano:1:pcs;Huevo:1:pcs;Leche:100:ml;Harina de trigo:70:g;Polvo de hornear:0.5:tsp;Aceite:1:tsp,desayuno;dulce
banana-pancakes,fr,Pancakes à la banane,"Épluchez la banane et écrasez-la à la fourchette.|Ajoutez l'œuf et le lait, mélangez bien.|Ajoutez la farine et la levure, faites une pâte lisse.|Chauffez la poêle, graissez légèrement avec de l'huile.|Faites cuire les pancakes à feu moyen 1-2 minutes par côté.",390,14,60,10,1,20,Banane:1:pcs;Œuf:1:pcs;Lait:100:ml;Farine de blé:70:g;Levure chimique:0.5:tsp;Huile:1:tsp,"
petit-déjeuner;sucré"
banana-pancakes,he,פנקייק בננה,"קלפו את הבננה ומעכו במזלג.|הוסיפו ביצה וחלב, ערבבו היטב.|הוסיפו קמח ואבקת אפייה, הכינו בלילה חלקה.|חממו מחבת, שמנו קלות בשמן.|טגנו את הפנקייקים על אש בינונית 1-2 דקות מכל צד.",390,14,60,10,1,20,בננה:1:pcs;ביצה:1:pcs;חלב:100:ml;קמח חיטה:70:g;אבקת אפייה:0.5:tsp;שמן:1:tsp,ארוחת בוקר;מתוק
banana-pancakes,hi,बनाना पैनकेक,"केला छीलकर कांटे से मैश करें।|अंडा और दूध डालें, अच्छी तरह मिलाएं।|आटा और बेकिंग पाउडर डालें, चिकना बैटर बनाएं।|पैन गर्म करें, हल्का तेल लगाएं।|मध्यम आंच पर प्रत्येक तरफ 1-2 मिनट पकाएं।",390,14,60,10,1,20,केला:1:pcs;अंडा:1:pcs;दूध:100:ml;गेहूं का आटा:70:g;बेकिंग पाउडर:0.5:tsp;तेल:1:tsp,नाश्ता;मीठा
banana-pancakes,id,Pancake Pisang,"Kupas pisang dan haluskan dengan garpu.|Tambahkan telur dan susu, aduk rata.|Tambahkan tepung dan baking powder, buat adonan halus.|Panaskan wajan, olesi sedikit minyak.|Masak pancake dengan api sedang selama 1-2 menit per sisi.",390,14,60,10,1,20,Pisang:1:pcs;Telur:1:pcs;Susu:100:ml;Tepung terigu:70:g;Baking powder:0.5:tsp;Minyak:1:tsp,sarapan;manis
banana-pancakes,it,Pancake alla banana,"Sbucciate la banana e schiacciatela con una forchetta.|Aggiungete uovo e latte, mescolate bene.|Aggiungete farina e lievito, preparate una pastella liscia.|Scaldate la padella, ungete leggermente con olio.|Cuocete i pancake a fuoco medio per 1-2 minuti per lato.",390,14,60,10,1,20,Banana:1:pcs;Uovo:1:pcs;Latte:100:ml;Farina di grano:70:g;Lievito in polvere:0.5:tsp;Olio:1:tsp,colazione;dolce
banana-pancakes,ja,バナナパンケーキ,バナナの皮をむき、フォークで潰す。|卵と牛乳を加え、よく混ぜる。|小麦粉とベーキングパウダーを加え、なめらかな生地にする。|フライパンを熱し、油を薄く塗る。|中火で片面1〜2分ずつ焼く。,390,14,60,10,1,20,バナナ:1:pcs;卵:1:pcs;牛乳:100:ml;小麦粉:70:g;ベーキングパウダー:0.5:tsp;油:1:tsp,朝食;甘い
banana-pancakes,ko,바나나 팬케이크,바나나 껍질을 벗기고 포크로 으깬다.|달걀과 우유를 넣고 잘 섞는다.|밀가루와 베이킹파우더를 넣어 부드러운 반죽을 만든다.|팬을 달구고 기름을 살짝 바른다.|중불에서 한 면당 1-2분씩 굽는다.,390,14,60,10,1,20,바나나:1:pcs;달걀:1:pcs;우유:100:ml;밀가루:70:g;베이킹파우더:0.5:tsp;식용유:1:tsp,아침식사;달콤한
banana-pancakes,nl,Bananenpannenkoeken,"Schil de banaan en prak met een vork.|Voeg ei en melk toe, meng goed.|Voeg bloem en bakpoeder toe, maak een glad beslag.|Verhit de pan, vet licht in met olie.|Bak pannenkoeken op middelhoog vuur 1-2 minuten per kant.",390,14,60,10,1,20,Banaan:1:pcs;Ei:1:pcs;Melk:100:ml;Tarwebloem:70:g;Bakpoeder:0.5:tsp;Olie:1:tsp,ontbijt;zoet
banana-pancakes,pl,Placuszki bananowe,"Banana obierz i rozgnieć widelcem.|Dodaj jajko i mleko, wymieszaj.|Dodaj mąkę i proszek do pieczenia, zrób gładkie ciasto.|Rozgrzej patelnię, lekko posmaruj olejem.|Smaż placuszki na średnim ogniu po 1-2 minuty z każdej strony.",390,14,60,10,1,20,Banan:1:pcs;Jajko:1:pcs;Mleko:100:ml;Mąka pszenna:70:g;Proszek do pieczenia:0.5:tsp;Olej:1:tsp,śniadanie;słodkie
banana-pancakes,pt-BR,Panquecas de banana,"Descasque a banana e amasse com um garfo.|Adicione ovo e leite, misture bem.|Adicione farinha e fermento, faça uma massa lisa.|Aqueça a frigideira, unte levemente com óleo.|Cozinhe as panquecas em fogo médio por 1-2 minutos de cada lado.",390,14,60,10,1,20,Banana:1:pcs;Ovo:1:pcs;Leite:100:ml;Farinha de trigo:70:g;Fermento em pó:0.5:tsp;Óleo:1:tsp,café da manhã;doce
banana-pancakes,ru,Банановые панкейки,"Банан очистите и разомните вилкой до пюре.|Добавьте яйцо и молоко, перемешайте.|Всыпьте муку и разрыхлитель, замесите тесто.|Разогрейте сковороду, слегка смажьте маслом.|Жарьте панкейки на среднем огне по 1-2 минуты с каждой стороны.",390,14,60,10,1,20,Банан:1:pcs;Яйцо:1:pcs;Молоко:100:ml;Пшеничная мука:70:g;Разрыхлитель:0.5:tsp;Масло:1:tsp,завтрак;сладкое
banana-pancakes,th,แพนเค้กกล้วย,ปอกเปลือกกล้วยแล้วบดด้วยส้อม|ใส่ไข่และนม คนให้เข้ากัน|เติมแป้งและผงฟู ผสมจนเนียน|ตั้งกระทะ ทาน้ำมันบางๆ|ทอดแพนเค้กไฟกลาง ด้านละ 1-2 นาที,390,14,60,10,1,20,กล้วย:1:pcs;ไข่:1:pcs;นม:100:ml;แป้งสาลี:70:g;ผงฟู:0.5:tsp;น้ำมัน:1:tsp,อาหารเช้า;หวาน
banana-pancakes,tr,Muzlu Pankek,"Muzu soyup çatalla ezin.|Yumurta ve sütü ekleyin, iyice karıştırın.|Un ve kabartma tozunu ekleyin, pürüzsüz hamur yapın.|Tavayı ısıtın, hafifçe yağlayın.|Orta ateşte her tarafı 1-2 dakika pişirin.",390,14,60,10,1,20,Muz:1:pcs;Yumurta:1:pcs;Süt:100:ml;Buğday unu:70:g;Kabartma tozu:0.5:tsp;Yağ:1:tsp,kahvaltı;tatlı
banana-pancakes,uk,Бананові панкейки,"Банан очистіть і розімніть виделкою до пюре.|Додайте яйце та молоко, перемішайте.|Всипте борошно і розпушувач, замішайте тісто.|Розігрійте сковороду, злегка змастіть олією.|Смажте панкейки на середньому вогні по 1–2 хвилини з кожного боку.",390,14,60,10,1,20,Банан:1:pcs;Яйце:1:pcs;Молоко:100:ml;Пшеничне борошно:70:g;Розпушувач:0.5:tsp;Олія:1:tsp,сніданок;солодке
banana-pancakes,vi,Bánh kếp chuối,"Bóc vỏ chuối và nghiền bằng nĩa.|Thêm trứng và sữa, trộn đều.|Thêm bột mì và bột nở, tạo hỗn hợp mịn.|Đun nóng chảo, phết một lớp dầu mỏng.|Chiên bánh lửa vừa, mỗi mặt 1-2 phút.",390,14,60,10,1,20,Chuối:1:pcs;Trứng:1:pcs;Sữa:100:ml;Bột mì:70:g;Bột nở:0.5:tsp;Dầu ăn:1:tsp,bữa sáng;ngọt
banana-pancakes,zh-Hans,香蕉松饼,剥香蕉皮，用叉子捣成泥。|加入鸡蛋和牛奶，搅拌均匀。|加入面粉和泡打粉，调成顺滑面糊。|加热平底锅，薄薄刷一层油。|中火每面煎1-2分钟。,390,14,60,10,1,20,香蕉:1:pcs;鸡蛋:1:pcs;牛奶:100:ml;小麦面粉:70:g;泡打粉:0.5:tsp;油:1:tsp,早餐;甜的
greek-yogurt-granola-honey,ar,زبادي يوناني مع الغرانولا والعسل,ضعي الزبادي في وعاء.|أضيفي الغرانولا.|رشي العسل قبل التقديم.,340,20,40,10,1,5,زبادي يوناني:200:g;غرانولا:40:g;عسل:1:tsp,فطور;حلو
greek-yogurt-granola-honey,de,Griechischer Joghurt mit Granola und Honig,Joghurt in eine Schüssel geben.|Granola hinzufügen.|Vor dem Servieren mit Honig beträufeln.,340,20,40,10,1,5,Griechischer Joghurt:200:g;Granola:40:g;Honig:1:tsp,Frühstück;süß
greek-yogurt-granola-honey,en,Greek Yogurt with Granola and Honey,Place yogurt in a bowl.|Add granola.|Drizzle with honey before serving.,340,20,40,10,1,5,Greek yogurt:200:g;Granola:40:g;Honey:1:tsp,breakfast;sweet
greek-yogurt-granola-honey,es,Yogur griego con granola y miel,Coloque el yogur en un bol.|Agregue la granola.|Rocíe con miel antes de servir.,340,20,40,10,1,5,Yogur griego:200:g;Granola:40:g;Miel:1:tsp,desayuno;dulce
greek-yogurt-granola-honey,fr,Yaourt grec avec granola et miel,Versez le yaourt dans un bol.|Ajoutez le granola.|Arrosez de miel avant de servir.,340,20,40,10,1,5,Yaourt grec:200:g;Granola:40:g;Miel:1:tsp,"
petit-déjeuner;sucré"
greek-yogurt-granola-honey,he,יוגורט יווני עם גרנולה ודבש,הניחו את היוגורט בקערה.|הוסיפו גרנולה.|טפטפו דבש לפני ההגשה.,340,20,40,10,1,5,יוגורט יווני:200:g;גרנולה:40:g;דבש:1:tsp,ארוחת בוקר;מתוק
greek-yogurt-granola-honey,hi,ग्रीक योगर्ट ग्रेनोला और शहद के साथ,योगर्ट को कटोरे में रखें।|ग्रेनोला डालें।|परोसने से पहले शहद डालें।,340,20,40,10,1,5,ग्रीक योगर्ट:200:g;ग्रेनोला:40:g;शहद:1:tsp,नाश्ता;मीठा
greek-yogurt-granola-honey,id,Yogurt Yunani dengan Granola dan Madu,Taruh yogurt dalam mangkuk.|Tambahkan granola.|Siram dengan madu sebelum disajikan.,340,20,40,10,1,5,Yogurt Yunani:200:g;Granola:40:g;Madu:1:tsp,sarapan;manis
greek-yogurt-granola-honey,it,Yogurt greco con granola e miele,Mettete lo yogurt in una ciotola.|Aggiungete la granola.|Guarnite con miele prima di servire.,340,20,40,10,1,5,Yogurt greco:200:g;Granola:40:g;Miele:1:tsp,colazione;dolce
greek-yogurt-granola-honey,ja,グラノーラとはちみつのギリシャヨーグルト,ヨーグルトをボウルに入れる。|グラノーラを加える。|提供前にはちみつをかける。,340,20,40,10,1,5,ギリシャヨーグルト:200:g;グラノーラ:40:g;はちみつ:1:tsp,朝食;甘い
greek-yogurt-granola-honey,ko,그래놀라와 꿀을 곁들인 그릭 요거트,요거트를 그릇에 담는다.|그래놀라를 올린다.|서빙 전에 꿀을 뿌린다.,340,20,40,10,1,5,그릭 요거트:200:g;그래놀라:40:g;꿀:1:tsp,아침식사;달콤한
greek-yogurt-granola-honey,nl,Griekse yoghurt met granola en honing,Doe de yoghurt in een kom.|Voeg granola toe.|Besprenkel met honing voor het serveren.,340,20,40,10,1,5,Griekse yoghurt:200:g;Granola:40:g;Honing:1:tsp,ontbijt;zoet
greek-yogurt-granola-honey,pl,Jogurt grecki z granolą i miodem,Wyłóż jogurt do miski.|Dodaj granolę.|Polej miodem przed podaniem.,340,20,40,10,1,5,Jogurt grecki:200:g;Granola:40:g;Miód:1:tsp,śniadanie;słodkie
greek-yogurt-granola-honey,pt-BR,Iogurte grego com granola e mel,Coloque o iogurte em uma tigela.|Adicione a granola.|Regue com mel antes de servir.,340,20,40,10,1,5,Iogurte grego:200:g;Granola:40:g;Mel:1:tsp,café da manhã;doce
greek-yogurt-granola-honey,ru,Греческий йогурт с гранолой и мёдом,Выложите йогурт в миску.|Добавьте гранолу.|Полейте мёдом перед подачей.,340,20,40,10,1,5,Греческий йогурт:200:g;Гранола:40:g;Мёд:1:tsp,завтрак;сладкое
greek-yogurt-granola-honey,th,โยเกิร์ตกรีกกับกราโนล่าและน้ำผึ้ง,ตักโยเกิร์ตใส่ชาม|เติมกราโนล่า|ราดน้ำผึ้งก่อนเสิร์ฟ,340,20,40,10,1,5,โยเกิร์ตกรีก:200:g;กราโนล่า:40:g;น้ำผึ้ง:1:tsp,อาหารเช้า;หวาน
greek-yogurt-granola-honey,tr,Granola ve Ballı Yunan Yoğurdu,Yoğurdu bir kaseye koyun.|Granola ekleyin.|Servis etmeden önce bal gezdirin.,340,20,40,10,1,5,Yunan yoğurdu:200:g;Granola:40:g;Bal:1:tsp,kahvaltı;tatlı
greek-yogurt-granola-honey,uk,Грецький йогурт з гранолою та медом,Викладіть йогурт у миску.|Додайте гранолу.|Полийте медом перед подачею.,340,20,40,10,1,5,Йогурт грецький:200:g;Гранола:40:g;Мед:1:tsp,сніданок;солодке
greek-yogurt-granola-honey,vi,Sữa chua Hy Lạp với granola và mật ong,Cho sữa chua vào bát.|Thêm granola.|Rưới mật ong trước khi dùng.,340,20,40,10,1,5,Sữa chua Hy Lạp:200:g;Granola:40:g;Mật ong:1:tsp,bữa sáng;ngọt
greek-yogurt-granola-honey,zh-Hans,希腊酸奶配格兰诺拉和蜂蜜,将酸奶倒入碗中。|加入格兰诺拉。|食用前淋上蜂蜜。,340,20,40,10,1,5,希腊酸奶:200:g;格兰诺拉:40:g;蜂蜜:1:tsp,早餐;甜的
french-toast-cinnamon,ar,توست فرنسي بالقرفة,اخفقي البيض مع الحليب والقرفة.|اغمسي الخبز في خليط البيض من الجانبين.|اقليه بالزبدة حتى يصبح ذهبياً.|قدميه دافئاً.,430,14,55,18,1,15,خبز:2:pcs;بيضة:1:pcs;حليب:80:ml;قرفة:0.5:tsp;زبدة:10:g;عسل:1:tsp,فطور;حلو
french-toast-cinnamon,de,French Toast mit Zimt,Ei mit Milch und Zimt verquirlen.|Brot von beiden Seiten in die Eimischung tauchen.|In Butter goldbraun braten.|Warm servieren.,430,14,55,18,1,15,Brot:2:pcs;Ei:1:pcs;Milch:80:ml;Zimt:0.5:tsp;Butter:10:g;Honig:1:tsp,Frühstück;süß
french-toast-cinnamon,en,French Toast with Cinnamon,Beat egg with milk and cinnamon.|Dip bread in egg mixture on both sides.|Fry in butter until golden crust.|Serve warm.,430,14,55,18,1,15,Bread:2:pcs;Egg:1:pcs;Milk:80:ml;Cinnamon:0.5:tsp;Butter:10:g;Honey:1:tsp,breakfast;sweet
french-toast-cinnamon,es,Tostada francesa con canela,Bata el huevo con leche y canela.|Sumerja el pan en la mezcla de huevo por ambos lados.|Fría con mantequilla hasta que esté dorado.|Sirva caliente.,430,14,55,18,1,15,Pan:2:pcs;Huevo:1:pcs;Leche:80:ml;Canela:0.5:tsp;Mantequilla:10:g;Miel:1:tsp,desayuno;dulce
french-toast-cinnamon,fr,Pain perdu à la cannelle,Battez l'œuf avec le lait et la cannelle.|Trempez le pain dans le mélange des deux côtés.|Faites frire au beurre jusqu'à obtenir une croûte dorée.|Servez chaud.,430,14,55,18,1,15,Pain:2:pcs;Œuf:1:pcs;Lait:80:ml;Cannelle:0.5:tsp;Beurre:10:g;Miel:1:tsp,"
petit-déjeuner;sucré"
french-toast-cinnamon,he,פרנץ' טוסט עם קינמון,טרפו ביצה עם חלב וקינמון.|טבלו את הלחם בתערובת הביצה משני הצדדים.|טגנו בחמאה עד לקרום זהוב.|הגישו חמים.,430,14,55,18,1,15,לחם:2:pcs;ביצה:1:pcs;חלב:80:ml;קינמון:0.5:tsp;חמאה:10:g;דבש:1:tsp,ארוחת בוקר;מתוק
french-toast-cinnamon,hi,दालचीनी वाला फ्रेंच टोस्ट,अंडे को दूध और दालचीनी के साथ फेंटें।|ब्रेड को दोनों तरफ अंडे के मिश्रण में डुबोएं।|मक्खन में सुनहरा होने तक तलें।|गर्म परोसें।,430,14,55,18,1,15,ब्रेड:2:pcs;अंडा:1:pcs;दूध:80:ml;दालचीनी:0.5:tsp;मक्खन:10:g;शहद:1:tsp,नाश्ता;मीठा
french-toast-cinnamon,id,Roti Panggang Prancis dengan Kayu Manis,Kocok telur dengan susu dan kayu manis.|Celupkan roti ke dalam campuran telur di kedua sisi.|Goreng dengan mentega hingga kecokelatan.|Sajikan hangat.,430,14,55,18,1,15,Roti:2:pcs;Telur:1:pcs;Susu:80:ml;Kayu manis:0.5:tsp;Mentega:10:g;Madu:1:tsp,sarapan;manis
french-toast-cinnamon,it,French toast alla cannella,Sbattete l'uovo con latte e cannella.|Immergete il pane nella miscela di uovo su entrambi i lati.|Friggete nel burro fino a doratura.|Servite caldo.,430,14,55,18,1,15,Pane:2:pcs;Uovo:1:pcs;Latte:80:ml;Cannella:0.5:tsp;Burro:10:g;Miele:1:tsp,colazione;dolce
french-toast-cinnamon,ja,シナモンフレンチトースト,卵を牛乳とシナモンで溶きほぐす。|パンを卵液に両面浸す。|バターで黄金色になるまで焼く。|温かいうちに盛り付ける。,430,14,55,18,1,15,パン:2:pcs;卵:1:pcs;牛乳:80:ml;シナモン:0.5:tsp;バター:10:g;はちみつ:1:tsp,朝食;甘い
french-toast-cinnamon,ko,시나몬 프렌치 토스트,"달걀을 우유, 시나몬과 함께 풀어준다.|빵을 양면 달걀물에 담근다.|버터에 황금빛이 될 때까지 구운다.|따뜻하게 서빙한다.",430,14,55,18,1,15,식빵:2:pcs;달걀:1:pcs;우유:80:ml;시나몬:0.5:tsp;버터:10:g;꿀:1:tsp,아침식사;달콤한
french-toast-cinnamon,nl,Wentelteefjes met kaneel,Klop het ei met melk en kaneel.|Dip het brood in het eimengsel aan beide kanten.|Bak in boter tot goudbruin.|Serveer warm.,430,14,55,18,1,15,Brood:2:pcs;Ei:1:pcs;Melk:80:ml;Kaneel:0.5:tsp;Boter:10:g;Honing:1:tsp,ontbijt;zoet
french-toast-cinnamon,pl,Tosty francuskie z cynamonem,Jajko ubijcie z mlekiem i cynamonem.|Zanurz chleb w mieszance jajecznej z obu stron.|Smaż na maśle do złotej skórki.|Podawaj ciepłe.,430,14,55,18,1,15,Chleb:2:pcs;Jajko:1:pcs;Mleko:80:ml;Cynamon:0.5:tsp;Masło:10:g;Miód:1:tsp,śniadanie;słodkie
french-toast-cinnamon,pt-BR,Rabanada com canela,Bata o ovo com leite e canela.|Mergulhe o pão na mistura de ovo dos dois lados.|Frite na manteiga até dourar.|Sirva quente.,430,14,55,18,1,15,Pão:2:pcs;Ovo:1:pcs;Leite:80:ml;Canela:0.5:tsp;Manteiga:10:g;Mel:1:tsp,café da manhã;doce
french-toast-cinnamon,ru,Французские тосты с корицей,Яйцо взбейте с молоком и корицей.|Обмакните хлеб в яичную смесь с обеих сторон.|Обжарьте на сливочном масле до золотистой корочки.|Подавайте тёплыми.,430,14,55,18,1,15,Хлеб:2:pcs;Яйцо:1:pcs;Молоко:80:ml;Корица:0.5:tsp;Сливочное масло:10:g;Мёд:1:tsp,завтрак;сладкое
french-toast-cinnamon,th,เฟรนช์โทสต์อบเชย,ตีไข่กับนมและอบเชย|จุ่มขนมปังทั้งสองด้านในส่วนผสมไข่|ทอดในเนยจนเหลืองทอง|เสิร์ฟร้อนๆ,430,14,55,18,1,15,ขนมปัง:2:pcs;ไข่:1:pcs;นม:80:ml;อบเชย:0.5:tsp;เนย:10:g;น้ำผึ้ง:1:tsp,อาหารเช้า;หวาน
french-toast-cinnamon,tr,Tarçınlı Fransız Tostu,Yumurtayı süt ve tarçınla çırpın.|Ekmeği her iki tarafından yumurta karışımına batırın.|Tereyağında altın rengi olana kadar kızartın.|Sıcak servis edin.,430,14,55,18,1,15,Ekmek:2:pcs;Yumurta:1:pcs;Süt:80:ml;Tarçın:0.5:tsp;Tereyağı:10:g;Bal:1:tsp,kahvaltı;tatlı
french-toast-cinnamon,uk,Французькі тости з корицею,Яйце збийте з молоком і корицею.|Занурте хліб у яєчну суміш з обох боків.|Обсмажте на вершковому маслі до золотистої скоринки.|Подавайте теплими.,430,14,55,18,1,15,Хліб:2:pcs;Яйце:1:pcs;Молоко:80:ml;Кориця:0.5:tsp;Вершкове масло:10:g;Мед:1:tsp,сніданок;солодке
french-toast-cinnamon,vi,Bánh mì nướng kiểu Pháp với quế,Đánh trứng với sữa và quế.|Nhúng bánh mì vào hỗn hợp trứng cả hai mặt.|Chiên với bơ cho đến khi vàng giòn.|Dùng nóng.,430,14,55,18,1,15,Bánh mì:2:pcs;Trứng:1:pcs;Sữa:80:ml;Quế:0.5:tsp;Bơ:10:g;Mật ong:1:tsp,bữa sáng;ngọt
french-toast-cinnamon,zh-Hans,肉桂法式吐司,将鸡蛋与牛奶和肉桂搅打均匀。|将面包两面蘸入蛋液。|用黄油煎至金黄。|趁热食用。,430,14,55,18,1,15,面包:2:pcs;鸡蛋:1:pcs;牛奶:80:ml;肉桂:0.5:tsp;黄油:10:g;蜂蜜:1:tsp,早餐;甜的
cottage-cheese-berries-honey,ar,جبن قريش مع التوت والعسل,ضعي الجبن القريش في وعاء.|أضيفي التوت.|رشي العسل قبل التقديم.,300,28,25,9,1,5,جبن قريش:200:g;توت:60:g;عسل:1:tsp,فطور;حلو
cottage-cheese-berries-honey,de,Hüttenkäse mit Beeren und Honig,Hüttenkäse in eine Schüssel geben.|Beeren hinzufügen.|Vor dem Servieren mit Honig beträufeln.,300,28,25,9,1,5,Hüttenkäse:200:g;Beeren:60:g;Honig:1:tsp,Frühstück;süß
cottage-cheese-berries-honey,en,Cottage Cheese with Berries and Honey,Place cottage cheese in a bowl.|Add berries.|Drizzle with honey before serving.,300,28,25,9,1,5,Cottage cheese:200:g;Berries:60:g;Honey:1:tsp,breakfast;sweet
cottage-cheese-berries-honey,es,Requesón con bayas y miel,Coloque el requesón en un bol.|Agregue las bayas.|Rocíe con miel antes de servir.,300,28,25,9,1,5,Requesón:200:g;Bayas:60:g;Miel:1:tsp,desayuno;dulce
cottage-cheese-berries-honey,fr,Fromage blanc aux baies et miel,Mettez le fromage blanc dans un bol.|Ajoutez les baies.|Arrosez de miel avant de servir.,300,28,25,9,1,5,Fromage blanc:200:g;Baies:60:g;Miel:1:tsp,"
petit-déjeuner;sucré"
cottage-cheese-berries-honey,he,גבינת קוטג' עם פירות יער ודבש,הניחו את הגבינה בקערה.|הוסיפו פירות יער.|טפטפו דבש לפני ההגשה.,300,28,25,9,1,5,גבינת קוטג':200:g;פירות יער:60:g;דבש:1:tsp,ארוחת בוקר;מתוק
cottage-cheese-berries-honey,hi,पनीर बेरी और शहद के साथ,पनीर को कटोरे में रखें।|बेरी डालें।|परोसने से पहले शहद डालें।,300,28,25,9,1,5,पनीर:200:g;बेरी:60:g;शहद:1:tsp,नाश्ता;मीठा
cottage-cheese-berries-honey,id,Keju Cottage dengan Beri dan Madu,Taruh keju cottage dalam mangkuk.|Tambahkan beri.|Siram dengan madu sebelum disajikan.,300,28,25,9,1,5,Keju cottage:200:g;Beri:60:g;Madu:1:tsp,sarapan;manis
cottage-cheese-berries-honey,it,Ricotta con frutti di bosco e miele,Mettete la ricotta in una ciotola.|Aggiungete i frutti di bosco.|Guarnite con miele prima di servire.,300,28,25,9,1,5,Ricotta:200:g;Frutti di bosco:60:g;Miele:1:tsp,colazione;dolce
cottage-cheese-berries-honey,ja,ベリーとはちみつのカッテージチーズ,カッテージチーズをボウルに入れる。|ベリーを加える。|提供前にはちみつをかける。,300,28,25,9,1,5,カッテージチーズ:200:g;ベリー:60:g;はちみつ:1:tsp,朝食;甘い
cottage-cheese-berries-honey,ko,베리와 꿀을 곁들인 코티지치즈,코티지치즈를 그릇에 담는다.|베리를 올린다.|서빙 전에 꿀을 뿌린다.,300,28,25,9,1,5,코티지치즈:200:g;베리:60:g;꿀:1:tsp,아침식사;달콤한
cottage-cheese-berries-honey,nl,Kwark met bessen en honing,Doe de kwark in een kom.|Voeg bessen toe.|Besprenkel met honing voor het serveren.,300,28,25,9,1,5,Kwark:200:g;Bessen:60:g;Honing:1:tsp,ontbijt;zoet
cottage-cheese-berries-honey,pl,Twarożek z jagodami i miodem,Twaróg wyłóż do miski.|Dodaj jagody.|Polej miodem przed podaniem.,300,28,25,9,1,5,Twaróg:200:g;Jagody:60:g;Miód:1:tsp,śniadanie;słodkie
cottage-cheese-berries-honey,pt-BR,Requeijão com frutas vermelhas e mel,Coloque o requeijão em uma tigela.|Adicione as frutas vermelhas.|Regue com mel antes de servir.,300,28,25,9,1,5,Requeijão:200:g;Frutas vermelhas:60:g;Mel:1:tsp,café da manhã;doce
cottage-cheese-berries-honey,ru,Творог с ягодами и мёдом,Творог выложите в миску.|Добавьте ягоды.|Полейте мёдом перед подачей.,300,28,25,9,1,5,Творог:200:g;Ягоды:60:g;Мёд:1:tsp,завтрак;сладкое
cottage-cheese-berries-honey,th,ชีสคอทเทจกับเบอร์รี่และน้ำผึ้ง,ตักชีสคอทเทจใส่ชาม|เติมเบอร์รี่|ราดน้ำผึ้งก่อนเสิร์ฟ,300,28,25,9,1,5,ชีสคอทเทจ:200:g;เบอร์รี่:60:g;น้ำผึ้ง:1:tsp,อาหารเช้า;หวาน
cottage-cheese-berries-honey,tr,Lor Peyniri Meyve ve Bal ile,Lor peynirini bir kaseye koyun.|Meyveleri ekleyin.|Servis etmeden önce bal gezdirin.,300,28,25,9,1,5,Lor peyniri:200:g;Meyveler:60:g;Bal:1:tsp,kahvaltı;tatlı
cottage-cheese-berries-honey,uk,Сир з ягодами та медом,Сир викладіть у миску.|Додайте ягоди.|Полийте медом перед подачею.,300,28,25,9,1,5,Сир кисломолочний:200:g;Ягоди:60:g;Мед:1:tsp,сніданок;солодке
cottage-cheese-berries-honey,vi,Phô mai tươi với quả mọng và mật ong,Cho phô mai tươi vào bát.|Thêm quả mọng.|Rưới mật ong trước khi dùng.,300,28,25,9,1,5,Phô mai tươi:200:g;Quả mọng:60:g;Mật ong:1:tsp,bữa sáng;ngọt
cottage-cheese-berries-honey,zh-Hans,浆果蜂蜜奶酪,将奶酪放入碗中。|加入浆果。|食用前淋上蜂蜜。,300,28,25,9,1,5,奶酪:200:g;浆果:60:g;蜂蜜:1:tsp,早餐;甜的
rice-porridge-milk,ar,أرز بالحليب والزبدة,اغسلي الأرز جيداً حتى يصبح الماء صافياً.|اغلي الحليب في قدر، أضيفي الملح.|أضيفي الأرز واطبخي على نار هادئة مع التحريك لمدة 20-25 دقيقة.|أضيفي السكر والزبدة.,430,9,65,16,1,25,أرز حبة قصيرة:60:g;حليب:300:ml;سكر:1:tsp;زبدة:10:g;ملح:1:tsp,فطور;حلو
rice-porridge-milk,de,Milchreis mit Butter,"Reis gründlich waschen, bis das Wasser klar ist.|Milch in einem Topf zum Kochen bringen, Salz hinzufügen.|Reis hinzufügen und bei schwacher Hitze unter Rühren 20-25 Minuten kochen.|Zucker und Butter hinzufügen.",430,9,65,16,1,25,Rundkornreis:60:g;Milch:300:ml;Zucker:1:tsp;Butter:10:g;Salz:1:tsp,Frühstück;süß
rice-porridge-milk,en,Milk Rice Porridge with Butter,"Rinse rice thoroughly until water runs clear.|Bring milk to a boil, add salt.|Add rice and cook on low heat, stirring, for 20-25 minutes.|Add sugar and butter.",430,9,65,16,1,25,Round grain rice:60:g;Milk:300:ml;Sugar:1:tsp;Butter:10:g;Salt:1:tsp,breakfast;sweet
rice-porridge-milk,es,Arroz con leche y mantequilla,"Lave bien el arroz hasta que el agua salga clara.|Lleve la leche a ebullición, añada sal.|Agregue el arroz y cocine a fuego lento, removiendo, durante 20-25 minutos.|Añada azúcar y mantequilla.",430,9,65,16,1,25,Arroz de grano redondo:60:g;Leche:300:ml;Azúcar:1:tsp;Mantequilla:10:g;Sal:1:tsp,desayuno;dulce
rice-porridge-milk,fr,Riz au lait au beurre,"Rincez le riz soigneusement jusqu'à ce que l'eau soit claire.|Portez le lait à ébullition, ajoutez le sel.|Ajoutez le riz et cuisez à feu doux en remuant pendant 20-25 minutes.|Ajoutez le sucre et le beurre.",430,9,65,16,1,25,Riz rond:60:g;Lait:300:ml;Sucre:1:tsp;Beurre:10:g;Sel:1:tsp,"
petit-déjeuner;sucré"
rice-porridge-milk,he,דייסת אורז בחלב עם חמאה,"שטפו את האורז היטב עד שהמים צלולים.|הביאו חלב לרתיחה, הוסיפו מלח.|הוסיפו אורז ובשלו על אש נמוכה תוך כדי ערבוב במשך 20-25 דקות.|הוסיפו סוכר וחמאה.",430,9,65,16,1,25,אורז גרגר עגול:60:g;חלב:300:ml;סוכר:1:tsp;חמאה:10:g;מלח:1:tsp,ארוחת בוקר;מתוק
rice-porridge-milk,hi,दूध की चावल की खीर मक्खन के साथ,"चावल को अच्छी तरह धोएं जब तक पानी साफ न हो जाए।|दूध को उबालें, नमक डालें।|चावल डालें और धीमी आंच पर हिलाते हुए 20-25 मिनट पकाएं।|चीनी और मक्खन डालें।",430,9,65,16,1,25,गोल चावल:60:g;दूध:300:ml;चीनी:1:tsp;मक्खन:10:g;नमक:1:tsp,नाश्ता;मीठा
rice-porridge-milk,id,Bubur Beras Susu dengan Mentega,"Cuci beras sampai air jernih.|Didihkan susu, tambahkan garam.|Masukkan beras dan masak dengan api kecil sambil diaduk selama 20-25 menit.|Tambahkan gula dan mentega.",430,9,65,16,1,25,Beras bulat:60:g;Susu:300:ml;Gula:1:tsp;Mentega:10:g;Garam:1:tsp,sarapan;manis
rice-porridge-milk,it,Porridge di riso al latte con burro,"Sciacquate il riso accuratamente fino a quando l'acqua è limpida.|Portate il latte a ebollizione, aggiungete il sale.|Aggiungete il riso e cuocete a fuoco basso, mescolando, per 20-25 minuti.|Aggiungete zucchero e burro.",430,9,65,16,1,25,Riso tondo:60:g;Latte:300:ml;Zucchero:1:tsp;Burro:10:g;Sale:1:tsp,colazione;dolce
rice-porridge-milk,ja,ミルクライスポリッジ バター添え,米を水が透明になるまでよく洗う。|牛乳を沸騰させ、塩を加える。|米を加え、かき混ぜながら弱火で20〜25分煮る。|砂糖とバターを加える。,430,9,65,16,1,25,丸粒米:60:g;牛乳:300:ml;砂糖:1:tsp;バター:10:g;塩:1:tsp,朝食;甘い
rice-porridge-milk,ko,버터를 곁들인 우유 쌀죽,쌀을 물이 맑아질 때까지 깨끗이 씻는다.|우유를 끓이고 소금을 넣는다.|쌀을 넣고 저으면서 약불에서 20-25분 끓인다.|설탕과 버터를 넣는다.,430,9,65,16,1,25,동글동글 쌀:60:g;우유:300:ml;설탕:1:tsp;버터:10:g;소금:1:tsp,아침식사;달콤한
rice-porridge-milk,nl,Rijstepap met boter,"Spoel de rijst grondig af tot het water helder is.|Breng melk aan de kook, voeg zout toe.|Voeg rijst toe en kook op laag vuur al roerend 20-25 minuten.|Voeg suiker en boter toe.",430,9,65,16,1,25,Rondkorrelige rijst:60:g;Melk:300:ml;Suiker:1:tsp;Boter:10:g;Zout:1:tsp,ontbijt;zoet
rice-porridge-milk,pl,Ryż na mleku z masłem,"Ryż dokładnie wypłucz, aż woda będzie czysta.|Mleko zagotuj, dodaj sól.|Dodaj ryż i gotuj na wolnym ogniu, mieszając, przez 20-25 minut.|Dodaj cukier i masło.",430,9,65,16,1,25,Ryż okrągłoziarnisty:60:g;Mleko:300:ml;Cukier:1:tsp;Masło:10:g;Sól:1:tsp,śniadanie;słodkie
rice-porridge-milk,pt-BR,Mingau de arroz com leite e manteiga,"Lave bem o arroz até a água ficar clara.|Ferva o leite, adicione sal.|Adicione o arroz e cozinhe em fogo baixo, mexendo, por 20-25 minutos.|Adicione açúcar e manteiga.",430,9,65,16,1,25,Arroz de grão redondo:60:g;Leite:300:ml;Açúcar:1:tsp;Manteiga:10:g;Sal:1:tsp,café da manhã;doce
rice-porridge-milk,ru,Рисовая каша на молоке со сливочным маслом,"Рис тщательно промойте до прозрачной воды.|В кастрюле доведите молоко до кипения, добавьте соль.|Всыпьте рис и варите на слабом огне, помешивая, 20-25 минут.|Добавьте сахар и сливочное масло.",430,9,65,16,1,25,Рис круглозёрный:60:g;Молоко:300:ml;Сахар:1:tsp;Сливочное масло:10:g;Соль:1:tsp,завтрак;сладкое
rice-porridge-milk,th,ข้าวต้มนมเนย,ล้างข้าวให้สะอาดจนน้ำใส|ต้มนมให้เดือด เติมเกลือ|ใส่ข้าวและหุงไฟอ่อนคนเรื่อยๆ นาน 20-25 นาที|เติมน้ำตาลและเนย,430,9,65,16,1,25,ข้าวเมล็ดกลม:60:g;นม:300:ml;น้ำตาล:1:tsp;เนย:10:g;เกลือ:1:tsp,อาหารเช้า;หวาน
rice-porridge-milk,tr,Sütlü Pirinç Lapası Tereyağlı,"Pirinci su berrak olana kadar iyice yıkayın.|Sütü kaynatın, tuz ekleyin.|Pirinci ekleyin ve kısık ateşte karıştırarak 20-25 dakika pişirin.|Şeker ve tereyağı ekleyin.",430,9,65,16,1,25,Kısa taneli pirinç:60:g;Süt:300:ml;Şeker:1:tsp;Tereyağı:10:g;Tuz:1:tsp,kahvaltı;tatlı
rice-porridge-milk,uk,Рисова каша на молоці з вершковим маслом,"Рис ретельно промийте до прозорої води.|У каструлі доведіть молоко до кипіння, додайте сіль.|Всипте рис і варіть на слабкому вогні, помішуючи, 20–25 хвилин.|Додайте цукор і вершкове масло.",430,9,65,16,1,25,Рис круглозернистий:60:g;Молоко:300:ml;Цукор:1:tsp;Вершкове масло:10:g;Сіль:1:tsp,сніданок;солодке
rice-porridge-milk,vi,Cháo gạo sữa với bơ,"Vo gạo kỹ cho đến khi nước trong.|Đun sôi sữa, thêm muối.|Cho gạo vào và nấu lửa nhỏ, khuấy đều, trong 20-25 phút.|Thêm đường và bơ.",430,9,65,16,1,25,Gạo hạt tròn:60:g;Sữa:300:ml;Đường:1:tsp;Bơ:10:g;Muối:1:tsp,bữa sáng;ngọt
rice-porridge-milk,zh-Hans,牛奶黄油大米粥,将大米淘洗干净至水清澈。|将牛奶煮沸，加盐。|加入大米，小火边搅拌边煮20-25分钟。|加入糖和黄油。,430,9,65,16,1,25,圆粒米:60:g;牛奶:300:ml;糖:1:tsp;黄油:10:g;盐:1:tsp,早餐;甜的
cottage-cheese-casserole,ar,كسرول الجبن الكلاسيكية,اهرسي الجبن حتى يصبح ناعماً.|أضيفي البيض والسكر وسكر الفانيليا والسميد واخلطي جيداً.|ادهني القالب بالزبدة.|وزّعي خليط الجبن في القالب.|اخبزي على 180 درجة مئوية لمدة 30-35 دقيقة.,430,30,35,18,1,40,جبن قريش:250:g;بيضة:1:pcs;سميد:1.5:tbsp;سكر:1:tbsp;سكر فانيليا:1:tsp;زبدة:5:g,فطور;حلو
cottage-cheese-casserole,de,Klassischer Quarkauflauf,"Quark glatt rühren.|Ei, Zucker, Vanillezucker und Grieß hinzufügen, gut vermischen.|Backform mit Butter einfetten.|Quarkmasse in die Form geben.|Bei 180°C 30-35 Minuten backen.",430,30,35,18,1,40,Quark:250:g;Ei:1:pcs;Grieß:1.5:tbsp;Zucker:1:tbsp;Vanillezucker:1:tsp;Butter:5:g,Frühstück;süß
cottage-cheese-casserole,en,Classic Cottage Cheese Casserole,"Mash cottage cheese until smooth.|Add egg, sugar, vanilla sugar and semolina, mix well.|Grease baking form with butter.|Spread cheese mixture in the form.|Bake at 180°C for 30-35 minutes.",430,30,35,18,1,40,Cottage cheese:250:g;Egg:1:pcs;Semolina:1.5:tbsp;Sugar:1:tbsp;Vanilla sugar:1:tsp;Butter:5:g,breakfast;sweet
cottage-cheese-casserole,es,Cazuela de requesón clásica,"Triture el requesón hasta que quede suave.|Agregue huevo, azúcar, azúcar de vainilla y sémola, mezcle bien.|Engrase el molde con mantequilla.|Extienda la mezcla de queso en el molde.|Hornee a 180°C durante 30-35 minutos.",430,30,35,18,1,40,Requesón:250:g;Huevo:1:pcs;Sémola:1.5:tbsp;Azúcar:1:tbsp;Azúcar de vainilla:1:tsp;Mantequilla:5:g,desayuno;dulce
cottage-cheese-casserole,fr,Casserole de fromage blanc classique,"Écrasez le fromage blanc jusqu'à consistance lisse.|Ajoutez l'œuf, le sucre, le sucre vanillé et la semoule, mélangez bien.|Beurrez le moule.|Étalez la préparation dans le moule.|Enfournez à 180°C pendant 30-35 minutes.",430,30,35,18,1,40,Fromage blanc:250:g;Œuf:1:pcs;Semoule:1.5:tbsp;Sucre:1:tbsp;Sucre vanillé:1:tsp;Beurre:5:g,"
petit-déjeuner;sucré"
cottage-cheese-casserole,he,קסרול גבינה קלאסי,"מעכו את הגבינה עד שהיא חלקה.|הוסיפו ביצה, סוכר, סוכר וניל וסולת, ערבבו היטב.|שמנו את התבנית בחמאה.|פזרו את תערובת הגבינה בתבנית.|אפו בטמפרטורה של 180 מעלות למשך 30-35 דקות.",430,30,35,18,1,40,גבינת קוטג':250:g;ביצה:1:pcs;סולת:1.5:tbsp;סוכר:1:tbsp;סוכר וניל:1:tsp;חמאה:5:g,ארוחת בוקר;מתוק
cottage-cheese-casserole,hi,क्लासिक पनीर कैसरोल,"पनीर को चिकना होने तक मैश करें।|अंडा, चीनी, वनीला चीनी और सूजी डालें, अच्छी तरह मिलाएं।|बेकिंग फॉर्म को मक्खन से चिकना करें।|पनीर मिश्रण को फॉर्म में फैलाएं।|180°C पर 30-35 मिनट बेक करें।",430,30,35,18,1,40,पनीर:250:g;अंडा:1:pcs;सूजी:1.5:tbsp;चीनी:1:tbsp;वनीला चीनी:1:tsp;मक्खन:5:g,नाश्ता;मीठा
cottage-cheese-casserole,id,Casserole Keju Cottage Klasik,"Haluskan keju cottage hingga lembut.|Tambahkan telur, gula, gula vanila dan semolina, aduk rata.|Olesi loyang dengan mentega.|Ratakan campuran keju dalam loyang.|Panggang pada suhu 180°C selama 30-35 menit.",430,30,35,18,1,40,Keju cottage:250:g;Telur:1:pcs;Semolina:1.5:tbsp;Gula:1:tbsp;Gula vanila:1:tsp;Mentega:5:g,sarapan;manis
cottage-cheese-casserole,it,Casseruola di ricotta classica,"Schiacciate la ricotta fino ad ottenere un composto liscio.|Aggiungete uovo, zucchero, zucchero vanigliato e semolino, mescolate bene.|Imburrate uno stampo da forno.|Distribuite il composto nello stampo.|Infornate a 180°C per 30-35 minuti.",430,30,35,18,1,40,Ricotta:250:g;Uovo:1:pcs;Semolino:1.5:tbsp;Zucchero:1:tbsp;Zucchero vanigliato:1:tsp;Burro:5:g,colazione;dolce
cottage-cheese-casserole,ja,クラシックカッテージチーズキャセロール,カッテージチーズを滑らかになるまで潰す。|卵、砂糖、バニラシュガー、セモリナを加えてよく混ぜる。|型にバターを塗る。|チーズの生地を型に広げる。|180°Cで30〜35分焼く。,430,30,35,18,1,40,カッテージチーズ:250:g;卵:1:pcs;セモリナ:1.5:tbsp;砂糖:1:tbsp;バニラシュガー:1:tsp;バター:5:g,朝食;甘い
cottage-cheese-casserole,ko,클래식 코티지치즈 캐서롤,"코티지치즈를 부드러워질 때까지 으깬다.|달걀, 설탕, 바닐라 설탕, 세몰리나를 넣고 잘 섞는다.|베이킹 틀에 버터를 바른다.|치즈 혼합물을 틀에 펼친다.|180°C에서 30-35분 굽는다.",430,30,35,18,1,40,코티지치즈:250:g;달걀:1:pcs;세몰리나:1.5:tbsp;설탕:1:tbsp;바닐라 설탕:1:tsp;버터:5:g,아침식사;달콤한
cottage-cheese-casserole,nl,Klassieke kwarkschotel,"Prak de kwark glad.|Voeg ei, suiker, vanillesuiker en griesmeel toe, meng goed.|Vet de bakvorm in met boter.|Verdeel het kwarkmengsel in de vorm.|Bak op 180°C gedurende 30-35 minuten.",430,30,35,18,1,40,Kwark:250:g;Ei:1:pcs;Griesmeel:1.5:tbsp;Suiker:1:tbsp;Vanillesuiker:1:tsp;Boter:5:g,ontbijt;zoet
cottage-cheese-casserole,pl,Klasyczna zapiekanka twarogowa,"Twaróg utrzyjcie na gładko.|Dodajcie jajko, cukier, cukier waniliowy i kaszę mannę, wymieszajcie.|Formę do pieczenia posmarujcie masłem.|Wyłóżcie masę twarogową do formy.|Pieczcie w 180°C przez 30-35 minut.",430,30,35,18,1,40,Twaróg:250:g;Jajko:1:pcs;Kasza manna:1.5:tbsp;Cukier:1:tbsp;Cukier waniliowy:1:tsp;Masło:5:g,śniadanie;słodkie
cottage-cheese-casserole,pt-BR,Caçarola de requeijão clássica,"Amasse o requeijão até ficar homogêneo.|Adicione ovo, açúcar, açúcar baunilha e semolina, misture bem.|Unte a forma com manteiga.|Espalhe a mistura de queijo na forma.|Asse a 180°C por 30-35 minutos.",430,30,35,18,1,40,Requeijão:250:g;Ovo:1:pcs;Semolina:1.5:tbsp;Açúcar:1:tbsp;Açúcar baunilha:1:tsp;Manteiga:5:g,café da manhã;doce
cottage-cheese-casserole,ru,Творожная запеканка классическая,"Творог перетрите до однородной массы.|Добавьте яйцо, сахар, ванильный сахар и манку, хорошо перемешайте.|Форму смажьте сливочным маслом.|Выложите творожную массу в форму.|Запекайте при 180°C 30-35 минут.",430,30,35,18,1,40,Творог:250:g;Яйцо:1:pcs;Манка:1.5:tbsp;Сахар:1:tbsp;Ванильный сахар:1:tsp;Сливочное масло:5:g,завтрак;сладкое
cottage-cheese-casserole,th,แคสเซอโรลชีสคอทเทจสูตรคลาสสิก,บดชีสคอทเทจจนเนียน|ใส่ไข่ น้ำตาล น้ำตาลวานิลลา และเซโมลินา คนให้เข้ากัน|ทาเนยในแม่พิมพ์อบ|เกลี่ยส่วนผสมชีสในแม่พิมพ์|อบที่ 180 องศาเซลเซียส นาน 30-35 นาที,430,30,35,18,1,40,ชีสคอทเทจ:250:g;ไข่:1:pcs;เซโมลินา:1.5:tbsp;น้ำตาล:1:tbsp;น้ำตาลวานิลลา:1:tsp;เนย:5:g,อาหารเช้า;หวาน
cottage-cheese-casserole,tr,Klasik Lor Peynirli Güveç,"Lor peynirini pürüzsüz olana kadar ezin.|Yumurta, şeker, vanilya şekeri ve irmik ekleyin, iyice karıştırın.|Fırın kalıbını tereyağıyla yağlayın.|Peynir karışımını kalıba yayın.|180°C'de 30-35 dakika pişirin.",430,30,35,18,1,40,Lor peyniri:250:g;Yumurta:1:pcs;İrmik:1.5:tbsp;Şeker:1:tbsp;Vanilya şekeri:1:tsp;Tereyağı:5:g,kahvaltı;tatlı
cottage-cheese-casserole,uk,Сирна запіканка класична,"Сир перетріть до однорідної маси.|Додайте яйце, цукор, ванільний цукор і манку, добре перемішайте.|Форму змастіть вершковим маслом.|Викладіть сирну масу у форму.|Запікайте при 180°C 30–35 хвилин.",430,30,35,18,1,40,Сир кисломолочний:250:g;Яйце:1:pcs;Манка:1.5:tbsp;Цукор:1:tbsp;Ванільний цукор:1:tsp;Вершкове масло:5:g,сніданок;солодке
cottage-cheese-casserole,vi,Casserole phô mai tươi cổ điển,"Nghiền phô mai tươi cho mịn.|Thêm trứng, đường, đường vani và bột semolina, trộn đều.|Phết bơ vào khuôn nướng.|Trải hỗn hợp phô mai vào khuôn.|Nướng ở 180°C trong 30-35 phút.",430,30,35,18,1,40,Phô mai tươi:250:g;Trứng:1:pcs;Bột semolina:1.5:tbsp;Đường:1:tbsp;Đường vani:1:tsp;Bơ:5:g,bữa sáng;ngọt
cottage-cheese-casserole,zh-Hans,经典奶酪烤盘,将奶酪捣至顺滑。|加入鸡蛋、糖、香草糖和粗面粉，搅拌均匀。|烤盘刷上黄油。|将奶酪糊铺入烤盘。|180°C烤30-35分钟。,430,30,35,18,1,40,奶酪:250:g;鸡蛋:1:pcs;粗面粉:1.5:tbsp;糖:1:tbsp;香草糖:1:tsp;黄油:5:g,早餐;甜的
thin-crepes,ar,كريب رقيق بالحليب,اخفقي البيض مع السكر والملح.|أضيفي الحليب ثم الدقيق تدريجياً.|أضيفي الزيت واصنعي عجينة سائلة.|اقلي الكريب على مقلاة ساخنة جداً.,460,16,65,14,1,25,حليب:250:ml;بيضة:1:pcs;دقيق قمح:100:g;سكر:1:tbsp;زيت:1:tbsp;ملح:1:tsp,فطور;حلو
thin-crepes,de,Dünne Crêpes mit Milch,"Ei mit Zucker und Salz verquirlen.|Milch hinzufügen und nach und nach das Mehl einrühren.|Öl hineingießen, einen dünnen Teig anrühren.|Crêpes in einer gut erhitzten Pfanne backen.",460,16,65,14,1,25,Milch:250:ml;Ei:1:pcs;Weizenmehl:100:g;Zucker:1:tbsp;Öl:1:tbsp;Salz:1:tsp,Frühstück;süß
thin-crepes,en,Thin Milk Crepes,"Beat egg with sugar and salt.|Add milk and gradually add flour.|Pour in oil, mix thin batter.|Fry crepes on a well-heated pan.",460,16,65,14,1,25,Milk:250:ml;Egg:1:pcs;Wheat flour:100:g;Sugar:1:tbsp;Oil:1:tbsp;Salt:1:tsp,breakfast;sweet
thin-crepes,es,Crepes finos de leche,"Bata el huevo con azúcar y sal.|Agregue leche y gradualmente añada harina.|Vierta el aceite, mezcle la masa líquida.|Fría los crepes en una sartén bien caliente.",460,16,65,14,1,25,Leche:250:ml;Huevo:1:pcs;Harina de trigo:100:g;Azúcar:1:tbsp;Aceite:1:tbsp;Sal:1:tsp,desayuno;dulce
thin-crepes,fr,Crêpes fines au lait,"Battez l'œuf avec le sucre et le sel.|Ajoutez le lait puis la farine progressivement.|Versez l'huile, mélangez la pâte liquide.|Faites cuire les crêpes dans une poêle bien chaude.",460,16,65,14,1,25,Lait:250:ml;Œuf:1:pcs;Farine de blé:100:g;Sucre:1:tbsp;Huile:1:tbsp;Sel:1:tsp,"
petit-déjeuner;sucré"
thin-crepes,he,קרפ דק על חלב,"טרפו ביצה עם סוכר ומלח.|הוסיפו חלב ובהדרגה קמח.|יצקו שמן, ערבבו בלילה דלילה.|טגנו קרפים במחבת מחוממת היטב.",460,16,65,14,1,25,חלב:250:ml;ביצה:1:pcs;קמח חיטה:100:g;סוכר:1:tbsp;שמן:1:tbsp;מלח:1:tsp,ארוחת בוקר;מתוק
thin-crepes,hi,पतली दूध की क्रेप,"अंडे को चीनी और नमक के साथ फेंटें।|दूध डालें और धीरे-धीरे आटा डालें।|तेल डालें, पतला बैटर बनाएं।|अच्छी तरह गर्म तवे पर क्रेप बनाएं।",460,16,65,14,1,25,दूध:250:ml;अंडा:1:pcs;गेहूं का आटा:100:g;चीनी:1:tbsp;तेल:1:tbsp;नमक:1:tsp,नाश्ता;मीठा
thin-crepes,id,Crepe Tipis Susu,"Kocok telur dengan gula dan garam.|Tambahkan susu dan tepung secara bertahap.|Tuang minyak, aduk adonan encer.|Goreng crepe di wajan yang dipanaskan dengan baik.",460,16,65,14,1,25,Susu:250:ml;Telur:1:pcs;Tepung terigu:100:g;Gula:1:tbsp;Minyak:1:tbsp;Garam:1:tsp,sarapan;manis
thin-crepes,it,Crêpe sottili al latte,"Sbattete l'uovo con zucchero e sale.|Aggiungete il latte e gradualmente la farina.|Versate l'olio, mescolate la pastella liquida.|Cuocete le crêpe in una padella ben calda.",460,16,65,14,1,25,Latte:250:ml;Uovo:1:pcs;Farina di grano:100:g;Zucchero:1:tbsp;Olio:1:tbsp;Sale:1:tsp,colazione;dolce
thin-crepes,ja,薄焼きミルククレープ,卵を砂糖と塩で溶きほぐす。|牛乳を加え、徐々に小麦粉を入れる。|油を注ぎ、薄い生地を作る。|よく熱したフライパンでクレープを焼く。,460,16,65,14,1,25,牛乳:250:ml;卵:1:pcs;小麦粉:100:g;砂糖:1:tbsp;油:1:tbsp;塩:1:tsp,朝食;甘い
thin-crepes,ko,얇은 우유 크레이프,"달걀을 설탕, 소금과 함께 풀어준다.|우유를 넣고 밀가루를 서서히 넣는다.|식용유를 붓고 묽은 반죽을 만든다.|잘 달군 팬에서 크레이프를 굽는다.",460,16,65,14,1,25,우유:250:ml;달걀:1:pcs;밀가루:100:g;설탕:1:tbsp;식용유:1:tbsp;소금:1:tsp,아침식사;달콤한
thin-crepes,nl,Dunne melkpannenkoeken,"Klop het ei met suiker en zout.|Voeg melk toe en geleidelijk het meel.|Giet de olie erbij, meng een dun beslag.|Bak de pannenkoeken in een goed verhitte pan.",460,16,65,14,1,25,Melk:250:ml;Ei:1:pcs;Tarwebloem:100:g;Suiker:1:tbsp;Olie:1:tbsp;Zout:1:tsp,ontbijt;zoet
thin-crepes,pl,Cienkie naleśniki na mleku,"Jajko ubijcie z cukrem i solą.|Dodajcie mleko i stopniowo wsypujcie mąkę.|Wlejcie olej, wymieszajcie rzadkie ciasto.|Smażcie naleśniki na dobrze rozgrzanej patelni.",460,16,65,14,1,25,Mleko:250:ml;Jajko:1:pcs;Mąka pszenna:100:g;Cukier:1:tbsp;Olej:1:tbsp;Sól:1:tsp,śniadanie;słodkie
thin-crepes,pt-BR,Crepes finos de leite,"Bata o ovo com açúcar e sal.|Adicione leite e gradualmente a farinha.|Despeje o óleo, misture a massa líquida.|Frite os crepes em uma frigideira bem quente.",460,16,65,14,1,25,Leite:250:ml;Ovo:1:pcs;Farinha de trigo:100:g;Açúcar:1:tbsp;Óleo:1:tbsp;Sal:1:tsp,café da manhã;doce
thin-crepes,ru,Тонкие блинчики на молоке,"Яйцо взбейте с сахаром и солью.|Добавьте молоко и постепенно всыпайте муку.|Влейте масло, замесите жидкое тесто.|Жарьте блинчики на хорошо разогретой сковороде.",460,16,65,14,1,25,Молоко:250:ml;Яйцо:1:pcs;Пшеничная мука:100:g;Сахар:1:tbsp;Масло:1:tbsp;Соль:1:tsp,завтрак;сладкое
thin-crepes,th,เครปบางนม,ตีไข่กับน้ำตาลและเกลือ|เติมนมแล้วค่อยๆ ใส่แป้ง|เทน้ำมัน ผสมแป้งเหลว|ทอดเครปบนกระทะที่ร้อนดี,460,16,65,14,1,25,นม:250:ml;ไข่:1:pcs;แป้งสาลี:100:g;น้ำตาล:1:tbsp;น้ำมัน:1:tbsp;เกลือ:1:tsp,อาหารเช้า;หวาน
thin-crepes,tr,İnce Sütlü Krep,"Yumurtayı şeker ve tuzla çırpın.|Sütü ekleyin ve kademeli olarak unu ekleyin.|Yağı dökün, ince hamur karıştırın.|Krepleri iyice ısıtılmış tavada pişirin.",460,16,65,14,1,25,Süt:250:ml;Yumurta:1:pcs;Buğday unu:100:g;Şeker:1:tbsp;Yağ:1:tbsp;Tuz:1:tsp,kahvaltı;tatlı
thin-crepes,uk,Млинці тонкі на молоці,"Яйце збийте з цукром і сіллю.|Додайте молоко та поступово всипайте борошно.|Влийте олію, замішайте рідке тісто.|Смажте млинці на добре розігрітій сковороді.",460,16,65,14,1,25,Молоко:250:ml;Яйце:1:pcs;Пшеничне борошно:100:g;Цукор:1:tbsp;Олія:1:tbsp;Сіль:1:tsp,сніданок;солодке
thin-crepes,vi,Bánh crepe sữa mỏng,"Đánh trứng với đường và muối.|Thêm sữa và từ từ cho bột mì vào.|Đổ dầu ăn, trộn bột lỏng.|Tráng bánh crepe trên chảo nóng già.",460,16,65,14,1,25,Sữa:250:ml;Trứng:1:pcs;Bột mì:100:g;Đường:1:tbsp;Dầu ăn:1:tbsp;Muối:1:tsp,bữa sáng;ngọt
thin-crepes,zh-Hans,薄牛奶可丽饼,将鸡蛋与糖和盐打散。|加入牛奶，逐渐加入面粉。|倒入油，搅成稀面糊。|在充分加热的平底锅上煎可丽饼。,460,16,65,14,1,25,牛奶:250:ml;鸡蛋:1:pcs;小麦面粉:100:g;糖:1:tbsp;油:1:tbsp;盐:1:tsp,早餐;甜的
oatmeal-apple-cinnamon,ar,دقيق الشوفان بالتفاح والقرفة,أغلي السائل وأضيفي الملح.|أضيفي رقائق الشوفان واطهيها لمدة 7-10 دقائق.|قشّري التفاحة وقطّعيها إلى مكعبات صغيرة.|أضيفي التفاح والقرفة إلى الشوفان المطهو.|حلّيه حسب الرغبة قبل التقديم.,360,11,60,8,1,15,رقائق الشوفان:50:g;حليب:200:ml;تفاحة:1:pcs;قرفة:1:tsp;عسل:1:tsp;ملح:1:tsp,فطور
oatmeal-apple-cinnamon,de,Haferbrei mit Apfel und Zimt,"Flüssigkeit zum Kochen bringen, Salz hinzufügen.|Haferflocken einrühren und 7-10 Minuten kochen.|Apfel schälen und in kleine Würfel schneiden.|Apfel und Zimt zum fertigen Haferbrei geben.|Vor dem Servieren nach Geschmack süßen.",360,11,60,8,1,15,Haferflocken:50:g;Milch:200:ml;Apfel:1:pcs;Zimt:1:tsp;Honig:1:tsp;Salz:1:tsp,Frühstück
oatmeal-apple-cinnamon,en,Oatmeal with Apple and Cinnamon,"Bring liquid to a boil, add salt.|Add oat flakes and cook for 7-10 minutes.|Peel and dice apple.|Add apple and cinnamon to cooked oatmeal.|Sweeten to taste before serving.",360,11,60,8,1,15,Oat flakes:50:g;Milk:200:ml;Apple:1:pcs;Cinnamon:1:tsp;Honey:1:tsp;Salt:1:tsp,breakfast
oatmeal-apple-cinnamon,es,Avena con manzana y canela,"Llevar el líquido a ebullición, añadir sal.|Agregar los copos de avena y cocinar 7-10 minutos.|Pelar y cortar la manzana en cubos pequeños.|Añadir la manzana y la canela a la avena cocida.|Endulzar al gusto antes de servir.",360,11,60,8,1,15,Copos de avena:50:g;Leche:200:ml;Manzana:1:pcs;Canela:1:tsp;Miel:1:tsp;Sal:1:tsp,desayuno
oatmeal-apple-cinnamon,fr,Porridge à la pomme et à la cannelle,"Porter le liquide à ébullition, ajouter le sel.|Ajouter les flocons d'avoine et cuire 7-10 minutes.|Éplucher et couper la pomme en petits dés.|Ajouter la pomme et la cannelle au porridge cuit.|Sucrer selon le goût avant de servir.",360,11,60,8,1,15,Flocons d'avoine:50:g;Lait:200:ml;Pomme:1:pcs;Cannelle:1:tsp;Miel:1:tsp;Sel:1:tsp,"
petit-déjeuner"
oatmeal-apple-cinnamon,he,דייסת שיבולת שועל עם תפוח וקינמון,"הביאו את הנוזל לרתיחה, הוסיפו מלח.|הוסיפו פתיתי שיבולת שועל ובשלו 7-10 דקות.|קלפו את התפוח וחתכו לקוביות קטנות.|הוסיפו תפוח וקינמון לדייסה המוכנה.|המתיקו לפי הטעם לפני ההגשה.",360,11,60,8,1,15,פתיתי שיבולת שועל:50:g;חלב:200:ml;תפוח:1:pcs;קינמון:1:tsp;דבש:1:tsp;מלח:1:tsp,ארוחת בוקר
oatmeal-apple-cinnamon,hi,सेब और दालचीनी वाला ओटमील,"तरल को उबाल लें, नमक डालें।|ओट्स के फ्लेक्स डालें और 7-10 मिनट पकाएं।|सेब छीलें और छोटे टुकड़ों में काटें।|पके हुए ओटमील में सेब और दालचीनी डालें।|परोसने से पहले स्वादानुसार मीठा करें।",360,11,60,8,1,15,ओट्स फ्लेक्स:50:g;दूध:200:ml;सेब:1:pcs;दालचीनी:1:tsp;शहद:1:tsp;नमक:1:tsp,नाश्ता
oatmeal-apple-cinnamon,id,Oatmeal dengan Apel dan Kayu Manis,"Didihkan cairan, tambahkan garam.|Masukkan oat dan masak selama 7-10 menit.|Kupas dan potong apel menjadi dadu kecil.|Tambahkan apel dan kayu manis ke oatmeal yang sudah matang.|Tambahkan pemanis sesuai selera sebelum disajikan.",360,11,60,8,1,15,Oat:50:g;Susu:200:ml;Apel:1:pcs;Kayu manis:1:tsp;Madu:1:tsp;Garam:1:tsp,sarapan
oatmeal-apple-cinnamon,it,Porridge con mela e cannella,"Portare il liquido a ebollizione, aggiungere il sale.|Aggiungere i fiocchi d'avena e cuocere per 7-10 minuti.|Sbucciare e tagliare la mela a cubetti.|Aggiungere mela e cannella al porridge cotto.|Dolcificare a piacere prima di servire.",360,11,60,8,1,15,Fiocchi d'avena:50:g;Latte:200:ml;Mela:1:pcs;Cannella:1:tsp;Miele:1:tsp;Sale:1:tsp,colazione
oatmeal-apple-cinnamon,ja,りんごとシナモンのオートミール,液体を沸騰させ、塩を加える。|オートフレークを加え、7〜10分煮る。|りんごの皮をむき、小さな角切りにする。|出来上がったオートミールにりんごとシナモンを加える。|お好みで甘みを加えてから盛り付ける。,360,11,60,8,1,15,オートフレーク:50:g;牛乳:200:ml;りんご:1:pcs;シナモン:1:tsp;はちみつ:1:tsp;塩:1:tsp,朝食
oatmeal-apple-cinnamon,ko,사과 시나몬 오트밀,액체를 끓이고 소금을 넣으세요.|오트 플레이크를 넣고 7-10분간 끓이세요.|사과 껍질을 벗기고 작은 주사위 모양으로 자르세요.|완성된 오트밀에 사과와 시나몬을 넣으세요.|서빙 전에 기호에 맞게 달게 하세요.,360,11,60,8,1,15,오트 플레이크:50:g;우유:200:ml;사과:1:pcs;시나몬:1:tsp;꿀:1:tsp;소금:1:tsp,아침식사
oatmeal-apple-cinnamon,nl,Havermout met appel en kaneel,"Breng de vloeistof aan de kook, voeg zout toe.|Voeg havervlokken toe en kook 7-10 minuten.|Schil de appel en snijd in kleine blokjes.|Voeg appel en kaneel toe aan de gekookte havermout.|Zoet naar smaak voor het serveren.",360,11,60,8,1,15,Havervlokken:50:g;Melk:200:ml;Appel:1:pcs;Kaneel:1:tsp;Honing:1:tsp;Zout:1:tsp,ontbijt
oatmeal-apple-cinnamon,pl,Owsianka z jabłkiem i cynamonem,"Doprowadź płyn do wrzenia, dodaj sól.|Wsyp płatki owsiane i gotuj 7-10 minut.|Obierz jabłko i pokrój w drobną kostkę.|Dodaj jabłko i cynamon do ugotowanej owsianki.|Przed podaniem posłódź do smaku.",360,11,60,8,1,15,Płatki owsiane:50:g;Mleko:200:ml;Jabłko:1:pcs;Cynamon:1:tsp;Miód:1:tsp;Sól:1:tsp,śniadanie
oatmeal-apple-cinnamon,pt-BR,Mingau de aveia com maçã e canela,"Leve o líquido para ferver, adicione sal.|Acrescente os flocos de aveia e cozinhe por 7-10 minutos.|Descasque e corte a maçã em cubinhos.|Adicione a maçã e a canela ao mingau pronto.|Adoce a gosto antes de servir.",360,11,60,8,1,15,Flocos de aveia:50:g;Leite:200:ml;Maçã:1:pcs;Canela:1:tsp;Mel:1:tsp;Sal:1:tsp,café da manhã
oatmeal-apple-cinnamon,ru,Овсянка с яблоком и корицей,"Доведите жидкость до кипения, добавьте соль.|Всыпьте овсяные хлопья и варите 7-10 минут.|Очистите яблоко и нарежьте мелкими кубиками.|Добавьте яблоко и корицу в готовую кашу.|Перед подачей подсластите по вкусу.",360,11,60,8,1,15,Овсяные хлопья:50:g;Молоко:200:ml;Яблоко:1:pcs;Корица:1:tsp;Мёд:1:tsp;Соль:1:tsp,завтрак
oatmeal-apple-cinnamon,th,ข้าวโอ๊ตกับแอปเปิ้ลและอบเชย,ต้มของเหลวให้เดือด เติมเกลือ|ใส่ข้าวโอ๊ตแล้วต้ม 7-10 นาที|ปอกแอปเปิ้ลแล้วหั่นเป็นลูกเต๋าเล็กๆ|ใส่แอปเปิ้ลและอบเชยลงในข้าวโอ๊ตที่สุกแล้ว|เติมความหวานตามชอบก่อนเสิร์ฟ,360,11,60,8,1,15,ข้าวโอ๊ต:50:g;นม:200:ml;แอปเปิ้ล:1:pcs;อบเชย:1:tsp;น้ำผึ้ง:1:tsp;เกลือ:1:tsp,อาหารเช้า
oatmeal-apple-cinnamon,tr,Elmalı ve tarçınlı yulaf lapası,"Sıvıyı kaynatın, tuz ekleyin.|Yulaf ezmesini ekleyin ve 7-10 dakika pişirin.|Elmayı soyun ve küçük küpler halinde doğrayın.|Pişmiş yulaf lapasına elma ve tarçın ekleyin.|Servis etmeden önce tadına göre tatlandırın.",360,11,60,8,1,15,Yulaf ezmesi:50:g;Süt:200:ml;Elma:1:pcs;Tarçın:1:tsp;Bal:1:tsp;Tuz:1:tsp,kahvaltı
oatmeal-apple-cinnamon,uk,Вівсянка з яблуком і корицею,"Рідину доведіть до кипіння, додайте сіль.|Всипте вівсяні пластівці та варіть 7–10 хвилин.|Яблуко очистіть і наріжте дрібними кубиками.|Додайте яблуко та корицю в готову кашу.|Перед подачею підсолодіть за смаком.",360,11,60,8,1,15,Вівсяні пластівці:50:g;Молоко:200:ml;Яблуко:1:pcs;Кориця:1:tsp;Мед:1:tsp;Сіль:1:tsp,сніданок
oatmeal-apple-cinnamon,vi,Yến mạch với táo và quế,"Đun sôi chất lỏng, thêm muối.|Cho yến mạch vào và nấu trong 7-10 phút.|Gọt vỏ táo và cắt hạt lựu nhỏ.|Thêm táo và quế vào yến mạch đã nấu chín.|Thêm đường tùy khẩu vị trước khi dùng.",360,11,60,8,1,15,Yến mạch:50:g;Sữa:200:ml;Táo:1:pcs;Quế:1:tsp;Mật ong:1:tsp;Muối:1:tsp,bữa sáng
oatmeal-apple-cinnamon,zh-Hans,苹果肉桂燕麦粥,将液体煮沸，加盐。|加入燕麦片，煮7-10分钟。|将苹果去皮切成小丁。|将苹果和肉桂加入煮好的燕麦粥中。|食用前根据口味加糖调味。,360,11,60,8,1,15,燕麦片:50:g;牛奶:200:ml;苹果:1:pcs;肉桂:1:tsp;蜂蜜:1:tsp;盐:1:tsp,早餐
chia-pudding-cocoa,ar,بودينغ الشيا بالكاكاو,اخلطي بذور الشيا والحليب والكاكاو في وعاء.|حرّكي جيداً لتجنّب التكتلات.|غطّي وضعي في الثلاجة لمدة 4 ساعات على الأقل.|أضيفي العسل قبل التقديم.,320,10,25,18,1,5,بذور الشيا:2:tbsp;حليب:200:ml;مسحوق الكاكاو:1:tsp;عسل:1:tsp,فطور
chia-pudding-cocoa,de,Schokoladen-Chia-Pudding,"Chiasamen, Milch und Kakao in einer Schüssel mischen.|Gut umrühren, um Klumpen zu vermeiden.|Abdecken und mindestens 4 Stunden im Kühlschrank ruhen lassen.|Vor dem Servieren Honig hinzufügen.",320,10,25,18,1,5,Chiasamen:2:tbsp;Milch:200:ml;Kakaopulver:1:tsp;Honig:1:tsp,Frühstück
chia-pudding-cocoa,en,Chocolate Chia Pudding,"Mix chia seeds, milk and cocoa in a bowl.|Stir well to avoid lumps.|Cover and refrigerate for at least 4 hours.|Add honey before serving.",320,10,25,18,1,5,Chia seeds:2:tbsp;Milk:200:ml;Cocoa powder:1:tsp;Honey:1:tsp,breakfast
chia-pudding-cocoa,es,Pudín de chía con cacao,"Mezclar las semillas de chía, la leche y el cacao en un bol.|Remover bien para evitar grumos.|Tapar y refrigerar durante al menos 4 horas.|Añadir miel antes de servir.",320,10,25,18,1,5,Semillas de chía:2:tbsp;Leche:200:ml;Cacao en polvo:1:tsp;Miel:1:tsp,desayuno
chia-pudding-cocoa,fr,Pudding de chia au cacao,"Mélanger les graines de chia, le lait et le cacao dans un bol.|Bien remuer pour éviter les grumeaux.|Couvrir et réfrigérer pendant au moins 4 heures.|Ajouter du miel avant de servir.",320,10,25,18,1,5,Graines de chia:2:tbsp;Lait:200:ml;Cacao en poudre:1:tsp;Miel:1:tsp,"
petit-déjeuner"
chia-pudding-cocoa,he,פודינג צ'יה עם קקאו,"ערבבו זרעי צ'יה, חלב וקקאו בקערה.|ערבבו היטב למניעת גושים.|כסו והכניסו למקרר לפחות 4 שעות.|הוסיפו דבש לפני ההגשה.",320,10,25,18,1,5,זרעי צ'יה:2:tbsp;חלב:200:ml;אבקת קקאו:1:tsp;דבש:1:tsp,ארוחת בוקר
chia-pudding-cocoa,hi,चॉकलेट चिया पुडिंग,"एक कटोरे में चिया बीज, दूध और कोको मिलाएं।|गांठ न रहे इसके लिए अच्छी तरह हिलाएं।|ढककर कम से कम 4 घंटे फ्रिज में रखें।|परोसने से पहले शहद डालें।",320,10,25,18,1,5,चिया बीज:2:tbsp;दूध:200:ml;कोको पाउडर:1:tsp;शहद:1:tsp,नाश्ता
chia-pudding-cocoa,id,Puding Chia Cokelat,"Campurkan biji chia, susu dan kakao dalam mangkuk.|Aduk rata agar tidak bergerindil.|Tutup dan simpan di kulkas minimal 4 jam.|Tambahkan madu sebelum disajikan.",320,10,25,18,1,5,Biji chia:2:tbsp;Susu:200:ml;Bubuk kakao:1:tsp;Madu:1:tsp,sarapan
chia-pudding-cocoa,it,Budino di chia al cacao,"Mescolare i semi di chia, il latte e il cacao in una ciotola.|Mescolare bene per evitare grumi.|Coprire e refrigerare per almeno 4 ore.|Aggiungere il miele prima di servire.",320,10,25,18,1,5,Semi di chia:2:tbsp;Latte:200:ml;Cacao in polvere:1:tsp;Miele:1:tsp,colazione
chia-pudding-cocoa,ja,チョコレートチアプディング,ボウルにチアシード、牛乳、ココアを混ぜる。|ダマにならないようによく混ぜる。|蓋をして冷蔵庫で最低4時間冷やす。|食べる前にはちみつを加える。,320,10,25,18,1,5,チアシード:2:tbsp;牛乳:200:ml;ココアパウダー:1:tsp;はちみつ:1:tsp,朝食
chia-pudding-cocoa,ko,초콜릿 치아 푸딩,"그릇에 치아씨, 우유, 코코아를 섞으세요.|덩어리가 없도록 잘 저으세요.|덮어서 최소 4시간 냉장 보관하세요.|서빙 전에 꿀을 추가하세요.",320,10,25,18,1,5,치아씨:2:tbsp;우유:200:ml;코코아 파우더:1:tsp;꿀:1:tsp,아침식사
chia-pudding-cocoa,nl,Chocolade chiapudding,"Meng chiazaad, melk en cacao in een kom.|Roer goed om klontjes te voorkomen.|Dek af en zet minstens 4 uur in de koelkast.|Voeg honing toe voor het serveren.",320,10,25,18,1,5,Chiazaad:2:tbsp;Melk:200:ml;Cacaopoeder:1:tsp;Honing:1:tsp,ontbijt
chia-pudding-cocoa,pl,Pudding chia z kakao,"Wymieszaj nasiona chia, mleko i kakao w misce.|Dokładnie wymieszaj, aby nie było grudek.|Przykryj i schłódź w lodówce przez co najmniej 4 godziny.|Przed podaniem dodaj miód.",320,10,25,18,1,5,Nasiona chia:2:tbsp;Mleko:200:ml;Kakao w proszku:1:tsp;Miód:1:tsp,śniadanie
chia-pudding-cocoa,pt-BR,Pudim de chia com cacau,"Misture as sementes de chia, o leite e o cacau em uma tigela.|Mexa bem para evitar grumos.|Cubra e refrigere por pelo menos 4 horas.|Adicione mel antes de servir.",320,10,25,18,1,5,Sementes de chia:2:tbsp;Leite:200:ml;Cacau em pó:1:tsp;Mel:1:tsp,café da manhã
chia-pudding-cocoa,ru,Чиа-пудинг с какао,"Смешайте семена чиа, молоко и какао в миске.|Хорошо перемешайте, чтобы не было комочков.|Накройте и поставьте в холодильник минимум на 4 часа.|Перед подачей добавьте мёд.",320,10,25,18,1,5,Семена чиа:2:tbsp;Молоко:200:ml;Какао-порошок:1:tsp;Мёд:1:tsp,завтрак
chia-pudding-cocoa,th,พุดดิ้งเมล็ดเจียช็อกโกแลต,ผสมเมล็ดเจีย นม และโกโก้ในชาม|คนให้เข้ากันดีเพื่อไม่ให้เป็นก้อน|ปิดฝาแล้วแช่เย็นอย่างน้อย 4 ชั่วโมง|เติมน้ำผึ้งก่อนเสิร์ฟ,320,10,25,18,1,5,เมล็ดเจีย:2:tbsp;นม:200:ml;ผงโกโก้:1:tsp;น้ำผึ้ง:1:tsp,อาหารเช้า
chia-pudding-cocoa,tr,Kakaolu chia pudingi,"Chia tohumlarını, sütü ve kakaoyu bir kasede karıştırın.|Topaklanmaması için iyice karıştırın.|Üzerini kapatın ve en az 4 saat buzdolabında bekletin.|Servis etmeden önce bal ekleyin.",320,10,25,18,1,5,Chia tohumu:2:tbsp;Süt:200:ml;Kakao tozu:1:tsp;Bal:1:tsp,kahvaltı
chia-pudding-cocoa,uk,Чіа-пудинг з какао,"У мисці змішайте насіння чіа, молоко та какао.|Добре перемішайте, щоб не було грудочок.|Накрийте та поставте в холодильник мінімум на 4 години.|Перед подачею додайте мед.",320,10,25,18,1,5,Насіння чіа:2:tbsp;Молоко:200:ml;Какао-порошок:1:tsp;Мед:1:tsp,сніданок
chia-pudding-cocoa,vi,Pudding hạt chia cacao,"Trộn hạt chia, sữa và cacao trong tô.|Khuấy đều để không bị vón cục.|Đậy nắp và để tủ lạnh ít nhất 4 giờ.|Thêm mật ong trước khi dùng.",320,10,25,18,1,5,Hạt chia:2:tbsp;Sữa:200:ml;Bột cacao:1:tsp;Mật ong:1:tsp,bữa sáng
chia-pudding-cocoa,zh-Hans,可可奇亚籽布丁,将奇亚籽、牛奶和可可粉在碗中混合。|搅拌均匀，避免结块。|盖上盖子，冷藏至少4小时。|食用前加入蜂蜜。,320,10,25,18,1,5,奇亚籽:2:tbsp;牛奶:200:ml;可可粉:1:tsp;蜂蜜:1:tsp,早餐
yogurt-fruit-granola-bowl,ar,طبق الزبادي بالفواكه والغرانولا,ضعي الزبادي في طبق.|أضيفي الموز المقطع والتوت.|رشّي الغرانولا فوقها.|اسكبي العسل.,420,18,55,14,1,10,زبادي يوناني:200:g;موز:0.5:pcs;توت:50:g;غرانولا:30:g;عسل:1:tsp,فطور
yogurt-fruit-granola-bowl,de,Joghurt-Bowl mit Früchten und Granola,Joghurt in eine Schüssel geben.|Geschnittene Banane und Beeren hinzufügen.|Mit Granola bestreuen.|Mit Honig beträufeln.,420,18,55,14,1,10,Griechischer Joghurt:200:g;Banane:0.5:pcs;Beeren:50:g;Granola:30:g;Honig:1:tsp,Frühstück
yogurt-fruit-granola-bowl,en,Yogurt Bowl with Fruits and Granola,Place yogurt in a bowl.|Add sliced banana and berries.|Top with granola.|Drizzle with honey.,420,18,55,14,1,10,Greek yogurt:200:g;Banana:0.5:pcs;Berries:50:g;Granola:30:g;Honey:1:tsp,breakfast
yogurt-fruit-granola-bowl,es,Bowl de yogur con frutas y granola,Coloque el yogur en un bol.|Añada el plátano en rodajas y las bayas.|Espolvoree con granola.|Rocíe con miel.,420,18,55,14,1,10,Yogur griego:200:g;Plátano:0.5:pcs;Bayas:50:g;Granola:30:g;Miel:1:tsp,desayuno
yogurt-fruit-granola-bowl,fr,Bowl de yaourt aux fruits et granola,Versez le yaourt dans un bol.|Ajoutez la banane tranchée et les baies.|Parsemez de granola.|Arrosez de miel.,420,18,55,14,1,10,Yaourt grec:200:g;Banane:0.5:pcs;Baies:50:g;Granola:30:g;Miel:1:tsp,"
petit-déjeuner"
yogurt-fruit-granola-bowl,he,קערת יוגורט עם פירות וגרנולה,שימו יוגורט בקערה.|הוסיפו בננה פרוסה ופירות יער.|פזרו גרנולה מעל.|זלפו דבש.,420,18,55,14,1,10,יוגורט יווני:200:g;בננה:0.5:pcs;פירות יער:50:g;גרנולה:30:g;דבש:1:tsp,ארוחת בוקר
yogurt-fruit-granola-bowl,hi,"दही, फल और ग्रेनोला बाउल",एक कटोरे में दही रखें।|कटा हुआ केला और बेरी डालें।|ऊपर से ग्रेनोला छिड़कें।|शहद डालें।,420,18,55,14,1,10,ग्रीक दही:200:g;केला:0.5:pcs;बेरी:50:g;ग्रेनोला:30:g;शहद:1:tsp,नाश्ता
yogurt-fruit-granola-bowl,id,Mangkuk Yogurt dengan Buah dan Granola,Letakkan yogurt di mangkuk.|Tambahkan irisan pisang dan beri.|Taburi dengan granola.|Siram dengan madu.,420,18,55,14,1,10,Yogurt Yunani:200:g;Pisang:0.5:pcs;Beri:50:g;Granola:30:g;Madu:1:tsp,sarapan
yogurt-fruit-granola-bowl,it,Bowl di yogurt con frutta e granola,Mettere lo yogurt in una ciotola.|Aggiungere la banana a fette e i frutti di bosco.|Cospargere con la granola.|Versare il miele a filo.,420,18,55,14,1,10,Yogurt greco:200:g;Banana:0.5:pcs;Frutti di bosco:50:g;Granola:30:g;Miele:1:tsp,colazione
yogurt-fruit-granola-bowl,ja,フルーツとグラノーラのヨーグルトボウル,ボウルにヨーグルトを入れる。|スライスしたバナナとベリーを加える。|グラノーラをのせる。|はちみつをかける。,420,18,55,14,1,10,ギリシャヨーグルト:200:g;バナナ:0.5:pcs;ベリー:50:g;グラノーラ:30:g;はちみつ:1:tsp,朝食
yogurt-fruit-granola-bowl,ko,과일 그래놀라 요거트 볼,그릇에 요거트를 담으세요.|슬라이스한 바나나와 베리를 올리세요.|그래놀라를 뿌리세요.|꿀을 뿌리세요.,420,18,55,14,1,10,그릭 요거트:200:g;바나나:0.5:pcs;베리:50:g;그래놀라:30:g;꿀:1:tsp,아침식사
yogurt-fruit-granola-bowl,nl,Yoghurtbowl met fruit en granola,Doe de yoghurt in een kom.|Voeg gesneden banaan en bessen toe.|Bestrooi met granola.|Besprenkel met honing.,420,18,55,14,1,10,Griekse yoghurt:200:g;Banaan:0.5:pcs;Bessen:50:g;Granola:30:g;Honing:1:tsp,ontbijt
yogurt-fruit-granola-bowl,pl,"Bowl z jogurtem, owocami i granolą",Wyłóż jogurt do miski.|Dodaj pokrojonego banana i jagody.|Posyp granolą.|Polej miodem.,420,18,55,14,1,10,Jogurt grecki:200:g;Banan:0.5:pcs;Jagody:50:g;Granola:30:g;Miód:1:tsp,śniadanie
yogurt-fruit-granola-bowl,pt-BR,Bowl de iogurte com frutas e granola,Coloque o iogurte em uma tigela.|Adicione banana fatiada e frutas vermelhas.|Polvilhe com granola.|Regue com mel.,420,18,55,14,1,10,Iogurte grego:200:g;Banana:0.5:pcs;Frutas vermelhas:50:g;Granola:30:g;Mel:1:tsp,café da manhã
yogurt-fruit-granola-bowl,ru,"Боул с йогуртом, фруктами и гранолой",Выложите йогурт в миску.|Добавьте нарезанный банан и ягоды.|Посыпьте гранолой.|Полейте мёдом.,420,18,55,14,1,10,Греческий йогурт:200:g;Банан:0.5:pcs;Ягоды:50:g;Гранола:30:g;Мёд:1:tsp,завтрак
yogurt-fruit-granola-bowl,th,โยเกิร์ตโบวล์กับผลไม้และกราโนล่า,ใส่โยเกิร์ตลงในชาม|เพิ่มกล้วยหั่นและเบอร์รี่|โรยกราโนล่าด้านบน|ราดน้ำผึ้ง,420,18,55,14,1,10,โยเกิร์ตกรีก:200:g;กล้วย:0.5:pcs;เบอร์รี่:50:g;กราโนล่า:30:g;น้ำผึ้ง:1:tsp,อาหารเช้า
yogurt-fruit-granola-bowl,tr,Meyveli ve granolalı yoğurt kasesi,Yoğurdu bir kaseye koyun.|Dilimlenmiş muz ve meyveleri ekleyin.|Üzerine granola serpin.|Bal gezdirin.,420,18,55,14,1,10,Yunan yoğurdu:200:g;Muz:0.5:pcs;Meyveler:50:g;Granola:30:g;Bal:1:tsp,kahvaltı
yogurt-fruit-granola-bowl,uk,"Боул з йогуртом, фруктами та гранолою",Йогурт викладіть у миску.|Додайте нарізаний банан і ягоди.|Посипте гранолою.|Полийте медом.,420,18,55,14,1,10,Йогурт грецький:200:g;Банан:0.5:pcs;Ягоди:50:g;Гранола:30:g;Мед:1:tsp,сніданок
yogurt-fruit-granola-bowl,vi,Tô sữa chua với trái cây và granola,Cho sữa chua vào tô.|Thêm chuối cắt lát và quả mọng.|Rắc granola lên trên.|Rưới mật ong.,420,18,55,14,1,10,Sữa chua Hy Lạp:200:g;Chuối:0.5:pcs;Quả mọng:50:g;Granola:30:g;Mật ong:1:tsp,bữa sáng
yogurt-fruit-granola-bowl,zh-Hans,酸奶水果格兰诺拉碗,将酸奶放入碗中。|加入切片香蕉和浆果。|撒上格兰诺拉麦片。|淋上蜂蜜。,420,18,55,14,1,10,希腊酸奶:200:g;香蕉:0.5:pcs;浆果:50:g;格兰诺拉:30:g;蜂蜜:1:tsp,早餐
baked-oatmeal-apple,ar,شوفان مخبوز بالتفاح,قشّري التفاحة وقطّعيها إلى مكعبات.|اخلطي الشوفان والحليب والبيض والعسل والقرفة.|أضيفي التفاح.|ادهني القالب بالزبدة وافردي الخليط.|اخبزي على 180 درجة لمدة 25-30 دقيقة.,420,14,65,10,1,30,رقائق الشوفان:60:g;حليب:200:ml;بيضة:1:pcs;تفاحة:1:pcs;عسل:1:tbsp;قرفة:1:tsp;زبدة:5:g,فطور
baked-oatmeal-apple,de,Gebackenes Haferflocken mit Apfel,"Apfel schälen und in Würfel schneiden.|Haferflocken, Milch, Ei, Honig und Zimt mischen.|Apfel hinzufügen.|Form mit Butter einfetten und Masse einfüllen.|Bei 180°C 25-30 Minuten backen.",420,14,65,10,1,30,Haferflocken:60:g;Milch:200:ml;Ei:1:pcs;Apfel:1:pcs;Honig:1:tbsp;Zimt:1:tsp;Butter:5:g,Frühstück
baked-oatmeal-apple,en,Baked Oatmeal with Apple,"Peel and dice apple.|Mix oatmeal, milk, egg, honey and cinnamon.|Add apple.|Grease form with butter, spread mixture.|Bake at 180°C for 25-30 minutes.",420,14,65,10,1,30,Oat flakes:60:g;Milk:200:ml;Egg:1:pcs;Apple:1:pcs;Honey:1:tbsp;Cinnamon:1:tsp;Butter:5:g,breakfast
baked-oatmeal-apple,es,Avena horneada con manzana,"Pelar y cortar la manzana en cubos.|Mezclar la avena, la leche, el huevo, la miel y la canela.|Agregar la manzana.|Engrasar el molde con mantequilla y verter la mezcla.|Hornear a 180°C durante 25-30 minutos.",420,14,65,10,1,30,Copos de avena:60:g;Leche:200:ml;Huevo:1:pcs;Manzana:1:pcs;Miel:1:tbsp;Canela:1:tsp;Mantequilla:5:g,desayuno
baked-oatmeal-apple,fr,Flocons d'avoine cuits au four avec pomme,"Éplucher et couper la pomme en dés.|Mélanger les flocons d'avoine, le lait, l'œuf, le miel et la cannelle.|Ajouter la pomme.|Beurrer le moule et étaler le mélange.|Cuire au four à 180°C pendant 25-30 minutes.",420,14,65,10,1,30,Flocons d'avoine:60:g;Lait:200:ml;Œuf:1:pcs;Pomme:1:pcs;Miel:1:tbsp;Cannelle:1:tsp;Beurre:5:g,"
petit-déjeuner"
baked-oatmeal-apple,he,שיבולת שועל אפויה עם תפוח,"קלפו את התפוח וחתכו לקוביות.|ערבבו שיבולת שועל, חלב, ביצה, דבש וקינמון.|הוסיפו את התפוח.|שמנו את התבנית בחמאה ופזרו את התערובת.|אפו ב-180°C למשך 25-30 דקות.",420,14,65,10,1,30,פתיתי שיבולת שועל:60:g;חלב:200:ml;ביצה:1:pcs;תפוח:1:pcs;דבש:1:tbsp;קינמון:1:tsp;חמאה:5:g,ארוחת בוקר
baked-oatmeal-apple,hi,सेब के साथ बेक्ड ओटमील,"सेब छीलें और टुकड़ों में काटें।|ओटमील, दूध, अंडा, शहद और दालचीनी मिलाएं।|सेब डालें।|सांचे में मक्खन लगाएं और मिश्रण फैलाएं।|180°C पर 25-30 मिनट बेक करें।",420,14,65,10,1,30,ओट्स फ्लेक्स:60:g;दूध:200:ml;अंडा:1:pcs;सेब:1:pcs;शहद:1:tbsp;दालचीनी:1:tsp;मक्खन:5:g,नाश्ता
baked-oatmeal-apple,id,Oatmeal Panggang dengan Apel,"Kupas dan potong apel menjadi dadu.|Campurkan oatmeal, susu, telur, madu dan kayu manis.|Tambahkan apel.|Olesi loyang dengan mentega, tuang adonan.|Panggang pada suhu 180°C selama 25-30 menit.",420,14,65,10,1,30,Oat:60:g;Susu:200:ml;Telur:1:pcs;Apel:1:pcs;Madu:1:tbsp;Kayu manis:1:tsp;Mentega:5:g,sarapan
baked-oatmeal-apple,it,Porridge al forno con mela,"Sbucciare e tagliare la mela a cubetti.|Mescolare fiocchi d'avena, latte, uovo, miele e cannella.|Aggiungere la mela.|Imburrare lo stampo e versare il composto.|Cuocere in forno a 180°C per 25-30 minuti.",420,14,65,10,1,30,Fiocchi d'avena:60:g;Latte:200:ml;Uovo:1:pcs;Mela:1:pcs;Miele:1:tbsp;Cannella:1:tsp;Burro:5:g,colazione
baked-oatmeal-apple,ja,りんご入りベイクドオートミール,りんごの皮をむき、角切りにする。|オートミール、牛乳、卵、はちみつ、シナモンを混ぜる。|りんごを加える。|型にバターを塗り、生地を広げる。|180°Cで25〜30分焼く。,420,14,65,10,1,30,オートフレーク:60:g;牛乳:200:ml;卵:1:pcs;りんご:1:pcs;はちみつ:1:tbsp;シナモン:1:tsp;バター:5:g,朝食
baked-oatmeal-apple,ko,사과 베이크드 오트밀,"사과 껍질을 벗기고 주사위 모양으로 자르세요.|오트밀, 우유, 달걀, 꿀, 시나몬을 섞으세요.|사과를 넣으세요.|틀에 버터를 바르고 반죽을 펴세요.|180°C에서 25-30분간 구우세요.",420,14,65,10,1,30,오트 플레이크:60:g;우유:200:ml;달걀:1:pcs;사과:1:pcs;꿀:1:tbsp;시나몬:1:tsp;버터:5:g,아침식사
baked-oatmeal-apple,nl,Gebakken havermout met appel,"Schil de appel en snijd in blokjes.|Meng havermout, melk, ei, honing en kaneel.|Voeg de appel toe.|Vet de vorm in met boter en verdeel het mengsel.|Bak op 180°C gedurende 25-30 minuten.",420,14,65,10,1,30,Havervlokken:60:g;Melk:200:ml;Ei:1:pcs;Appel:1:pcs;Honing:1:tbsp;Kaneel:1:tsp;Boter:5:g,ontbijt
baked-oatmeal-apple,pl,Zapiekana owsianka z jabłkiem,"Obierz jabłko i pokrój w kostkę.|Wymieszaj owsiankę, mleko, jajko, miód i cynamon.|Dodaj jabłko.|Posmaruj formę masłem i wyłóż masę.|Piecz w 180°C przez 25-30 minut.",420,14,65,10,1,30,Płatki owsiane:60:g;Mleko:200:ml;Jajko:1:pcs;Jabłko:1:pcs;Miód:1:tbsp;Cynamon:1:tsp;Masło:5:g,śniadanie
baked-oatmeal-apple,pt-BR,Aveia assada com maçã,"Descasque e corte a maçã em cubos.|Misture aveia, leite, ovo, mel e canela.|Adicione a maçã.|Unte a forma com manteiga e espalhe a mistura.|Asse a 180°C por 25-30 minutos.",420,14,65,10,1,30,Flocos de aveia:60:g;Leite:200:ml;Ovo:1:pcs;Maçã:1:pcs;Mel:1:tbsp;Canela:1:tsp;Manteiga:5:g,café da manhã
baked-oatmeal-apple,ru,Запечённая овсянка с яблоком,"Очистите яблоко и нарежьте кубиками.|Смешайте овсянку, молоко, яйцо, мёд и корицу.|Добавьте яблоко.|Смажьте форму маслом и выложите массу.|Запекайте при 180°C 25-30 минут.",420,14,65,10,1,30,Овсяные хлопья:60:g;Молоко:200:ml;Яйцо:1:pcs;Яблоко:1:pcs;Мёд:1:tbsp;Корица:1:tsp;Сливочное масло:5:g,завтрак
baked-oatmeal-apple,th,ข้าวโอ๊ตอบกับแอปเปิ้ล,ปอกแอปเปิ้ลแล้วหั่นเป็นลูกเต๋า|ผสมข้าวโอ๊ต นม ไข่ น้ำผึ้ง และอบเชย|ใส่แอปเปิ้ล|ทาเนยในพิมพ์แล้วเทส่วนผสม|อบที่ 180°C นาน 25-30 นาที,420,14,65,10,1,30,ข้าวโอ๊ต:60:g;นม:200:ml;ไข่:1:pcs;แอปเปิ้ล:1:pcs;น้ำผึ้ง:1:tbsp;อบเชย:1:tsp;เนย:5:g,อาหารเช้า
baked-oatmeal-apple,tr,Elmalı fırında yulaf ezmesi,"Elmayı soyun ve küpler halinde doğrayın.|Yulaf ezmesi, süt, yumurta, bal ve tarçını karıştırın.|Elmayı ekleyin.|Kalıbı tereyağı ile yağlayın ve karışımı yayın.|180°C'de 25-30 dakika pişirin.",420,14,65,10,1,30,Yulaf ezmesi:60:g;Süt:200:ml;Yumurta:1:pcs;Elma:1:pcs;Bal:1:tbsp;Tarçın:1:tsp;Tereyağı:5:g,kahvaltı
baked-oatmeal-apple,uk,Запечена вівсянка з яблуком,"Яблуко очистіть і наріжте кубиками.|Змішайте вівсянку, молоко, яйце, мед і корицю.|Додайте яблуко.|Форму змастіть маслом, викладіть масу.|Запікайте при 180°C 25–30 хвилин.",420,14,65,10,1,30,Вівсяні пластівці:60:g;Молоко:200:ml;Яйце:1:pcs;Яблуко:1:pcs;Мед:1:tbsp;Кориця:1:tsp;Вершкове масло:5:g,сніданок
baked-oatmeal-apple,vi,Yến mạch nướng với táo,"Gọt vỏ táo và cắt hạt lựu.|Trộn yến mạch, sữa, trứng, mật ong và quế.|Thêm táo.|Phết bơ vào khuôn, trải hỗn hợp.|Nướng ở 180°C trong 25-30 phút.",420,14,65,10,1,30,Yến mạch:60:g;Sữa:200:ml;Trứng:1:pcs;Táo:1:pcs;Mật ong:1:tbsp;Quế:1:tsp;Bơ:5:g,bữa sáng
baked-oatmeal-apple,zh-Hans,苹果烤燕麦,将苹果去皮切丁。|将燕麦片、牛奶、鸡蛋、蜂蜜和肉桂混合。|加入苹果。|在模具中涂黄油，铺上混合物。|在180°C下烤25-30分钟。,420,14,65,10,1,30,燕麦片:60:g;牛奶:200:ml;鸡蛋:1:pcs;苹果:1:pcs;蜂蜜:1:tbsp;肉桂:1:tsp;黄油:5:g,早餐
kefir-pancakes,ar,بانكيك بالكفير,اخفقي البيض مع السكر.|أضيفي الكفير.|أضيفي الدقيق والبيكنغ باودر.|اقلي البانكيك حتى يصبح ذهبياً.,410,13,62,12,1,20,كفير:200:ml;بيضة:1:pcs;دقيق القمح:90:g;سكر:1:tbsp;بيكنغ باودر:0.5:tsp;زيت:1:tsp,فطور
kefir-pancakes,de,Kefir-Pfannkuchen,Ei mit Zucker schlagen.|Kefir hinzufügen.|Mehl und Backpulver einrühren.|Pfannkuchen goldbraun braten.,410,13,62,12,1,20,Kefir:200:ml;Ei:1:pcs;Weizenmehl:90:g;Zucker:1:tbsp;Backpulver:0.5:tsp;Öl:1:tsp,Frühstück
kefir-pancakes,en,Kefir Pancakes,Beat egg with sugar.|Add kefir.|Add flour and baking powder.|Fry pancakes until golden.,410,13,62,12,1,20,Kefir:200:ml;Egg:1:pcs;Wheat flour:90:g;Sugar:1:tbsp;Baking powder:0.5:tsp;Oil:1:tsp,breakfast
kefir-pancakes,es,Panqueques de kéfir,Batir el huevo con el azúcar.|Añadir el kéfir.|Agregar la harina y la levadura en polvo.|Freír los panqueques hasta dorar.,410,13,62,12,1,20,Kéfir:200:ml;Huevo:1:pcs;Harina de trigo:90:g;Azúcar:1:tbsp;Levadura en polvo:0.5:tsp;Aceite:1:tsp,desayuno
kefir-pancakes,fr,Pancakes au kéfir,Battre l'œuf avec le sucre.|Ajouter le kéfir.|Ajouter la farine et la levure chimique.|Faire cuire les pancakes jusqu'à ce qu'ils soient dorés.,410,13,62,12,1,20,Kéfir:200:ml;Œuf:1:pcs;Farine de blé:90:g;Sucre:1:tbsp;Levure chimique:0.5:tsp;Huile:1:tsp,"
petit-déjeuner"
kefir-pancakes,he,פנקייק מקפיר,הקציפו ביצה עם סוכר.|הוסיפו קפיר.|הוסיפו קמח ואבקת אפייה.|טגנו את הפנקייק עד להזהבה.,410,13,62,12,1,20,קפיר:200:ml;ביצה:1:pcs;קמח חיטה:90:g;סוכר:1:tbsp;אבקת אפייה:0.5:tsp;שמן:1:tsp,ארוחת בוקר
kefir-pancakes,hi,केफिर पैनकेक,अंडे को चीनी के साथ फेंटें।|केफिर डालें।|आटा और बेकिंग पाउडर डालें।|पैनकेक को सुनहरा होने तक तलें।,410,13,62,12,1,20,केफिर:200:ml;अंडा:1:pcs;गेहूं का आटा:90:g;चीनी:1:tbsp;बेकिंग पाउडर:0.5:tsp;तेल:1:tsp,नाश्ता
kefir-pancakes,id,Pancake Kefir,Kocok telur dengan gula.|Tambahkan kefir.|Tambahkan tepung dan baking powder.|Goreng pancake hingga keemasan.,410,13,62,12,1,20,Kefir:200:ml;Telur:1:pcs;Tepung terigu:90:g;Gula:1:tbsp;Baking powder:0.5:tsp;Minyak:1:tsp,sarapan
kefir-pancakes,it,Pancake al kefir,Sbattere l'uovo con lo zucchero.|Aggiungere il kefir.|Aggiungere la farina e il lievito in polvere.|Friggere i pancake fino a doratura.,410,13,62,12,1,20,Kefir:200:ml;Uovo:1:pcs;Farina di frumento:90:g;Zucchero:1:tbsp;Lievito in polvere:0.5:tsp;Olio:1:tsp,colazione
kefir-pancakes,ja,ケフィアパンケーキ,卵と砂糖を泡立てる。|ケフィアを加える。|小麦粉とベーキングパウダーを加える。|パンケーキをきつね色になるまで焼く。,410,13,62,12,1,20,ケフィア:200:ml;卵:1:pcs;小麦粉:90:g;砂糖:1:tbsp;ベーキングパウダー:0.5:tsp;油:1:tsp,朝食
kefir-pancakes,ko,케피어 팬케이크,달걀과 설탕을 거품기로 치세요.|케피어를 넣으세요.|밀가루와 베이킹파우더를 넣으세요.|팬케이크를 노릇하게 구우세요.,410,13,62,12,1,20,케피어:200:ml;달걀:1:pcs;밀가루:90:g;설탕:1:tbsp;베이킹파우더:0.5:tsp;식용유:1:tsp,아침식사
kefir-pancakes,nl,Kefir pannenkoeken,Klop het ei met suiker.|Voeg kefir toe.|Voeg bloem en bakpoeder toe.|Bak de pannenkoeken goudbruin.,410,13,62,12,1,20,Kefir:200:ml;Ei:1:pcs;Tarwebloem:90:g;Suiker:1:tbsp;Bakpoeder:0.5:tsp;Olie:1:tsp,ontbijt
kefir-pancakes,pl,Pancakes na kefirze,Ubij jajko z cukrem.|Dodaj kefir.|Dodaj mąkę i proszek do pieczenia.|Smaż pancakes na złoty kolor.,410,13,62,12,1,20,Kefir:200:ml;Jajko:1:pcs;Mąka pszenna:90:g;Cukier:1:tbsp;Proszek do pieczenia:0.5:tsp;Olej:1:tsp,śniadanie
kefir-pancakes,pt-BR,Panquecas de kefir,Bata o ovo com o açúcar.|Adicione o kefir.|Acrescente a farinha e o fermento em pó.|Frite as panquecas até dourar.,410,13,62,12,1,20,Kefir:200:ml;Ovo:1:pcs;Farinha de trigo:90:g;Açúcar:1:tbsp;Fermento em pó:0.5:tsp;Óleo:1:tsp,café da manhã
kefir-pancakes,ru,Панкейки на кефире,Взбейте яйцо с сахаром.|Добавьте кефир.|Всыпьте муку и разрыхлитель.|Обжарьте панкейки до золотистого цвета.,410,13,62,12,1,20,Кефир:200:ml;Яйцо:1:pcs;Пшеничная мука:90:g;Сахар:1:tbsp;Разрыхлитель:0.5:tsp;Масло:1:tsp,завтрак
kefir-pancakes,th,แพนเค้กเคเฟอร์,ตีไข่กับน้ำตาล|เติมเคเฟอร์|เติมแป้งและผงฟู|ทอดแพนเค้กจนเหลืองสวย,410,13,62,12,1,20,เคเฟอร์:200:ml;ไข่:1:pcs;แป้งสาลี:90:g;น้ำตาล:1:tbsp;ผงฟู:0.5:tsp;น้ำมัน:1:tsp,อาหารเช้า
kefir-pancakes,tr,Kefirli pankek,Yumurtayı şekerle çırpın.|Kefir ekleyin.|Un ve kabartma tozunu ekleyin.|Pankekleri altın rengi olana kadar kızartın.,410,13,62,12,1,20,Kefir:200:ml;Yumurta:1:pcs;Buğday unu:90:g;Şeker:1:tbsp;Kabartma tozu:0.5:tsp;Yağ:1:tsp,kahvaltı
kefir-pancakes,uk,Панкейки на кефірі,Яйце збийте з цукром.|Додайте кефір.|Всипте борошно та розпушувач.|Смажте панкейки до золотистості.,410,13,62,12,1,20,Кефір:200:ml;Яйце:1:pcs;Пшеничне борошно:90:g;Цукор:1:tbsp;Розпушувач:0.5:tsp;Олія:1:tsp,сніданок
kefir-pancakes,vi,Bánh kếp kefir,Đánh trứng với đường.|Thêm kefir.|Thêm bột mì và bột nở.|Chiên bánh kếp đến khi vàng đều.,410,13,62,12,1,20,Kefir:200:ml;Trứng:1:pcs;Bột mì:90:g;Đường:1:tbsp;Bột nở:0.5:tsp;Dầu ăn:1:tsp,bữa sáng
kefir-pancakes,zh-Hans,开菲尔煎饼,将鸡蛋和糖打散。|加入开菲尔。|加入面粉和泡打粉。|煎至金黄色。,410,13,62,12,1,20,开菲尔:200:ml;鸡蛋:1:pcs;小麦粉:90:g;糖:1:tbsp;泡打粉:0.5:tsp;油:1:tsp,早餐
baked-apples-cottage-cheese,ar,تفاح مخبوز بالجبن القريش,أزيلي قلب التفاحة.|اخلطي الجبن القريش مع الزبيب والعسل.|احشي التفاحة بخليط الجبن.|اخبزي على 180 درجة لمدة 20-25 دقيقة.,350,22,45,8,1,25,تفاحة:1:pcs;جبن قريش:150:g;عسل:1:tsp;زبيب:15:g;قرفة:1:tsp,فطور
baked-apples-cottage-cheese,de,Bratäpfel mit Quark,Kerngehäuse des Apfels entfernen.|Quark mit Rosinen und Honig mischen.|Apfel mit der Quarkmischung füllen.|Bei 180°C 20-25 Minuten backen.,350,22,45,8,1,25,Apfel:1:pcs;Quark:150:g;Honig:1:tsp;Rosinen:15:g;Zimt:1:tsp,Frühstück
baked-apples-cottage-cheese,en,Baked Apples with Cottage Cheese,Remove apple core.|Mix cottage cheese with raisins and honey.|Stuff apple with cheese mixture.|Bake at 180°C for 20-25 minutes.,350,22,45,8,1,25,Apple:1:pcs;Cottage cheese:150:g;Honey:1:tsp;Raisins:15:g;Cinnamon:1:tsp,breakfast
baked-apples-cottage-cheese,es,Manzanas asadas con requesón,Retire el corazón de la manzana.|Mezcle el requesón con las pasas y la miel.|Rellene la manzana con la mezcla de queso.|Hornee a 180°C durante 20-25 minutos.,350,22,45,8,1,25,Manzana:1:pcs;Requesón:150:g;Miel:1:tsp;Pasas:15:g;Canela:1:tsp,desayuno
baked-apples-cottage-cheese,fr,Pommes cuites au fromage blanc,Retirer le trognon de la pomme.|Mélanger le fromage blanc avec les raisins secs et le miel.|Farcir la pomme avec le mélange de fromage.|Cuire au four à 180°C pendant 20-25 minutes.,350,22,45,8,1,25,Pomme:1:pcs;Fromage blanc:150:g;Miel:1:tsp;Raisins secs:15:g;Cannelle:1:tsp,"
petit-déjeuner"
baked-apples-cottage-cheese,he,תפוחים אפויים עם גבינת קוטג׳,הסירו את ליבת התפוח.|ערבבו גבינת קוטג׳ עם צימוקים ודבש.|מלאו את התפוח בתערובת הגבינה.|אפו ב-180°C למשך 20-25 דקות.,350,22,45,8,1,25,תפוח:1:pcs;גבינת קוטג׳:150:g;דבש:1:tsp;צימוקים:15:g;קינמון:1:tsp,ארוחת בוקר
baked-apples-cottage-cheese,hi,पनीर भरे भुने सेब,सेब का बीज वाला भाग निकालें।|कॉटेज चीज़ को किशमिश और शहद के साथ मिलाएं।|सेब में चीज़ का मिश्रण भरें।|180°C पर 20-25 मिनट बेक करें।,350,22,45,8,1,25,सेब:1:pcs;कॉटेज चीज़:150:g;शहद:1:tsp;किशमिश:15:g;दालचीनी:1:tsp,नाश्ता
baked-apples-cottage-cheese,id,Apel Panggang dengan Keju Cottage,Buang inti apel.|Campurkan keju cottage dengan kismis dan madu.|Isi apel dengan campuran keju.|Panggang pada suhu 180°C selama 20-25 menit.,350,22,45,8,1,25,Apel:1:pcs;Keju cottage:150:g;Madu:1:tsp;Kismis:15:g;Kayu manis:1:tsp,sarapan
baked-apples-cottage-cheese,it,Mele al forno con ricotta,Rimuovere il torsolo della mela.|Mescolare la ricotta con uvetta e miele.|Farcire la mela con il composto di formaggio.|Cuocere in forno a 180°C per 20-25 minuti.,350,22,45,8,1,25,Mela:1:pcs;Ricotta:150:g;Miele:1:tsp;Uvetta:15:g;Cannella:1:tsp,colazione
baked-apples-cottage-cheese,ja,カッテージチーズ入り焼きりんご,りんごの芯をくり抜く。|カッテージチーズにレーズンとはちみつを混ぜる。|りんごにチーズの具を詰める。|180°Cで20〜25分焼く。,350,22,45,8,1,25,りんご:1:pcs;カッテージチーズ:150:g;はちみつ:1:tsp;レーズン:15:g;シナモン:1:tsp,朝食
baked-apples-cottage-cheese,ko,코티지 치즈를 넣은 구운 사과,사과 씨 부분을 제거하세요.|코티지 치즈에 건포도와 꿀을 섞으세요.|사과에 치즈 혼합물을 채우세요.|180°C에서 20-25분간 구우세요.,350,22,45,8,1,25,사과:1:pcs;코티지 치즈:150:g;꿀:1:tsp;건포도:15:g;시나몬:1:tsp,아침식사
baked-apples-cottage-cheese,nl,Gebakken appels met kwark,Verwijder het klokhuis van de appel.|Meng kwark met rozijnen en honing.|Vul de appel met het kwarkmengsel.|Bak op 180°C gedurende 20-25 minuten.,350,22,45,8,1,25,Appel:1:pcs;Kwark:150:g;Honing:1:tsp;Rozijnen:15:g;Kaneel:1:tsp,ontbijt
baked-apples-cottage-cheese,pl,Pieczone jabłka z twarogiem,Wydrąż gniazdo nasienne z jabłka.|Wymieszaj twaróg z rodzynkami i miodem.|Nafaszeruj jabłko masą twarogową.|Piecz w 180°C przez 20-25 minut.,350,22,45,8,1,25,Jabłko:1:pcs;Twaróg:150:g;Miód:1:tsp;Rodzynki:15:g;Cynamon:1:tsp,śniadanie
baked-apples-cottage-cheese,pt-BR,Maçãs assadas com requeijão,Remova o miolo da maçã.|Misture o requeijão com passas e mel.|Recheie a maçã com a mistura de queijo.|Asse a 180°C por 20-25 minutos.,350,22,45,8,1,25,Maçã:1:pcs;Requeijão:150:g;Mel:1:tsp;Passas:15:g;Canela:1:tsp,café da manhã
baked-apples-cottage-cheese,ru,Запечённые яблоки с творогом,Удалите сердцевину яблока.|Смешайте творог с изюмом и мёдом.|Начините яблоко творожной массой.|Запекайте при 180°C 20-25 минут.,350,22,45,8,1,25,Яблоко:1:pcs;Творог:150:g;Мёд:1:tsp;Изюм:15:g;Корица:1:tsp,завтрак
baked-apples-cottage-cheese,th,แอปเปิ้ลอบไส้ชีสคอทเทจ,คว้านแกนแอปเปิ้ลออก|ผสมชีสคอทเทจกับลูกเกดและน้ำผึ้ง|สอดไส้แอปเปิ้ลด้วยส่วนผสมชีส|อบที่ 180°C นาน 20-25 นาที,350,22,45,8,1,25,แอปเปิ้ล:1:pcs;ชีสคอทเทจ:150:g;น้ำผึ้ง:1:tsp;ลูกเกด:15:g;อบเชย:1:tsp,อาหารเช้า
baked-apples-cottage-cheese,tr,Lor peynirli fırında elma,Elmanın çekirdeğini çıkarın.|Lor peynirini kuru üzüm ve bal ile karıştırın.|Elmayı peynir karışımıyla doldurun.|180°C'de 20-25 dakika pişirin.,350,22,45,8,1,25,Elma:1:pcs;Lor peyniri:150:g;Bal:1:tsp;Kuru üzüm:15:g;Tarçın:1:tsp,kahvaltı
baked-apples-cottage-cheese,uk,Запечені яблука з сиром,З яблука видаліть серцевину.|Сир змішайте з родзинками та медом.|Начиніть яблуко сирною масою.|Запікайте при 180°C 20–25 хвилин.,350,22,45,8,1,25,Яблуко:1:pcs;Сир кисломолочний:150:g;Мед:1:tsp;Родзинки:15:g;Кориця:1:tsp,сніданок
baked-apples-cottage-cheese,vi,Táo nướng nhân phô mai tươi,Bỏ lõi táo.|Trộn phô mai tươi với nho khô và mật ong.|Nhồi táo với hỗn hợp phô mai.|Nướng ở 180°C trong 20-25 phút.,350,22,45,8,1,25,Táo:1:pcs;Phô mai tươi:150:g;Mật ong:1:tsp;Nho khô:15:g;Quế:1:tsp,bữa sáng
baked-apples-cottage-cheese,zh-Hans,奶酪烤苹果,去除苹果核。|将奶酪与葡萄干和蜂蜜混合。|将奶酪混合物填入苹果中。|在180°C下烤20-25分钟。,350,22,45,8,1,25,苹果:1:pcs;农家奶酪:150:g;蜂蜜:1:tsp;葡萄干:15:g;肉桂:1:tsp,早餐
corn-porridge-milk,ar,عصيدة الذرة بالحليب,أغلي الحليب وأضيفي الملح.|اسكبي حبيبات الذرة ببطء مع التحريك.|اطهي على نار هادئة لمدة 15-20 دقيقة.|أضيفي السكر والزبدة.,390,9,60,12,1,20,حبيبات الذرة:60:g;حليب:300:ml;سكر:1:tsp;زبدة:10:g;ملح:1:tsp,فطور
corn-porridge-milk,de,Maisgrießbrei mit Milch,"Milch zum Kochen bringen, Salz hinzufügen.|Maisgrieß in dünnem Strahl einrühren.|Auf niedriger Hitze 15-20 Minuten kochen.|Zucker und Butter hinzufügen.",390,9,60,12,1,20,Maisgrieß:60:g;Milch:300:ml;Zucker:1:tsp;Butter:10:g;Salz:1:tsp,Frühstück
corn-porridge-milk,en,Corn Porridge on Milk,"Bring milk to a boil, add salt.|Pour in grits in a thin stream, stirring.|Cook on low heat for 15-20 minutes.|Add sugar and butter.",390,9,60,12,1,20,Corn grits:60:g;Milk:300:ml;Sugar:1:tsp;Butter:10:g;Salt:1:tsp,breakfast
corn-porridge-milk,es,Polenta con leche,"Llevar la leche a ebullición, añadir sal.|Verter la sémola de maíz en un hilo fino, removiendo.|Cocinar a fuego lento durante 15-20 minutos.|Añadir azúcar y mantequilla.",390,9,60,12,1,20,Sémola de maíz:60:g;Leche:300:ml;Azúcar:1:tsp;Mantequilla:10:g;Sal:1:tsp,desayuno
corn-porridge-milk,fr,Bouillie de maïs au lait,"Porter le lait à ébullition, ajouter le sel.|Verser la semoule de maïs en filet fin en remuant.|Cuire à feu doux pendant 15-20 minutes.|Ajouter le sucre et le beurre.",390,9,60,12,1,20,Semoule de maïs:60:g;Lait:300:ml;Sucre:1:tsp;Beurre:10:g;Sel:1:tsp,"
petit-déjeuner"
corn-porridge-milk,he,דייסת תירס עם חלב,"הביאו את החלב לרתיחה, הוסיפו מלח.|שפכו את גריסי התירס בזרם דק תוך כדי ערבוב.|בשלו על אש נמוכה 15-20 דקות.|הוסיפו סוכר וחמאה.",390,9,60,12,1,20,גריסי תירס:60:g;חלב:300:ml;סוכר:1:tsp;חמאה:10:g;מלח:1:tsp,ארוחת בוקר
corn-porridge-milk,hi,दूध में मकई का दलिया,"दूध उबालें, नमक डालें।|मकई के दाने धीरे-धीरे पतली धार में डालें, हिलाते रहें।|धीमी आंच पर 15-20 मिनट पकाएं।|चीनी और मक्खन डालें।",390,9,60,12,1,20,मकई का दलिया:60:g;दूध:300:ml;चीनी:1:tsp;मक्खन:10:g;नमक:1:tsp,नाश्ता
corn-porridge-milk,id,Bubur Jagung Susu,"Didihkan susu, tambahkan garam.|Tuang biji jagung halus perlahan sambil diaduk.|Masak dengan api kecil selama 15-20 menit.|Tambahkan gula dan mentega.",390,9,60,12,1,20,Biji jagung halus:60:g;Susu:300:ml;Gula:1:tsp;Mentega:10:g;Garam:1:tsp,sarapan
corn-porridge-milk,it,Polenta dolce al latte,"Portare il latte a ebollizione, aggiungere il sale.|Versare la farina di mais a filo sottile, mescolando.|Cuocere a fuoco lento per 15-20 minuti.|Aggiungere zucchero e burro.",390,9,60,12,1,20,Farina di mais:60:g;Latte:300:ml;Zucchero:1:tsp;Burro:10:g;Sale:1:tsp,colazione
corn-porridge-milk,ja,ミルクコーンポリッジ,牛乳を沸騰させ、塩を加える。|コーングリッツを細く流し入れながら混ぜる。|弱火で15〜20分煮る。|砂糖とバターを加える。,390,9,60,12,1,20,コーングリッツ:60:g;牛乳:300:ml;砂糖:1:tsp;バター:10:g;塩:1:tsp,朝食
corn-porridge-milk,ko,우유 옥수수 죽,우유를 끓이고 소금을 넣으세요.|옥수수 가루를 가늘게 부으면서 저으세요.|약한 불에서 15-20분간 끓이세요.|설탕과 버터를 넣으세요.,390,9,60,12,1,20,옥수수 가루:60:g;우유:300:ml;설탕:1:tsp;버터:10:g;소금:1:tsp,아침식사
corn-porridge-milk,nl,Maïspap met melk,"Breng de melk aan de kook, voeg zout toe.|Giet de maïsgriesmeel in een dun straaltje al roerend.|Kook op laag vuur gedurende 15-20 minuten.|Voeg suiker en boter toe.",390,9,60,12,1,20,Maïsgriesmeel:60:g;Melk:300:ml;Suiker:1:tsp;Boter:10:g;Zout:1:tsp,ontbijt
corn-porridge-milk,pl,Kasza kukurydziana na mleku,"Doprowadź mleko do wrzenia, dodaj sól.|Wsyp kaszę cienkim strumieniem, mieszając.|Gotuj na małym ogniu 15-20 minut.|Dodaj cukier i masło.",390,9,60,12,1,20,Kasza kukurydziana:60:g;Mleko:300:ml;Cukier:1:tsp;Masło:10:g;Sól:1:tsp,śniadanie
corn-porridge-milk,pt-BR,Mingau de milho com leite,"Ferva o leite, adicione sal.|Despeje a canjica em fio fino, mexendo.|Cozinhe em fogo baixo por 15-20 minutos.|Adicione açúcar e manteiga.",390,9,60,12,1,20,Canjica de milho:60:g;Leite:300:ml;Açúcar:1:tsp;Manteiga:10:g;Sal:1:tsp,café da manhã
corn-porridge-milk,ru,Кукурузная каша на молоке,"Доведите молоко до кипения, добавьте соль.|Всыпьте крупу тонкой струйкой, помешивая.|Варите на слабом огне 15-20 минут.|Добавьте сахар и сливочное масло.",390,9,60,12,1,20,Кукурузная крупа:60:g;Молоко:300:ml;Сахар:1:tsp;Сливочное масло:10:g;Соль:1:tsp,завтрак
corn-porridge-milk,th,ข้าวโพดต้มนม,ต้มนมให้เดือด เติมเกลือ|ค่อยๆ เทข้าวโพดบดเป็นสายเล็กๆ คนไปด้วย|ต้มไฟอ่อน 15-20 นาที|เติมน้ำตาลและเนย,390,9,60,12,1,20,ข้าวโพดบด:60:g;นม:300:ml;น้ำตาล:1:tsp;เนย:10:g;เกลือ:1:tsp,อาหารเช้า
corn-porridge-milk,tr,Sütlü mısır lapası,"Sütü kaynatın, tuz ekleyin.|Mısır irmiğini ince bir akış halinde karıştırarak ekleyin.|Kısık ateşte 15-20 dakika pişirin.|Şeker ve tereyağı ekleyin.",390,9,60,12,1,20,Mısır irmiği:60:g;Süt:300:ml;Şeker:1:tsp;Tereyağı:10:g;Tuz:1:tsp,kahvaltı
corn-porridge-milk,uk,Кукурудзяна каша на молоці,"Молоко доведіть до кипіння, додайте сіль.|Всипте крупу тонкою цівкою, помішуючи.|Варіть на слабкому вогні 15–20 хвилин.|Додайте цукор і вершкове масло.",390,9,60,12,1,20,Кукурудзяна крупа:60:g;Молоко:300:ml;Цукор:1:tsp;Вершкове масло:10:g;Сіль:1:tsp,сніданок
corn-porridge-milk,vi,Cháo bắp nấu sữa,"Đun sôi sữa, thêm muối.|Rót bột bắp thành dòng nhỏ, khuấy đều.|Nấu nhỏ lửa trong 15-20 phút.|Thêm đường và bơ.",390,9,60,12,1,20,Bột bắp:60:g;Sữa:300:ml;Đường:1:tsp;Bơ:10:g;Muối:1:tsp,bữa sáng
corn-porridge-milk,zh-Hans,牛奶玉米粥,将牛奶煮沸，加盐。|将玉米碎慢慢倒入，同时搅拌。|小火煮15-20分钟。|加入糖和黄油。,390,9,60,12,1,20,玉米碎:60:g;牛奶:300:ml;糖:1:tsp;黄油:10:g;盐:1:tsp,早餐
overnight-oats-yogurt-berries,ar,شوفان بارد مع الزبادي والتوت,اخلطي الشوفان والزبادي والحليب.|غطّي وضعي في الثلاجة لمدة 4 ساعات على الأقل.|أضيفي التوت والعسل قبل التقديم.,380,14,58,9,1,5,رقائق الشوفان:50:g;زبادي طبيعي:150:g;حليب:50:ml;توت:150:g;عسل:1:tsp,فطور
overnight-oats-yogurt-berries,de,Overnight Oats mit Joghurt und Beeren,"Haferflocken, Joghurt und Milch mischen.|Abdecken und mindestens 4 Stunden im Kühlschrank ruhen lassen.|Vor dem Servieren Beeren und Honig hinzufügen.",380,14,58,9,1,5,Haferflocken:50:g;Naturjoghurt:150:g;Milch:50:ml;Beeren:150:g;Honig:1:tsp,Frühstück
overnight-oats-yogurt-berries,en,Overnight Oats with Yogurt and Berries,"Mix oats, yogurt and milk.|Cover and refrigerate for at least 4 hours.|Add berries and honey before serving.",380,14,58,9,1,5,Oat flakes:50:g;Natural yogurt:150:g;Milk:50:ml;Berries:150:g;Honey:1:tsp,breakfast
overnight-oats-yogurt-berries,es,Avena nocturna con yogur y bayas,"Mezclar la avena, el yogur y la leche.|Tapar y refrigerar durante al menos 4 horas.|Añadir las bayas y la miel antes de servir.",380,14,58,9,1,5,Copos de avena:50:g;Yogur natural:150:g;Leche:50:ml;Bayas:150:g;Miel:1:tsp,desayuno
overnight-oats-yogurt-berries,fr,Overnight oats au yaourt et aux baies,"Mélanger les flocons d'avoine, le yaourt et le lait.|Couvrir et réfrigérer pendant au moins 4 heures.|Ajouter les baies et le miel avant de servir.",380,14,58,9,1,5,Flocons d'avoine:50:g;Yaourt nature:150:g;Lait:50:ml;Baies:150:g;Miel:1:tsp,"
petit-déjeuner"
overnight-oats-yogurt-berries,he,שיבולת שועל לילה עם יוגורט ופירות יער,"ערבבו שיבולת שועל, יוגורט וחלב.|כסו והכניסו למקרר לפחות 4 שעות.|הוסיפו פירות יער ודבש לפני ההגשה.",380,14,58,9,1,5,פתיתי שיבולת שועל:50:g;יוגורט טבעי:150:g;חלב:50:ml;פירות יער:150:g;דבש:1:tsp,ארוחת בוקר
overnight-oats-yogurt-berries,hi,दही और बेरी के साथ ओवरनाइट ओट्स,"ओट्स, दही और दूध मिलाएं।|ढककर कम से कम 4 घंटे फ्रिज में रखें।|परोसने से पहले बेरी और शहद डालें।",380,14,58,9,1,5,ओट्स फ्लेक्स:50:g;प्राकृतिक दही:150:g;दूध:50:ml;बेरी:150:g;शहद:1:tsp,नाश्ता
overnight-oats-yogurt-berries,id,Overnight Oats dengan Yogurt dan Beri,"Campurkan oat, yogurt dan susu.|Tutup dan simpan di kulkas minimal 4 jam.|Tambahkan beri dan madu sebelum disajikan.",380,14,58,9,1,5,Oat:50:g;Yogurt tawar:150:g;Susu:50:ml;Beri:150:g;Madu:1:tsp,sarapan
overnight-oats-yogurt-berries,it,Overnight oats con yogurt e frutti di bosco,"Mescolare i fiocchi d'avena, lo yogurt e il latte.|Coprire e refrigerare per almeno 4 ore.|Aggiungere i frutti di bosco e il miele prima di servire.",380,14,58,9,1,5,Fiocchi d'avena:50:g;Yogurt naturale:150:g;Latte:50:ml;Frutti di bosco:150:g;Miele:1:tsp,colazione
overnight-oats-yogurt-berries,ja,ヨーグルトとベリーのオーバーナイトオーツ,オートミール、ヨーグルト、牛乳を混ぜる。|蓋をして冷蔵庫で最低4時間冷やす。|食べる前にベリーとはちみつを加える。,380,14,58,9,1,5,オートフレーク:50:g;プレーンヨーグルト:150:g;牛乳:50:ml;ベリー:150:g;はちみつ:1:tsp,朝食
overnight-oats-yogurt-berries,ko,요거트 베리 오버나이트 오츠,"오트, 요거트, 우유를 섞으세요.|덮어서 최소 4시간 냉장 보관하세요.|서빙 전에 베리와 꿀을 추가하세요.",380,14,58,9,1,5,오트 플레이크:50:g;플레인 요거트:150:g;우유:50:ml;베리:150:g;꿀:1:tsp,아침식사
overnight-oats-yogurt-berries,nl,Overnight oats met yoghurt en bessen,"Meng havermout, yoghurt en melk.|Dek af en zet minstens 4 uur in de koelkast.|Voeg bessen en honing toe voor het serveren.",380,14,58,9,1,5,Havervlokken:50:g;Naturel yoghurt:150:g;Melk:50:ml;Bessen:150:g;Honing:1:tsp,ontbijt
overnight-oats-yogurt-berries,pl,Leniwa owsianka z jogurtem i jagodami,"Wymieszaj płatki owsiane, jogurt i mleko.|Przykryj i schłódź w lodówce przez co najmniej 4 godziny.|Przed podaniem dodaj jagody i miód.",380,14,58,9,1,5,Płatki owsiane:50:g;Jogurt naturalny:150:g;Mleko:50:ml;Jagody:150:g;Miód:1:tsp,śniadanie
overnight-oats-yogurt-berries,pt-BR,Aveia dormida com iogurte e frutas vermelhas,"Misture a aveia, o iogurte e o leite.|Cubra e refrigere por pelo menos 4 horas.|Adicione frutas vermelhas e mel antes de servir.",380,14,58,9,1,5,Flocos de aveia:50:g;Iogurte natural:150:g;Leite:50:ml;Frutas vermelhas:150:g;Mel:1:tsp,café da manhã
overnight-oats-yogurt-berries,ru,Ленивая овсянка с йогуртом и ягодами,"Смешайте овсянку, йогурт и молоко.|Накройте и поставьте в холодильник минимум на 4 часа.|Перед подачей добавьте ягоды и мёд.",380,14,58,9,1,5,Овсяные хлопья:50:g;Натуральный йогурт:150:g;Молоко:50:ml;Ягоды:150:g;Мёд:1:tsp,завтрак
overnight-oats-yogurt-berries,th,โอเวอร์ไนท์โอ๊ตกับโยเกิร์ตและเบอร์รี่,ผสมข้าวโอ๊ต โยเกิร์ต และนม|ปิดฝาแล้วแช่เย็นอย่างน้อย 4 ชั่วโมง|เพิ่มเบอร์รี่และน้ำผึ้งก่อนเสิร์ฟ,380,14,58,9,1,5,ข้าวโอ๊ต:50:g;โยเกิร์ตธรรมชาติ:150:g;นม:50:ml;เบอร์รี่:150:g;น้ำผึ้ง:1:tsp,อาหารเช้า
overnight-oats-yogurt-berries,tr,Yoğurtlu ve meyveli gece yulafı,"Yulaf ezmesi, yoğurt ve sütü karıştırın.|Üzerini kapatın ve en az 4 saat buzdolabında bekletin.|Servis etmeden önce meyve ve bal ekleyin.",380,14,58,9,1,5,Yulaf ezmesi:50:g;Doğal yoğurt:150:g;Süt:50:ml;Meyveler:150:g;Bal:1:tsp,kahvaltı
overnight-oats-yogurt-berries,uk,Лінива вівсянка з йогуртом і ягодами,"Змішайте вівсянку, йогурт і молоко.|Накрийте та поставте в холодильник мінімум на 4 години.|Перед подачею додайте ягоди та мед.",380,14,58,9,1,5,Вівсяні пластівці:50:g;Йогурт натуральний:150:g;Молоко:50:ml;Ягоди:150:g;Мед:1:tsp,сніданок
overnight-oats-yogurt-berries,vi,Yến mạch qua đêm với sữa chua và quả mọng,"Trộn yến mạch, sữa chua và sữa.|Đậy nắp và để tủ lạnh ít nhất 4 giờ.|Thêm quả mọng và mật ong trước khi dùng.",380,14,58,9,1,5,Yến mạch:50:g;Sữa chua tự nhiên:150:g;Sữa:50:ml;Quả mọng:150:g;Mật ong:1:tsp,bữa sáng
overnight-oats-yogurt-berries,zh-Hans,隔夜酸奶浆果燕麦,将燕麦片、酸奶和牛奶混合。|盖上盖子，冷藏至少4小时。|食用前加入浆果和蜂蜜。,380,14,58,9,1,5,燕麦片:50:g;原味酸奶:150:g;牛奶:50:ml;浆果:150:g;蜂蜜:1:tsp,早餐
syrnyky-with-yogurt,ar,فطائر الجبن القريش مع الزبادي,اهرسي الجبن القريش حتى يصبح ناعماً.|أضيفي البيض والسكر والدقيق.|شكّلي أقراصاً.|اقليها حتى تحصلي على قشرة ذهبية.|قدّميها مع الزبادي.,440,28,38,18,1,20,جبن قريش:200:g;بيضة:1:pcs;دقيق القمح:2:tbsp;سكر:1:tbsp;زيت:1:tbsp;زبادي طبيعي:50:g,فطور
syrnyky-with-yogurt,de,Quarkpfannkuchen mit Joghurt,"Quark glatt rühren.|Ei, Zucker und Mehl hinzufügen.|Taler formen.|Goldbraun braten.|Mit Joghurt servieren.",440,28,38,18,1,20,Quark:200:g;Ei:1:pcs;Weizenmehl:2:tbsp;Zucker:1:tbsp;Öl:1:tbsp;Naturjoghurt:50:g,Frühstück
syrnyky-with-yogurt,en,Cottage Cheese Pancakes with Yogurt,"Mash cottage cheese until smooth.|Add egg, sugar and flour.|Form patties.|Fry until golden crust.|Serve with yogurt.",440,28,38,18,1,20,Cottage cheese:200:g;Egg:1:pcs;Wheat flour:2:tbsp;Sugar:1:tbsp;Oil:1:tbsp;Natural yogurt:50:g,breakfast
syrnyky-with-yogurt,es,Tortitas de requesón con yogur,"Triturar el requesón hasta que quede suave.|Añadir huevo, azúcar y harina.|Formar tortitas.|Freír hasta que estén doradas.|Servir con yogur.",440,28,38,18,1,20,Requesón:200:g;Huevo:1:pcs;Harina de trigo:2:tbsp;Azúcar:1:tbsp;Aceite:1:tbsp;Yogur natural:50:g,desayuno
syrnyky-with-yogurt,fr,Syrniki au fromage blanc avec yaourt,"Écraser le fromage blanc jusqu'à obtenir une texture lisse.|Ajouter l'œuf, le sucre et la farine.|Former des galettes.|Faire frire jusqu'à obtenir une croûte dorée.|Servir avec du yaourt.",440,28,38,18,1,20,Fromage blanc:200:g;Œuf:1:pcs;Farine de blé:2:tbsp;Sucre:1:tbsp;Huile:1:tbsp;Yaourt nature:50:g,"
petit-déjeuner"
syrnyky-with-yogurt,he,סירניקי עם יוגורט,"מעכו את הגבינה עד לקבלת מרקם חלק.|הוסיפו ביצה, סוכר וקמח.|צרו לביבות.|טגנו עד להזהבה.|הגישו עם יוגורט.",440,28,38,18,1,20,גבינת קוטג׳:200:g;ביצה:1:pcs;קמח חיטה:2:tbsp;סוכר:1:tbsp;שמן:1:tbsp;יוגורט טבעי:50:g,ארוחת בוקר
syrnyky-with-yogurt,hi,दही के साथ कॉटेज चीज़ पैनकेक,"कॉटेज चीज़ को चिकना होने तक मैश करें।|अंडा, चीनी और आटा डालें।|पैटी बनाएं।|सुनहरा होने तक तलें।|दही के साथ परोसें।",440,28,38,18,1,20,कॉटेज चीज़:200:g;अंडा:1:pcs;गेहूं का आटा:2:tbsp;चीनी:1:tbsp;तेल:1:tbsp;प्राकृतिक दही:50:g,नाश्ता
syrnyky-with-yogurt,id,Pancake Keju Cottage dengan Yogurt,"Haluskan keju cottage hingga lembut.|Tambahkan telur, gula dan tepung.|Bentuk adonan menjadi bulatan pipih.|Goreng hingga kecokelatan.|Sajikan dengan yogurt.",440,28,38,18,1,20,Keju cottage:200:g;Telur:1:pcs;Tepung terigu:2:tbsp;Gula:1:tbsp;Minyak:1:tbsp;Yogurt tawar:50:g,sarapan
syrnyky-with-yogurt,it,Syrniki con yogurt,"Schiacciare la ricotta fino a renderla liscia.|Aggiungere uovo, zucchero e farina.|Formare delle polpette piatte.|Friggere fino a doratura.|Servire con lo yogurt.",440,28,38,18,1,20,Ricotta:200:g;Uovo:1:pcs;Farina di frumento:2:tbsp;Zucchero:1:tbsp;Olio:1:tbsp;Yogurt naturale:50:g,colazione
syrnyky-with-yogurt,ja,ヨーグルト添えカッテージチーズパンケーキ,カッテージチーズを滑らかになるまで潰す。|卵、砂糖、小麦粉を加える。|パテ状に成形する。|きつね色になるまで焼く。|ヨーグルトを添えて盛り付ける。,440,28,38,18,1,20,カッテージチーズ:200:g;卵:1:pcs;小麦粉:2:tbsp;砂糖:1:tbsp;油:1:tbsp;プレーンヨーグルト:50:g,朝食
syrnyky-with-yogurt,ko,요거트를 곁들인 코티지 치즈 팬케이크,"코티지 치즈를 부드럽게 으깨세요.|달걀, 설탕, 밀가루를 넣으세요.|동그랗게 빚으세요.|노릇하게 구우세요.|요거트와 함께 서빙하세요.",440,28,38,18,1,20,코티지 치즈:200:g;달걀:1:pcs;밀가루:2:tbsp;설탕:1:tbsp;식용유:1:tbsp;플레인 요거트:50:g,아침식사
syrnyky-with-yogurt,nl,Kwarkpannenkoekjes met yoghurt,"Prak de kwark tot een gladde massa.|Voeg ei, suiker en bloem toe.|Vorm koekjes.|Bak goudbruin.|Serveer met yoghurt.",440,28,38,18,1,20,Kwark:200:g;Ei:1:pcs;Tarwebloem:2:tbsp;Suiker:1:tbsp;Olie:1:tbsp;Naturel yoghurt:50:g,ontbijt
syrnyky-with-yogurt,pl,Syrniki z jogurtem,"Przetrzyj twaróg na gładką masę.|Dodaj jajko, cukier i mąkę.|Uformuj placuszki.|Smaż na złoty kolor.|Podawaj z jogurtem.",440,28,38,18,1,20,Twaróg:200:g;Jajko:1:pcs;Mąka pszenna:2:tbsp;Cukier:1:tbsp;Olej:1:tbsp;Jogurt naturalny:50:g,śniadanie
syrnyky-with-yogurt,pt-BR,Panquecas de requeijão com iogurte,"Amasse o requeijão até ficar homogêneo.|Adicione ovo, açúcar e farinha.|Forme bolinhos achatados.|Frite até dourar.|Sirva com iogurte.",440,28,38,18,1,20,Requeijão:200:g;Ovo:1:pcs;Farinha de trigo:2:tbsp;Açúcar:1:tbsp;Óleo:1:tbsp;Iogurte natural:50:g,café da manhã
syrnyky-with-yogurt,ru,Сырники с йогуртом,"Разотрите творог до однородной консистенции.|Добавьте яйцо, сахар и муку.|Сформируйте сырники.|Обжарьте до золотистой корочки.|Подавайте с йогуртом.",440,28,38,18,1,20,Творог:200:g;Яйцо:1:pcs;Пшеничная мука:2:tbsp;Сахар:1:tbsp;Масло:1:tbsp;Натуральный йогурт:50:g,завтрак
syrnyky-with-yogurt,th,แพนเค้กชีสคอทเทจกับโยเกิร์ต,บดชีสคอทเทจจนเนียน|เติมไข่ น้ำตาล และแป้ง|ปั้นเป็นแผ่นกลม|ทอดจนเหลืองกรอบ|เสิร์ฟพร้อมโยเกิร์ต,440,28,38,18,1,20,ชีสคอทเทจ:200:g;ไข่:1:pcs;แป้งสาลี:2:tbsp;น้ำตาล:1:tbsp;น้ำมัน:1:tbsp;โยเกิร์ตธรรมชาติ:50:g,อาหารเช้า
syrnyky-with-yogurt,tr,Yoğurtlu lor pankekleri,"Lor peynirini pürüzsüz olana kadar ezin.|Yumurta, şeker ve un ekleyin.|Yuvarlak şekiller oluşturun.|Altın rengi olana kadar kızartın.|Yoğurtla servis edin.",440,28,38,18,1,20,Lor peyniri:200:g;Yumurta:1:pcs;Buğday unu:2:tbsp;Şeker:1:tbsp;Yağ:1:tbsp;Doğal yoğurt:50:g,kahvaltı
syrnyky-with-yogurt,uk,Сирники з йогуртом,"Сир перетріть до однорідної консистенції.|Додайте яйце, цукор і борошно.|Сформуйте сирники.|Обсмажте до золотистої скоринки.|Подавайте з йогуртом.",440,28,38,18,1,20,Сир кисломолочний:200:g;Яйце:1:pcs;Пшеничне борошно:2:tbsp;Цукор:1:tbsp;Олія:1:tbsp;Йогурт натуральний:50:g,сніданок
syrnyky-with-yogurt,vi,Bánh phô mai tươi với sữa chua,"Nghiền phô mai tươi đến khi mịn.|Thêm trứng, đường và bột mì.|Nặn thành bánh tròn dẹp.|Chiên đến khi vàng giòn.|Dùng kèm sữa chua.",440,28,38,18,1,20,Phô mai tươi:200:g;Trứng:1:pcs;Bột mì:2:tbsp;Đường:1:tbsp;Dầu ăn:1:tbsp;Sữa chua tự nhiên:50:g,bữa sáng
syrnyky-with-yogurt,zh-Hans,酸奶配农家奶酪饼,将农家奶酪捣至细腻。|加入鸡蛋、糖和面粉。|做成小饼形状。|煎至金黄色。|搭配酸奶食用。,440,28,38,18,1,20,农家奶酪:200:g;鸡蛋:1:pcs;小麦粉:2:tbsp;糖:1:tbsp;油:1:tbsp;原味酸奶:50:g,早餐
crepes-with-cottage-cheese,ar,كريب بحشوة الجبن القريش,اخفقي البيض مع السكر.|أضيفي الحليب والدقيق والزيت.|اقلي كريبات رقيقة.|اخلطي الجبن القريش مع الفانيليا.|احشي الكريب بالجبن ولفّيه.,480,22,62,16,1,30,حليب:250:ml;بيضة:1:pcs;دقيق القمح:100:g;سكر:1:tbsp;زيت:1:tbsp;جبن قريش:120:g;فانيليا:1:tsp,فطور
crepes-with-cottage-cheese,de,Crêpes mit Quarkfüllung,"Ei mit Zucker schlagen.|Milch, Mehl und Öl hinzufügen.|Dünne Crêpes braten.|Quark mit Vanille mischen.|Crêpes mit Quark füllen und falten.",480,22,62,16,1,30,Milch:250:ml;Ei:1:pcs;Weizenmehl:100:g;Zucker:1:tbsp;Öl:1:tbsp;Quark:120:g;Vanille:1:tsp,Frühstück
crepes-with-cottage-cheese,en,Crepes with Cottage Cheese Filling,"Beat egg with sugar.|Add milk, flour and oil.|Fry thin crepes.|Mix cottage cheese with vanilla.|Fill crepes with cheese and fold.",480,22,62,16,1,30,Milk:250:ml;Egg:1:pcs;Wheat flour:100:g;Sugar:1:tbsp;Oil:1:tbsp;Cottage cheese:120:g;Vanilla:1:tsp,breakfast
crepes-with-cottage-cheese,es,Crepes con relleno de requesón,"Batir el huevo con el azúcar.|Añadir la leche, la harina y el aceite.|Freír crepes finos.|Mezclar el requesón con la vainilla.|Rellenar los crepes con queso y doblar.",480,22,62,16,1,30,Leche:250:ml;Huevo:1:pcs;Harina de trigo:100:g;Azúcar:1:tbsp;Aceite:1:tbsp;Requesón:120:g;Vainilla:1:tsp,desayuno
crepes-with-cottage-cheese,fr,Crêpes fourrées au fromage blanc,"Battre l'œuf avec le sucre.|Ajouter le lait, la farine et l'huile.|Faire cuire des crêpes fines.|Mélanger le fromage blanc avec la vanille.|Garnir les crêpes de fromage et plier.",480,22,62,16,1,30,Lait:250:ml;Œuf:1:pcs;Farine de blé:100:g;Sucre:1:tbsp;Huile:1:tbsp;Fromage blanc:120:g;Vanille:1:tsp,"
petit-déjeuner"
crepes-with-cottage-cheese,he,קרפ עם מילוי גבינה לבנה,"הקציפו ביצה עם סוכר.|הוסיפו חלב, קמח ושמן.|טגנו קרפים דקים.|ערבבו גבינה לבנה עם וניל.|מלאו את הקרפים בגבינה וקפלו.",480,22,62,16,1,30,חלב:250:ml;ביצה:1:pcs;קמח חיטה:100:g;סוכר:1:tbsp;שמן:1:tbsp;גבינה לבנה:120:g;וניל:1:tsp,ארוחת בוקר
crepes-with-cottage-cheese,hi,कॉटेज चीज़ भरे क्रेप,"अंडे को चीनी के साथ फेंटें।|दूध, आटा और तेल डालें।|पतले क्रेप बनाएं।|कॉटेज चीज़ को वैनिला के साथ मिलाएं।|क्रेप में चीज़ भरें और मोड़ें।",480,22,62,16,1,30,दूध:250:ml;अंडा:1:pcs;गेहूं का आटा:100:g;चीनी:1:tbsp;तेल:1:tbsp;कॉटेज चीज़:120:g;वैनिला:1:tsp,नाश्ता
crepes-with-cottage-cheese,id,Crepes dengan Isian Keju Cottage,"Kocok telur dengan gula.|Tambahkan susu, tepung dan minyak.|Goreng crepes tipis.|Campurkan keju cottage dengan vanila.|Isi crepes dengan keju dan lipat.",480,22,62,16,1,30,Susu:250:ml;Telur:1:pcs;Tepung terigu:100:g;Gula:1:tbsp;Minyak:1:tbsp;Keju cottage:120:g;Vanila:1:tsp,sarapan
crepes-with-cottage-cheese,it,Crêpes con ripieno di ricotta,"Sbattere l'uovo con lo zucchero.|Aggiungere latte, farina e olio.|Friggere crêpes sottili.|Mescolare la ricotta con la vaniglia.|Farcire le crêpes con il formaggio e piegare.",480,22,62,16,1,30,Latte:250:ml;Uovo:1:pcs;Farina di frumento:100:g;Zucchero:1:tbsp;Olio:1:tbsp;Ricotta:120:g;Vaniglia:1:tsp,colazione
crepes-with-cottage-cheese,ja,カッテージチーズ入りクレープ,卵と砂糖を泡立てる。|牛乳、小麦粉、油を加える。|薄いクレープを焼く。|カッテージチーズにバニラを混ぜる。|クレープにチーズを詰めて折りたたむ。,480,22,62,16,1,30,牛乳:250:ml;卵:1:pcs;小麦粉:100:g;砂糖:1:tbsp;油:1:tbsp;カッテージチーズ:120:g;バニラ:1:tsp,朝食
crepes-with-cottage-cheese,ko,코티지 치즈 크레이프,"달걀과 설탕을 거품기로 치세요.|우유, 밀가루, 식용유를 넣으세요.|얇은 크레이프를 부치세요.|코티지 치즈에 바닐라를 섞으세요.|크레이프에 치즈를 넣고 접으세요.",480,22,62,16,1,30,우유:250:ml;달걀:1:pcs;밀가루:100:g;설탕:1:tbsp;식용유:1:tbsp;코티지 치즈:120:g;바닐라:1:tsp,아침식사
crepes-with-cottage-cheese,nl,Pannenkoeken met kwarkvulling,"Klop het ei met suiker.|Voeg melk, bloem en olie toe.|Bak dunne pannenkoeken.|Meng kwark met vanille.|Vul de pannenkoeken met kwark en vouw dicht.",480,22,62,16,1,30,Melk:250:ml;Ei:1:pcs;Tarwebloem:100:g;Suiker:1:tbsp;Olie:1:tbsp;Kwark:120:g;Vanille:1:tsp,ontbijt
crepes-with-cottage-cheese,pl,Naleśniki z twarogiem,"Ubij jajko z cukrem.|Dodaj mleko, mąkę i olej.|Usmaż cienkie naleśniki.|Wymieszaj twaróg z wanilią.|Nałóż twaróg na naleśniki i zwiń.",480,22,62,16,1,30,Mleko:250:ml;Jajko:1:pcs;Mąka pszenna:100:g;Cukier:1:tbsp;Olej:1:tbsp;Twaróg:120:g;Wanilia:1:tsp,śniadanie
crepes-with-cottage-cheese,pt-BR,Crepes com recheio de requeijão,"Bata o ovo com o açúcar.|Adicione o leite, a farinha e o óleo.|Frite crepes finos.|Misture o requeijão com baunilha.|Recheie os crepes com queijo e dobre.",480,22,62,16,1,30,Leite:250:ml;Ovo:1:pcs;Farinha de trigo:100:g;Açúcar:1:tbsp;Óleo:1:tbsp;Requeijão:120:g;Baunilha:1:tsp,café da manhã
crepes-with-cottage-cheese,ru,Блинчики с творогом,"Взбейте яйцо с сахаром.|Добавьте молоко, муку и масло.|Пожарьте тонкие блинчики.|Смешайте творог с ванилью.|Начините блинчики творогом и сверните.",480,22,62,16,1,30,Молоко:250:ml;Яйцо:1:pcs;Пшеничная мука:100:g;Сахар:1:tbsp;Масло:1:tbsp;Творог:120:g;Ваниль:1:tsp,завтрак
crepes-with-cottage-cheese,th,เครปไส้ชีสคอทเทจ,ตีไข่กับน้ำตาล|เติมนม แป้ง และน้ำมัน|ทอดเครปแผ่นบาง|ผสมชีสคอทเทจกับวานิลลา|ใส่ชีสในเครปแล้วพับ,480,22,62,16,1,30,นม:250:ml;ไข่:1:pcs;แป้งสาลี:100:g;น้ำตาล:1:tbsp;น้ำมัน:1:tbsp;ชีสคอทเทจ:120:g;วานิลลา:1:tsp,อาหารเช้า
crepes-with-cottage-cheese,tr,Lor peynirli krep,"Yumurtayı şekerle çırpın.|Süt, un ve yağ ekleyin.|İnce krepler kızartın.|Lor peynirini vanilya ile karıştırın.|Krepleri peynirle doldurun ve katlayın.",480,22,62,16,1,30,Süt:250:ml;Yumurta:1:pcs;Buğday unu:100:g;Şeker:1:tbsp;Yağ:1:tbsp;Lor peyniri:120:g;Vanilya:1:tsp,kahvaltı
crepes-with-cottage-cheese,uk,Млинці з сиром,"Збийте яйце з цукром.|Додайте молоко, борошно й олію.|Посмажте тонкі млинці.|Сир змішайте з ваніллю.|Начиніть млинці сиром і згорніть.",480,22,62,16,1,30,Молоко:250:ml;Яйце:1:pcs;Пшеничне борошно:100:g;Цукор:1:tbsp;Олія:1:tbsp;Сир кисломолочний:120:g;Ваніль:1:tsp,сніданок
crepes-with-cottage-cheese,vi,Bánh crêpe nhân phô mai tươi,"Đánh trứng với đường.|Thêm sữa, bột mì và dầu.|Chiên bánh crêpe mỏng.|Trộn phô mai tươi với vani.|Nhồi phô mai vào crêpe và gập lại.",480,22,62,16,1,30,Sữa:250:ml;Trứng:1:pcs;Bột mì:100:g;Đường:1:tbsp;Dầu ăn:1:tbsp;Phô mai tươi:120:g;Vani:1:tsp,bữa sáng
crepes-with-cottage-cheese,zh-Hans,奶酪馅薄饼,将鸡蛋和糖打散。|加入牛奶、面粉和油。|煎薄饼。|将农家奶酪与香草混合。|将奶酪馅料填入薄饼并折叠。,480,22,62,16,1,30,牛奶:250:ml;鸡蛋:1:pcs;小麦粉:100:g;糖:1:tbsp;油:1:tbsp;农家奶酪:120:g;香草:1:tsp,早餐
oat-crepes,ar,كريب الشوفان,اخلطي جميع المكونات حتى تصبح ناعمة.|اتركي العجينة ترتاح لمدة 5 دقائق.|اقلي الكريب على مقلاة ساخنة جيداً.,370,14,55,9,1,20,رقائق شوفان مطحونة:70:g;بيضة:1:pcs;حليب:120:ml;سكر:1:tsp;زيت:1:tsp,فطور;حلويات
oat-crepes,de,Hafer-Crêpes,Alle Zutaten glatt rühren.|Den Teig 5 Minuten ruhen lassen.|Crêpes in einer gut erhitzten Pfanne braten.,370,14,55,9,1,20,Gemahlene Haferflocken:70:g;Ei:1:pcs;Milch:120:ml;Zucker:1:tsp;Öl:1:tsp,Frühstück;Süßes
oat-crepes,en,Oat Crepes,Mix all ingredients until smooth.|Let batter rest for 5 minutes.|Fry crepes on a well-heated pan.,370,14,55,9,1,20,Ground oat flakes:70:g;Egg:1:pcs;Milk:120:ml;Sugar:1:tsp;Oil:1:tsp,breakfast;sweet
oat-crepes,es,Crêpes de avena,Mezcla todos los ingredientes hasta obtener una masa homogénea.|Deja reposar la masa 5 minutos.|Fríe los crêpes en una sartén bien caliente.,370,14,55,9,1,20,Copos de avena molidos:70:g;Huevo:1:pcs;Leche:120:ml;Azúcar:1:tsp;Aceite:1:tsp,desayuno;dulce
oat-crepes,fr,Crêpes à l'avoine,Mélangez tous les ingrédients jusqu'à obtenir une pâte lisse.|Laissez reposer la pâte 5 minutes.|Faites cuire les crêpes dans une poêle bien chaude.,370,14,55,9,1,20,Flocons d'avoine moulus:70:g;Œuf:1:pcs;Lait:120:ml;Sucre:1:tsp;Huile:1:tsp,"
petit-déjeuner;sucré"
oat-crepes,he,קרפ שיבולת שועל,ערבבו את כל המרכיבים עד לקבלת בלילה חלקה.|תנו לבלילה לנוח 5 דקות.|טגנו את הקרפים במחבת מחוממת היטב.,370,14,55,9,1,20,פתיתי שיבולת שועל טחונים:70:g;ביצה:1:pcs;חלב:120:ml;סוכר:1:tsp;שמן:1:tsp,ארוחת בוקר;מתוק
oat-crepes,hi,ओट क्रेप्स,सभी सामग्री को चिकना होने तक मिलाएँ।|बैटर को 5 मिनट के लिए रखें।|अच्छी तरह गर्म पैन पर क्रेप्स तलें।,370,14,55,9,1,20,पिसे हुए ओट फ्लेक्स:70:g;अंडा:1:pcs;दूध:120:ml;चीनी:1:tsp;तेल:1:tsp,नाश्ता;मीठा
oat-crepes,id,Crepe Oat,Campurkan semua bahan hingga halus.|Diamkan adonan selama 5 menit.|Goreng crepe di wajan yang sudah dipanaskan.,370,14,55,9,1,20,Oat halus:70:g;Telur:1:pcs;Susu:120:ml;Gula:1:tsp;Minyak:1:tsp,sarapan;manis
oat-crepes,it,Crêpes di avena,Mescolate tutti gli ingredienti fino a ottenere un composto liscio.|Lasciate riposare la pastella per 5 minuti.|Cuocete le crêpes in una padella ben calda.,370,14,55,9,1,20,Fiocchi d'avena macinati:70:g;Uovo:1:pcs;Latte:120:ml;Zucchero:1:tsp;Olio:1:tsp,colazione;dolce
oat-crepes,ja,オートミールクレープ,すべての材料を滑らかになるまで混ぜる。|生地を5分間休ませる。|よく熱したフライパンでクレープを焼く。,370,14,55,9,1,20,挽いたオートミール:70:g;卵:1:pcs;牛乳:120:ml;砂糖:1:tsp;油:1:tsp,朝食;スイーツ
oat-crepes,ko,오트밀 크레이프,모든 재료를 부드러워질 때까지 섞는다.|반죽을 5분간 휴지시킨다.|잘 달군 팬에서 크레이프를 굽는다.,370,14,55,9,1,20,간 오트밀:70:g;달걀:1:pcs;우유:120:ml;설탕:1:tsp;식용유:1:tsp,아침식사;달콤한
oat-crepes,nl,Haver-crêpes,Meng alle ingrediënten tot een glad beslag.|Laat het beslag 5 minuten rusten.|Bak de crêpes in een goed verhitte pan.,370,14,55,9,1,20,Gemalen havermout:70:g;Ei:1:pcs;Melk:120:ml;Suiker:1:tsp;Olie:1:tsp,ontbijt;zoet
oat-crepes,pl,Naleśniki owsiane,Wymieszaj wszystkie składniki na gładkie ciasto.|Pozostaw ciasto na 5 minut.|Smaż naleśniki na dobrze rozgrzanej patelni.,370,14,55,9,1,20,Mielone płatki owsiane:70:g;Jajko:1:pcs;Mleko:120:ml;Cukier:1:tsp;Olej:1:tsp,śniadanie;słodkie
oat-crepes,pt-BR,Crepes de aveia,Misture todos os ingredientes até ficar homogêneo.|Deixe a massa descansar por 5 minutos.|Frite os crepes em uma frigideira bem aquecida.,370,14,55,9,1,20,Flocos de aveia moídos:70:g;Ovo:1:pcs;Leite:120:ml;Açúcar:1:tsp;Óleo:1:tsp,café da manhã;doce
oat-crepes,ru,Овсяные блинчики,Смешайте все ингредиенты до однородности.|Дайте тесту постоять 5 минут.|Жарьте блинчики на хорошо разогретой сковороде.,370,14,55,9,1,20,Овсяные хлопья молотые:70:g;Яйцо:1:pcs;Молоко:120:ml;Сахар:1:tsp;Масло:1:tsp,завтрак;сладкое
oat-crepes,th,เครปข้าวโอ๊ต,ผสมส่วนผสมทั้งหมดจนเนียน|พักแป้ง 5 นาที|ทอดเครปบนกระทะที่ร้อนดี,370,14,55,9,1,20,ข้าวโอ๊ตบด:70:g;ไข่:1:pcs;นม:120:ml;น้ำตาล:1:tsp;น้ำมัน:1:tsp,อาหารเช้า;ของหวาน
oat-crepes,tr,Yulaf Krepleri,Tüm malzemeleri pürüzsüz olana kadar karıştırın.|Hamuru 5 dakika dinlendirin.|Krepleri iyi ısıtılmış tavada pişirin.,370,14,55,9,1,20,Öğütülmüş yulaf ezmesi:70:g;Yumurta:1:pcs;Süt:120:ml;Şeker:1:tsp;Yağ:1:tsp,kahvaltı;tatlı
oat-crepes,uk,Вівсяні млинці,Змішайте всі інгредієнти до однорідності.|Дайте тісту постояти 5 хвилин.|Смажте млинці на добре розігрітій сковороді.,370,14,55,9,1,20,Вівсяні пластівці подрібнені:70:g;Яйце:1:pcs;Молоко:120:ml;Цукор:1:tsp;Олія:1:tsp,сніданок;солодке
oat-crepes,vi,Bánh crêpe yến mạch,Trộn đều tất cả nguyên liệu cho đến khi mịn.|Để bột nghỉ 5 phút.|Chiên bánh crêpe trên chảo nóng.,370,14,55,9,1,20,Yến mạch xay:70:g;Trứng:1:pcs;Sữa:120:ml;Đường:1:tsp;Dầu ăn:1:tsp,bữa sáng;ngọt
oat-crepes,zh-Hans,燕麦可丽饼,将所有材料搅拌至顺滑。|让面糊静置5分钟。|在充分加热的平底锅上煎可丽饼。,370,14,55,9,1,20,燕麦片磨粉:70:g;鸡蛋:1:pcs;牛奶:120:ml;糖:1:tsp;油:1:tsp,早餐;甜食
yogurt-jar-with-fruits,ar,برطمان الزبادي بالفواكه,قشّري الفواكه وقطّعيها مكعبات.|رتّبي الزبادي والفواكه طبقات في البرطمان.|رشّي العسل فوقها.,300,15,35,10,1,10,زبادي طبيعي:200:g;موز:0.5:pcs;تفاحة:0.5:pcs;عسل:1:tsp,فطور;حلويات
yogurt-jar-with-fruits,de,Joghurt im Glas mit Früchten,Obst schälen und in Würfel schneiden.|Joghurt und Obst schichtweise ins Glas geben.|Mit Honig beträufeln.,300,15,35,10,1,10,Naturjoghurt:200:g;Banane:0.5:pcs;Apfel:0.5:pcs;Honig:1:tsp,Frühstück;Süßes
yogurt-jar-with-fruits,en,Yogurt Jar with Fruits,Peel and dice fruits.|Layer yogurt and fruits in a jar.|Drizzle with honey.,300,15,35,10,1,10,Natural yogurt:200:g;Banana:0.5:pcs;Apple:0.5:pcs;Honey:1:tsp,breakfast;sweet
yogurt-jar-with-fruits,es,Tarro de yogur con frutas,Pela y corta las frutas en cubos.|Coloca capas de yogur y frutas en el tarro.|Rocía con miel.,300,15,35,10,1,10,Yogur natural:200:g;Plátano:0.5:pcs;Manzana:0.5:pcs;Miel:1:tsp,desayuno;dulce
yogurt-jar-with-fruits,fr,Pot de yaourt aux fruits,Épluchez et coupez les fruits en dés.|Disposez le yaourt et les fruits en couches dans un pot.|Arrosez de miel.,300,15,35,10,1,10,Yaourt nature:200:g;Banane:0.5:pcs;Pomme:0.5:pcs;Miel:1:tsp,"
petit-déjeuner;sucré"
yogurt-jar-with-fruits,he,צנצנת יוגורט עם פירות,קלפו וחתכו את הפירות לקוביות.|סדרו שכבות של יוגורט ופירות בצנצנת.|טפטפו דבש מעל.,300,15,35,10,1,10,יוגורט טבעי:200:g;בננה:0.5:pcs;תפוח:0.5:pcs;דבש:1:tsp,ארוחת בוקר;מתוק
yogurt-jar-with-fruits,hi,फलों के साथ दही जार,फलों को छीलकर क्यूब्स में काटें।|जार में दही और फल परत दर परत लगाएँ।|शहद डालें।,300,15,35,10,1,10,प्राकृतिक दही:200:g;केला:0.5:pcs;सेब:0.5:pcs;शहद:1:tsp,नाश्ता;मीठा
yogurt-jar-with-fruits,id,Toples Yogurt dengan Buah,Kupas dan potong buah-buahan menjadi dadu.|Susun yogurt dan buah berlapis dalam toples.|Siram dengan madu.,300,15,35,10,1,10,Yogurt plain:200:g;Pisang:0.5:pcs;Apel:0.5:pcs;Madu:1:tsp,sarapan;manis
yogurt-jar-with-fruits,it,Vasetto di yogurt con frutta,Sbucciate e tagliate la frutta a dadini.|Disponete yogurt e frutta a strati nel vasetto.|Irrorate con il miele.,300,15,35,10,1,10,Yogurt naturale:200:g;Banana:0.5:pcs;Mela:0.5:pcs;Miele:1:tsp,colazione;dolce
yogurt-jar-with-fruits,ja,フルーツヨーグルトジャー,フルーツの皮をむいてさいの目に切る。|瓶にヨーグルトとフルーツを交互に重ねる。|はちみつをかける。,300,15,35,10,1,10,プレーンヨーグルト:200:g;バナナ:0.5:pcs;りんご:0.5:pcs;はちみつ:1:tsp,朝食;スイーツ
yogurt-jar-with-fruits,ko,과일 요거트 병,과일 껍질을 벗기고 깍둑썰기한다.|병에 요거트와 과일을 층층이 담는다.|꿀을 뿌린다.,300,15,35,10,1,10,플레인 요거트:200:g;바나나:0.5:pcs;사과:0.5:pcs;꿀:1:tsp,아침식사;달콤한
yogurt-jar-with-fruits,nl,Yoghurtpot met fruit,Schil het fruit en snijd het in blokjes.|Maak laagjes van yoghurt en fruit in een pot.|Besprenkel met honing.,300,15,35,10,1,10,Natuurlijke yoghurt:200:g;Banaan:0.5:pcs;Appel:0.5:pcs;Honing:1:tsp,ontbijt;zoet
yogurt-jar-with-fruits,pl,Jogurt w słoiku z owocami,Obierz owoce i pokrój w kostkę.|Ułóż jogurt i owoce warstwami w słoiku.|Polej miodem.,300,15,35,10,1,10,Jogurt naturalny:200:g;Banan:0.5:pcs;Jabłko:0.5:pcs;Miód:1:tsp,śniadanie;słodkie
yogurt-jar-with-fruits,pt-BR,Pote de iogurte com frutas,Descasque e corte as frutas em cubos.|Monte camadas de iogurte e frutas no pote.|Regue com mel.,300,15,35,10,1,10,Iogurte natural:200:g;Banana:0.5:pcs;Maçã:0.5:pcs;Mel:1:tsp,café da manhã;doce
yogurt-jar-with-fruits,ru,Йогурт в банке с фруктами,Очистите фрукты и нарежьте кубиками.|Выложите йогурт и фрукты слоями в банку.|Полейте мёдом.,300,15,35,10,1,10,Йогурт натуральный:200:g;Банан:0.5:pcs;Яблоко:0.5:pcs;Мёд:1:tsp,завтрак;сладкое
yogurt-jar-with-fruits,th,โยเกิร์ตในขวดกับผลไม้,ปอกเปลือกและหั่นผลไม้เป็นลูกเต๋า|จัดเรียงโยเกิร์ตและผลไม้เป็นชั้นๆ ในขวด|ราดด้วยน้ำผึ้ง,300,15,35,10,1,10,โยเกิร์ตธรรมชาติ:200:g;กล้วย:0.5:pcs;แอปเปิ้ล:0.5:pcs;น้ำผึ้ง:1:tsp,อาหารเช้า;ของหวาน
yogurt-jar-with-fruits,tr,Meyveli Yoğurt Kavanozu,Meyveleri soyun ve küp küp doğrayın.|Kavanoza yoğurt ve meyveleri katman katman dizin.|Bal gezdirin.,300,15,35,10,1,10,Doğal yoğurt:200:g;Muz:0.5:pcs;Elma:0.5:pcs;Bal:1:tsp,kahvaltı;tatlı
yogurt-jar-with-fruits,uk,Йогурт у банці з фруктами,Фрукти очистіть і наріжте кубиками.|Викладіть йогурт і фрукти шарами у банку.|Полийте медом.,300,15,35,10,1,10,Йогурт натуральний:200:g;Банан:0.5:pcs;Яблуко:0.5:pcs;Мед:1:tsp,сніданок;солодке
yogurt-jar-with-fruits,vi,Hũ sữa chua trái cây,Gọt vỏ và cắt trái cây thành hạt lựu.|Xếp sữa chua và trái cây xen kẽ trong hũ.|Rưới mật ong lên trên.,300,15,35,10,1,10,Sữa chua tự nhiên:200:g;Chuối:0.5:pcs;Táo:0.5:pcs;Mật ong:1:tsp,bữa sáng;ngọt
yogurt-jar-with-fruits,zh-Hans,水果酸奶罐,将水果去皮切丁。|在罐中交替铺上酸奶和水果。|淋上蜂蜜。,300,15,35,10,1,10,原味酸奶:200:g;香蕉:0.5:pcs;苹果:0.5:pcs;蜂蜜:1:tsp,早餐;甜食
berry-pancakes,ar,بانكيك بالتوت,اخفقي البيض مع السكر.|أضيفي الحليب والدقيق ومسحوق الخبز.|اخلطي العجينة.|اقلي البانكيك حتى يصبح ذهبياً.|قدّميه مع التوت.,410,15,60,12,1,20,حليب:150:ml;بيضة:1:pcs;دقيق قمح:80:g;سكر:1:tbsp;مسحوق خبز:0.5:tsp;توت:60:g;زيت:1:tsp,فطور;حلويات
berry-pancakes,de,Pfannkuchen mit Beeren,"Ei mit Zucker verquirlen.|Milch, Mehl und Backpulver hinzufügen.|Teig anrühren.|Pfannkuchen goldbraun braten.|Mit Beeren servieren.",410,15,60,12,1,20,Milch:150:ml;Ei:1:pcs;Weizenmehl:80:g;Zucker:1:tbsp;Backpulver:0.5:tsp;Beeren:60:g;Öl:1:tsp,Frühstück;Süßes
berry-pancakes,en,Pancakes with Berries,"Beat egg with sugar.|Add milk, flour and baking powder.|Make batter.|Fry pancakes until golden.|Serve with berries.",410,15,60,12,1,20,Milk:150:ml;Egg:1:pcs;Wheat flour:80:g;Sugar:1:tbsp;Baking powder:0.5:tsp;Berries:60:g;Oil:1:tsp,breakfast;sweet
berry-pancakes,es,Panqueques con bayas,"Bate el huevo con el azúcar.|Agrega la leche, la harina y el polvo de hornear.|Prepara la masa.|Fríe los panqueques hasta dorarlos.|Sirve con bayas.",410,15,60,12,1,20,Leche:150:ml;Huevo:1:pcs;Harina de trigo:80:g;Azúcar:1:tbsp;Polvo de hornear:0.5:tsp;Bayas:60:g;Aceite:1:tsp,desayuno;dulce
berry-pancakes,fr,Pancakes aux fruits rouges,"Battez l'œuf avec le sucre.|Ajoutez le lait, la farine et la levure chimique.|Préparez la pâte.|Faites cuire les pancakes jusqu'à ce qu'ils soient dorés.|Servez avec les fruits rouges.",410,15,60,12,1,20,Lait:150:ml;Œuf:1:pcs;Farine de blé:80:g;Sucre:1:tbsp;Levure chimique:0.5:tsp;Fruits rouges:60:g;Huile:1:tsp,"
petit-déjeuner;sucré"
berry-pancakes,he,פנקייק עם פירות יער,"הקציפו את הביצה עם הסוכר.|הוסיפו חלב, קמח ואבקת אפייה.|הכינו בלילה.|טגנו את הפנקייקים עד שיזהיבו.|הגישו עם פירות יער.",410,15,60,12,1,20,חלב:150:ml;ביצה:1:pcs;קמח חיטה:80:g;סוכר:1:tbsp;אבקת אפייה:0.5:tsp;פירות יער:60:g;שמן:1:tsp,ארוחת בוקר;מתוק
berry-pancakes,hi,बेरी पैनकेक,"अंडे को चीनी के साथ फेंटें।|दूध, आटा और बेकिंग पाउडर डालें।|बैटर बनाएँ।|पैनकेक सुनहरा होने तक तलें।|बेरीज के साथ परोसें।",410,15,60,12,1,20,दूध:150:ml;अंडा:1:pcs;गेहूं का आटा:80:g;चीनी:1:tbsp;बेकिंग पाउडर:0.5:tsp;बेरीज:60:g;तेल:1:tsp,नाश्ता;मीठा
berry-pancakes,id,Pancake dengan Beri,"Kocok telur dengan gula.|Tambahkan susu, tepung, dan baking powder.|Buat adonan.|Goreng pancake hingga keemasan.|Sajikan dengan beri.",410,15,60,12,1,20,Susu:150:ml;Telur:1:pcs;Tepung terigu:80:g;Gula:1:tbsp;Baking powder:0.5:tsp;Beri:60:g;Minyak:1:tsp,sarapan;manis
berry-pancakes,it,Pancake con frutti di bosco,"Sbattete l'uovo con lo zucchero.|Aggiungete latte, farina e lievito.|Preparate la pastella.|Cuocete i pancake fino a doratura.|Servite con frutti di bosco.",410,15,60,12,1,20,Latte:150:ml;Uovo:1:pcs;Farina di grano:80:g;Zucchero:1:tbsp;Lievito in polvere:0.5:tsp;Frutti di bosco:60:g;Olio:1:tsp,colazione;dolce
berry-pancakes,ja,ベリーパンケーキ,卵と砂糖を泡立てる。|牛乳、小麦粉、ベーキングパウダーを加える。|生地を作る。|パンケーキをきつね色になるまで焼く。|ベリーを添えて盛り付ける。,410,15,60,12,1,20,牛乳:150:ml;卵:1:pcs;小麦粉:80:g;砂糖:1:tbsp;ベーキングパウダー:0.5:tsp;ベリー:60:g;油:1:tsp,朝食;スイーツ
berry-pancakes,ko,베리 팬케이크,"달걀과 설탕을 거품기로 풀어준다.|우유, 밀가루, 베이킹파우더를 넣는다.|반죽을 만든다.|팬케이크를 노릇하게 굽는다.|베리를 곁들여 낸다.",410,15,60,12,1,20,우유:150:ml;달걀:1:pcs;밀가루:80:g;설탕:1:tbsp;베이킹파우더:0.5:tsp;베리:60:g;식용유:1:tsp,아침식사;달콤한
berry-pancakes,nl,Pannenkoeken met bessen,"Klop het ei met de suiker.|Voeg melk, bloem en bakpoeder toe.|Maak het beslag.|Bak de pannenkoeken goudbruin.|Serveer met bessen.",410,15,60,12,1,20,Melk:150:ml;Ei:1:pcs;Tarwebloem:80:g;Suiker:1:tbsp;Bakpoeder:0.5:tsp;Bessen:60:g;Olie:1:tsp,ontbijt;zoet
berry-pancakes,pl,Placuszki z jagodami,"Jajko ubij z cukrem.|Dodaj mleko, mąkę i proszek do pieczenia.|Wymieszaj ciasto.|Smaż placuszki do złotego koloru.|Podawaj z jagodami.",410,15,60,12,1,20,Mleko:150:ml;Jajko:1:pcs;Mąka pszenna:80:g;Cukier:1:tbsp;Proszek do pieczenia:0.5:tsp;Jagody:60:g;Olej:1:tsp,śniadanie;słodkie
berry-pancakes,pt-BR,Panquecas com frutas vermelhas,"Bata o ovo com o açúcar.|Adicione o leite, a farinha e o fermento em pó.|Faça a massa.|Frite as panquecas até dourar.|Sirva com frutas vermelhas.",410,15,60,12,1,20,Leite:150:ml;Ovo:1:pcs;Farinha de trigo:80:g;Açúcar:1:tbsp;Fermento em pó:0.5:tsp;Frutas vermelhas:60:g;Óleo:1:tsp,café da manhã;doce
berry-pancakes,ru,Панкейки с ягодами,"Яйцо взбейте с сахаром.|Добавьте молоко, муку и разрыхлитель.|Замесите тесто.|Жарьте панкейки до золотистости.|Подавайте с ягодами.",410,15,60,12,1,20,Молоко:150:ml;Яйцо:1:pcs;Пшеничная мука:80:g;Сахар:1:tbsp;Разрыхлитель:0.5:tsp;Ягоды:60:g;Масло:1:tsp,завтрак;сладкое
berry-pancakes,th,แพนเค้กเบอร์รี่,ตีไข่กับน้ำตาล|เติมนม แป้ง และผงฟู|ผสมแป้ง|ทอดแพนเค้กจนเหลืองทอง|เสิร์ฟพร้อมเบอร์รี่,410,15,60,12,1,20,นม:150:ml;ไข่:1:pcs;แป้งสาลี:80:g;น้ำตาล:1:tbsp;ผงฟู:0.5:tsp;เบอร์รี่:60:g;น้ำมัน:1:tsp,อาหารเช้า;ของหวาน
berry-pancakes,tr,Böğürtlenli Pankek,"Yumurtayı şekerle çırpın.|Süt, un ve kabartma tozunu ekleyin.|Hamuru hazırlayın.|Pankekleri altın rengi olana kadar pişirin.|Böğürtlenlerle servis yapın.",410,15,60,12,1,20,Süt:150:ml;Yumurta:1:pcs;Buğday unu:80:g;Şeker:1:tbsp;Kabartma tozu:0.5:tsp;Böğürtlen:60:g;Yağ:1:tsp,kahvaltı;tatlı
berry-pancakes,uk,Панкейки з ягодами,"Яйце збийте з цукром.|Додайте молоко, борошно і розпушувач.|Замішайте тісто.|Смажте панкейки до золотистості.|Подавайте з ягодами.",410,15,60,12,1,20,Молоко:150:ml;Яйце:1:pcs;Пшеничне борошно:80:g;Цукор:1:tbsp;Розпушувач:0.5:tsp;Ягоди:60:g;Олія:1:tsp,сніданок;солодке
berry-pancakes,vi,Bánh pancake quả mọng,"Đánh trứng với đường.|Thêm sữa, bột mì và bột nở.|Trộn bột.|Chiên bánh pancake đến khi vàng.|Dọn kèm quả mọng.",410,15,60,12,1,20,Sữa:150:ml;Trứng:1:pcs;Bột mì:80:g;Đường:1:tbsp;Bột nở:0.5:tsp;Quả mọng:60:g;Dầu ăn:1:tsp,bữa sáng;ngọt
berry-pancakes,zh-Hans,浆果松饼,将鸡蛋和糖打发。|加入牛奶、面粉和泡打粉。|调成面糊。|煎至金黄色。|搭配浆果食用。,410,15,60,12,1,20,牛奶:150:ml;鸡蛋:1:pcs;小麦面粉:80:g;糖:1:tbsp;泡打粉:0.5:tsp;浆果:60:g;油:1:tsp,早餐;甜食
baked-pears-honey-nuts,ar,إجاص مخبوز بالعسل والجوز,قطّعي الإجاص نصفين وأزيلي البذور.|اطحني الجوز وضعيه في التجويف.|رشّي العسل وانثري القرفة.|اخبزيها على 180 درجة لمدة 20-25 دقيقة.,300,4,45,10,1,25,إجاص:1:pcs;جوز:20:g;عسل:1:tsp;قرفة:1:tsp,فطور;حلويات
baked-pears-honey-nuts,de,Gebackene Birnen mit Honig und Walnüssen,Birne halbieren und Kerngehäuse entfernen.|Walnüsse hacken und in die Vertiefung geben.|Mit Honig beträufeln und Zimt bestreuen.|Bei 180°C 20-25 Minuten backen.,300,4,45,10,1,25,Birne:1:pcs;Walnüsse:20:g;Honig:1:tsp;Zimt:1:tsp,Frühstück;Süßes
baked-pears-honey-nuts,en,Baked Pears with Honey and Walnuts,"Cut pear in half and remove core.|Chop walnuts and place in the cavity.|Drizzle with honey, sprinkle with cinnamon.|Bake at 180°C for 20-25 minutes.",300,4,45,10,1,25,Pear:1:pcs;Walnuts:20:g;Honey:1:tsp;Cinnamon:1:tsp,breakfast;sweet
baked-pears-honey-nuts,es,Peras al horno con miel y nueces,Corta la pera por la mitad y retira el corazón.|Pica las nueces y colócalas en la cavidad.|Rocía con miel y espolvorea canela.|Hornea a 180°C durante 20-25 minutos.,300,4,45,10,1,25,Pera:1:pcs;Nueces:20:g;Miel:1:tsp;Canela:1:tsp,desayuno;dulce
baked-pears-honey-nuts,fr,Poires cuites au miel et aux noix,Coupez la poire en deux et retirez le cœur.|Hachez les noix et placez-les dans la cavité.|Arrosez de miel et saupoudrez de cannelle.|Faites cuire au four à 180°C pendant 20-25 minutes.,300,4,45,10,1,25,Poire:1:pcs;Noix:20:g;Miel:1:tsp;Cannelle:1:tsp,"
petit-déjeuner;sucré"
baked-pears-honey-nuts,he,אגסים אפויים עם דבש ואגוזי מלך,חתכו את האגס לחצי והסירו את הגרעינים.|קצצו את האגוזים ושימו בחלל.|טפטפו דבש ופזרו קינמון.|אפו ב-180 מעלות למשך 20-25 דקות.,300,4,45,10,1,25,אגס:1:pcs;אגוזי מלך:20:g;דבש:1:tsp;קינמון:1:tsp,ארוחת בוקר;מתוק
baked-pears-honey-nuts,hi,शहद और अखरोट के साथ बेक्ड नाशपाती,नाशपाती को आधा काटें और बीज निकालें।|अखरोट कूटें और गड्ढे में रखें।|शहद डालें और दालचीनी छिड़कें।|180°C पर 20-25 मिनट बेक करें।,300,4,45,10,1,25,नाशपाती:1:pcs;अखरोट:20:g;शहद:1:tsp;दालचीनी:1:tsp,नाश्ता;मीठा
baked-pears-honey-nuts,id,Pir Panggang dengan Madu dan Kenari,Potong pir menjadi dua dan buang bijinya.|Cincang kenari dan letakkan di rongga.|Siram madu dan taburi kayu manis.|Panggang pada 180°C selama 20-25 menit.,300,4,45,10,1,25,Pir:1:pcs;Kenari:20:g;Madu:1:tsp;Kayu manis:1:tsp,sarapan;manis
baked-pears-honey-nuts,it,Pere al forno con miele e noci,Tagliate la pera a metà e rimuovete il torsolo.|Tritate le noci e ponetele nella cavità.|Irrorate con miele e cospargete di cannella.|Cuocete in forno a 180°C per 20-25 minuti.,300,4,45,10,1,25,Pera:1:pcs;Noci:20:g;Miele:1:tsp;Cannella:1:tsp,colazione;dolce
baked-pears-honey-nuts,ja,はちみつとくるみの焼き洋梨,洋梨を半分に切り、芯を取り除く。|くるみを刻み、くぼみに詰める。|はちみつをかけ、シナモンをふる。|180°Cで20〜25分焼く。,300,4,45,10,1,25,洋梨:1:pcs;くるみ:20:g;はちみつ:1:tsp;シナモン:1:tsp,朝食;スイーツ
baked-pears-honey-nuts,ko,꿀과 호두를 곁들인 구운 배,배를 반으로 자르고 씨를 제거한다.|호두를 다져서 가운데 넣는다.|꿀을 뿌리고 시나몬을 뿌린다.|180°C에서 20-25분 굽는다.,300,4,45,10,1,25,배:1:pcs;호두:20:g;꿀:1:tsp;시나몬:1:tsp,아침식사;달콤한
baked-pears-honey-nuts,nl,Gebakken peren met honing en walnoten,Snijd de peer doormidden en verwijder het klokhuis.|Hak de walnoten en leg ze in de holte.|Besprenkel met honing en bestrooi met kaneel.|Bak op 180°C gedurende 20-25 minuten.,300,4,45,10,1,25,Peer:1:pcs;Walnoten:20:g;Honing:1:tsp;Kaneel:1:tsp,ontbijt;zoet
baked-pears-honey-nuts,pl,Gruszki pieczone z miodem i orzechami,Gruszkę przekrój na pół i usuń gniazdo nasienne.|Orzechy posiekaj i włóż w zagłębienie.|Polej miodem i posyp cynamonem.|Piecz w 180°C przez 20-25 minut.,300,4,45,10,1,25,Gruszka:1:pcs;Orzechy włoskie:20:g;Miód:1:tsp;Cynamon:1:tsp,śniadanie;słodkie
baked-pears-honey-nuts,pt-BR,Peras assadas com mel e nozes,Corte a pera ao meio e retire o caroço.|Pique as nozes e coloque na cavidade.|Regue com mel e polvilhe canela.|Asse a 180°C por 20-25 minutos.,300,4,45,10,1,25,Pera:1:pcs;Nozes:20:g;Mel:1:tsp;Canela:1:tsp,café da manhã;doce
baked-pears-honey-nuts,ru,Запечённые груши с мёдом и орехами,Грушу разрежьте пополам и удалите сердцевину.|Орехи измельчите и выложите в углубление.|Полейте мёдом и посыпьте корицей.|Запекайте при 180°C 20-25 минут.,300,4,45,10,1,25,Груша:1:pcs;Грецкие орехи:20:g;Мёд:1:tsp;Корица:1:tsp,завтрак;сладкое
baked-pears-honey-nuts,th,ลูกแพร์อบน้ำผึ้งและวอลนัท,ผ่าลูกแพร์ครึ่งและเอาเมล็ดออก|สับวอลนัทแล้ววางในหลุม|ราดน้ำผึ้งโรยอบเชย|อบที่ 180 องศาเซลเซียส 20-25 นาที,300,4,45,10,1,25,ลูกแพร์:1:pcs;วอลนัท:20:g;น้ำผึ้ง:1:tsp;อบเชย:1:tsp,อาหารเช้า;ของหวาน
baked-pears-honey-nuts,tr,Ballı ve Cevizli Fırın Armut,Armudu ikiye kesin ve çekirdeklerini çıkarın.|Cevizleri doğrayıp çukura yerleştirin.|Bal gezdirip tarçın serpin.|180°C'de 20-25 dakika pişirin.,300,4,45,10,1,25,Armut:1:pcs;Ceviz:20:g;Bal:1:tsp;Tarçın:1:tsp,kahvaltı;tatlı
baked-pears-honey-nuts,uk,Запечені груші з медом і горіхами,"Грушу розріжте навпіл і видаліть серцевину.|Горіхи подрібніть і викладіть у заглиблення.|Полийте медом, посипте корицею.|Запікайте при 180°C 20–25 хвилин.",300,4,45,10,1,25,Груша:1:pcs;Волоські горіхи:20:g;Мед:1:tsp;Кориця:1:tsp,сніданок;солодке
baked-pears-honey-nuts,vi,Lê nướng mật ong và óc chó,"Cắt đôi lê và bỏ hạt.|Băm nhỏ óc chó và đặt vào lõi.|Rưới mật ong, rắc quế.|Nướng ở 180°C trong 20-25 phút.",300,4,45,10,1,25,Lê:1:pcs;Óc chó:20:g;Mật ong:1:tsp;Quế:1:tsp,bữa sáng;ngọt
baked-pears-honey-nuts,zh-Hans,蜂蜜核桃烤梨,将梨对半切开去核。|将核桃切碎放入凹槽。|淋上蜂蜜，撒上肉桂。|在180°C烤箱中烤20-25分钟。,300,4,45,10,1,25,梨:1:pcs;核桃:20:g;蜂蜜:1:tsp;肉桂:1:tsp,早餐;甜食
semolina-porridge,ar,عصيدة السميد بالحليب,سخّني الحليب حتى الغليان مع الملح.|اسكبي السميد بشكل خيط رفيع مع التحريك.|اطهيها 3-5 دقائق حتى تتكاثف.|أضيفي السكر والزبدة.,400,11,58,14,1,10,سميد:40:g;حليب:300:ml;سكر:1:tsp;زبدة:10:g;ملح:1:tsp,فطور;حلويات
semolina-porridge,de,Grießbrei mit Milch,Milch mit Salz zum Kochen bringen.|Grieß in dünnem Strahl unter Rühren einstreuen.|3-5 Minuten kochen bis es eindickt.|Zucker und Butter hinzufügen.,400,11,58,14,1,10,Grieß:40:g;Milch:300:ml;Zucker:1:tsp;Butter:10:g;Salz:1:tsp,Frühstück;Süßes
semolina-porridge,en,Semolina Porridge on Milk,"Bring milk to a boil with salt.|Pour in semolina in a thin stream, stirring.|Cook for 3-5 minutes until thickened.|Add sugar and butter.",400,11,58,14,1,10,Semolina:40:g;Milk:300:ml;Sugar:1:tsp;Butter:10:g;Salt:1:tsp,breakfast;sweet
semolina-porridge,es,Sémola con leche,Lleva la leche a ebullición con sal.|Vierte la sémola en un chorro fino removiendo.|Cocina 3-5 minutos hasta que espese.|Agrega azúcar y mantequilla.,400,11,58,14,1,10,Sémola:40:g;Leche:300:ml;Azúcar:1:tsp;Mantequilla:10:g;Sal:1:tsp,desayuno;dulce
semolina-porridge,fr,Semoule au lait,Portez le lait à ébullition avec le sel.|Versez la semoule en filet fin en remuant.|Cuisez 3-5 minutes jusqu'à épaississement.|Ajoutez le sucre et le beurre.,400,11,58,14,1,10,Semoule:40:g;Lait:300:ml;Sucre:1:tsp;Beurre:10:g;Sel:1:tsp,"
petit-déjeuner;sucré"
semolina-porridge,he,דייסת סולת על חלב,הביאו את החלב לרתיחה עם מלח.|שפכו את הסולת בזרם דק תוך כדי ערבוב.|בשלו 3-5 דקות עד שמתעבה.|הוסיפו סוכר וחמאה.,400,11,58,14,1,10,סולת:40:g;חלב:300:ml;סוכר:1:tsp;חמאה:10:g;מלח:1:tsp,ארוחת בוקר;מתוק
semolina-porridge,hi,दूध का सूजी दलिया,दूध में नमक डालकर उबालें।|हिलाते हुए सूजी को पतली धार में डालें।|गाढ़ा होने तक 3-5 मिनट पकाएँ।|चीनी और मक्खन डालें।,400,11,58,14,1,10,सूजी:40:g;दूध:300:ml;चीनी:1:tsp;मक्खन:10:g;नमक:1:tsp,नाश्ता;मीठा
semolina-porridge,id,Bubur Semolina Susu,Didihkan susu dengan garam.|Tuang semolina perlahan sambil diaduk.|Masak 3-5 menit hingga mengental.|Tambahkan gula dan mentega.,400,11,58,14,1,10,Semolina:40:g;Susu:300:ml;Gula:1:tsp;Mentega:10:g;Garam:1:tsp,sarapan;manis
semolina-porridge,it,Semolino al latte,Portate il latte a ebollizione con il sale.|Versate il semolino a filo sottile mescolando.|Cuocete per 3-5 minuti fino a che si addensa.|Aggiungete zucchero e burro.,400,11,58,14,1,10,Semolino:40:g;Latte:300:ml;Zucchero:1:tsp;Burro:10:g;Sale:1:tsp,colazione;dolce
semolina-porridge,ja,ミルクセモリナポリッジ,牛乳に塩を加えて沸騰させる。|かき混ぜながらセモリナを細く流し入れる。|とろみがつくまで3〜5分煮る。|砂糖とバターを加える。,400,11,58,14,1,10,セモリナ:40:g;牛乳:300:ml;砂糖:1:tsp;バター:10:g;塩:1:tsp,朝食;スイーツ
semolina-porridge,ko,우유 세몰리나 죽,우유에 소금을 넣고 끓인다.|저으면서 세몰리나를 가늘게 흘려 넣는다.|걸쭉해질 때까지 3-5분 끓인다.|설탕과 버터를 넣는다.,400,11,58,14,1,10,세몰리나:40:g;우유:300:ml;설탕:1:tsp;버터:10:g;소금:1:tsp,아침식사;달콤한
semolina-porridge,nl,Griesmeel pap met melk,Breng de melk met zout aan de kook.|Strooi de griesmeel in een dun straaltje al roerend.|Kook 3-5 minuten tot het indikt.|Voeg suiker en boter toe.,400,11,58,14,1,10,Griesmeel:40:g;Melk:300:ml;Suiker:1:tsp;Boter:10:g;Zout:1:tsp,ontbijt;zoet
semolina-porridge,pl,Kasza manna na mleku,"Mleko zagotuj z solą.|Wsypuj kaszę mannę cienkim strumieniem, mieszając.|Gotuj 3-5 minut do zgęstnienia.|Dodaj cukier i masło.",400,11,58,14,1,10,Kasza manna:40:g;Mleko:300:ml;Cukier:1:tsp;Masło:10:g;Sól:1:tsp,śniadanie;słodkie
semolina-porridge,pt-BR,Mingau de semolina com leite,Ferva o leite com sal.|Despeje a semolina em fio fino mexendo.|Cozinhe por 3-5 minutos até engrossar.|Adicione açúcar e manteiga.,400,11,58,14,1,10,Semolina:40:g;Leite:300:ml;Açúcar:1:tsp;Manteiga:10:g;Sal:1:tsp,café da manhã;doce
semolina-porridge,ru,Манная каша на молоке,"Молоко доведите до кипения с солью.|Всыпайте манку тонкой струйкой, помешивая.|Варите 3-5 минут до загустения.|Добавьте сахар и масло.",400,11,58,14,1,10,Манная крупа:40:g;Молоко:300:ml;Сахар:1:tsp;Сливочное масло:10:g;Соль:1:tsp,завтрак;сладкое
semolina-porridge,th,โจ๊กเซโมลินานม,ต้มนมกับเกลือจนเดือด|ค่อยๆ เทเซโมลินาลงไปพร้อมคน|ปรุง 3-5 นาทีจนข้น|เติมน้ำตาลและเนย,400,11,58,14,1,10,เซโมลินา:40:g;นม:300:ml;น้ำตาล:1:tsp;เนย:10:g;เกลือ:1:tsp,อาหารเช้า;ของหวาน
semolina-porridge,tr,Sütlü İrmik Lapası,Sütü tuzla kaynatın.|İrmiği ince bir şekilde karıştırarak ekleyin.|Koyulaşana kadar 3-5 dakika pişirin.|Şeker ve tereyağı ekleyin.,400,11,58,14,1,10,İrmik:40:g;Süt:300:ml;Şeker:1:tsp;Tereyağı:10:g;Tuz:1:tsp,kahvaltı;tatlı
semolina-porridge,uk,Манна каша на молоці,"Молоко доведіть до кипіння з сіллю.|Всипайте манку тонкою цівкою, помішуючи.|Варіть 3–5 хвилин до загустіння.|Додайте цукор і масло.",400,11,58,14,1,10,Манна крупа:40:g;Молоко:300:ml;Цукор:1:tsp;Вершкове масло:10:g;Сіль:1:tsp,сніданок;солодке
semolina-porridge,vi,Cháo semolina sữa,"Đun sôi sữa với muối.|Rót semolina thành dòng mỏng, khuấy đều.|Nấu 3-5 phút cho đến khi đặc.|Thêm đường và bơ.",400,11,58,14,1,10,Semolina:40:g;Sữa:300:ml;Đường:1:tsp;Bơ:10:g;Muối:1:tsp,bữa sáng;ngọt
semolina-porridge,zh-Hans,牛奶粗麦粉粥,将牛奶加盐煮沸。|一边搅拌一边将粗麦粉细细倒入。|煮3-5分钟至浓稠。|加入糖和黄油。,400,11,58,14,1,10,粗麦粉:40:g;牛奶:300:ml;糖:1:tsp;黄油:10:g;盐:1:tsp,早餐;甜食
fruit-salad-yogurt,ar,سلطة فواكه بالزبادي,قشّري الفواكه وقطّعيها مكعبات.|أضيفي الزبادي والعسل.|قلّبي بلطف.,320,10,50,8,1,10,تفاحة:0.5:pcs;موز:0.5:pcs;برتقالة:0.5:pcs;زبادي طبيعي:150:g;عسل:1:tsp,فطور;حلويات
fruit-salad-yogurt,de,Obstsalat mit Joghurt,Obst schälen und in Würfel schneiden.|Joghurt und Honig hinzufügen.|Vorsichtig umrühren.,320,10,50,8,1,10,Apfel:0.5:pcs;Banane:0.5:pcs;Orange:0.5:pcs;Naturjoghurt:150:g;Honig:1:tsp,Frühstück;Süßes
fruit-salad-yogurt,en,Fruit Salad with Yogurt,Peel and dice fruits.|Add yogurt and honey.|Gently mix.,320,10,50,8,1,10,Apple:0.5:pcs;Banana:0.5:pcs;Orange:0.5:pcs;Natural yogurt:150:g;Honey:1:tsp,breakfast;sweet
fruit-salad-yogurt,es,Ensalada de frutas con yogur,Pela y corta las frutas en cubos.|Agrega yogur y miel.|Mezcla suavemente.,320,10,50,8,1,10,Manzana:0.5:pcs;Plátano:0.5:pcs;Naranja:0.5:pcs;Yogur natural:150:g;Miel:1:tsp,desayuno;dulce
fruit-salad-yogurt,fr,Salade de fruits au yaourt,Épluchez et coupez les fruits en dés.|Ajoutez le yaourt et le miel.|Mélangez délicatement.,320,10,50,8,1,10,Pomme:0.5:pcs;Banane:0.5:pcs;Orange:0.5:pcs;Yaourt nature:150:g;Miel:1:tsp,"
petit-déjeuner;sucré"
fruit-salad-yogurt,he,סלט פירות עם יוגורט,קלפו וחתכו את הפירות לקוביות.|הוסיפו יוגורט ודבש.|ערבבו בעדינות.,320,10,50,8,1,10,תפוח:0.5:pcs;בננה:0.5:pcs;תפוז:0.5:pcs;יוגורט טבעי:150:g;דבש:1:tsp,ארוחת בוקר;מתוק
fruit-salad-yogurt,hi,दही के साथ फ्रूट सलाद,फलों को छीलकर क्यूब्स में काटें।|दही और शहद डालें।|हल्के हाथ से मिलाएँ।,320,10,50,8,1,10,सेब:0.5:pcs;केला:0.5:pcs;संतरा:0.5:pcs;प्राकृतिक दही:150:g;शहद:1:tsp,नाश्ता;मीठा
fruit-salad-yogurt,id,Salad Buah dengan Yogurt,Kupas dan potong buah-buahan menjadi dadu.|Tambahkan yogurt dan madu.|Aduk perlahan.,320,10,50,8,1,10,Apel:0.5:pcs;Pisang:0.5:pcs;Jeruk:0.5:pcs;Yogurt plain:150:g;Madu:1:tsp,sarapan;manis
fruit-salad-yogurt,it,Insalata di frutta con yogurt,Sbucciate e tagliate la frutta a dadini.|Aggiungete yogurt e miele.|Mescolate delicatamente.,320,10,50,8,1,10,Mela:0.5:pcs;Banana:0.5:pcs;Arancia:0.5:pcs;Yogurt naturale:150:g;Miele:1:tsp,colazione;dolce
fruit-salad-yogurt,ja,ヨーグルトフルーツサラダ,フルーツの皮をむいてさいの目に切る。|ヨーグルトとはちみつを加える。|やさしく混ぜる。,320,10,50,8,1,10,りんご:0.5:pcs;バナナ:0.5:pcs;オレンジ:0.5:pcs;プレーンヨーグルト:150:g;はちみつ:1:tsp,朝食;スイーツ
fruit-salad-yogurt,ko,요거트 과일 샐러드,과일 껍질을 벗기고 깍둑썰기한다.|요거트와 꿀을 넣는다.|가볍게 섞는다.,320,10,50,8,1,10,사과:0.5:pcs;바나나:0.5:pcs;오렌지:0.5:pcs;플레인 요거트:150:g;꿀:1:tsp,아침식사;달콤한
fruit-salad-yogurt,nl,Fruitsalade met yoghurt,Schil het fruit en snijd het in blokjes.|Voeg yoghurt en honing toe.|Meng voorzichtig.,320,10,50,8,1,10,Appel:0.5:pcs;Banaan:0.5:pcs;Sinaasappel:0.5:pcs;Natuurlijke yoghurt:150:g;Honing:1:tsp,ontbijt;zoet
fruit-salad-yogurt,pl,Sałatka owocowa z jogurtem,Owoce obierz i pokrój w kostkę.|Dodaj jogurt i miód.|Delikatnie wymieszaj.,320,10,50,8,1,10,Jabłko:0.5:pcs;Banan:0.5:pcs;Pomarańcza:0.5:pcs;Jogurt naturalny:150:g;Miód:1:tsp,śniadanie;słodkie
fruit-salad-yogurt,pt-BR,Salada de frutas com iogurte,Descasque e corte as frutas em cubos.|Adicione iogurte e mel.|Misture delicadamente.,320,10,50,8,1,10,Maçã:0.5:pcs;Banana:0.5:pcs;Laranja:0.5:pcs;Iogurte natural:150:g;Mel:1:tsp,café da manhã;doce
fruit-salad-yogurt,ru,Фруктовый салат с йогуртом,Очистите фрукты и нарежьте кубиками.|Добавьте йогурт и мёд.|Аккуратно перемешайте.,320,10,50,8,1,10,Яблоко:0.5:pcs;Банан:0.5:pcs;Апельсин:0.5:pcs;Йогурт натуральный:150:g;Мёд:1:tsp,завтрак;сладкое
fruit-salad-yogurt,th,สลัดผลไม้โยเกิร์ต,ปอกเปลือกและหั่นผลไม้เป็นลูกเต๋า|เติมโยเกิร์ตและน้ำผึ้ง|คลุกเคล้าเบาๆ,320,10,50,8,1,10,แอปเปิ้ล:0.5:pcs;กล้วย:0.5:pcs;ส้ม:0.5:pcs;โยเกิร์ตธรรมชาติ:150:g;น้ำผึ้ง:1:tsp,อาหารเช้า;ของหวาน
fruit-salad-yogurt,tr,Yoğurtlu Meyve Salatası,Meyveleri soyun ve küp küp doğrayın.|Yoğurt ve bal ekleyin.|Hafifçe karıştırın.,320,10,50,8,1,10,Elma:0.5:pcs;Muz:0.5:pcs;Portakal:0.5:pcs;Doğal yoğurt:150:g;Bal:1:tsp,kahvaltı;tatlı
fruit-salad-yogurt,uk,Фруктовий салат з йогуртом,Фрукти очистіть і наріжте кубиками.|Додайте йогурт і мед.|Акуратно перемішайте.,320,10,50,8,1,10,Яблуко:0.5:pcs;Банан:0.5:pcs;Апельсин:0.5:pcs;Йогурт натуральний:150:g;Мед:1:tsp,сніданок;солодке
fruit-salad-yogurt,vi,Salad trái cây sữa chua,Gọt vỏ và cắt trái cây thành hạt lựu.|Thêm sữa chua và mật ong.|Trộn nhẹ nhàng.,320,10,50,8,1,10,Táo:0.5:pcs;Chuối:0.5:pcs;Cam:0.5:pcs;Sữa chua tự nhiên:150:g;Mật ong:1:tsp,bữa sáng;ngọt
fruit-salad-yogurt,zh-Hans,酸奶水果沙拉,将水果去皮切丁。|加入酸奶和蜂蜜。|轻轻拌匀。,320,10,50,8,1,10,苹果:0.5:pcs;香蕉:0.5:pcs;橙子:0.5:pcs;原味酸奶:150:g;蜂蜜:1:tsp,早餐;甜食
baked-syrnyky,ar,فطائر الجبن المخبوزة,اهرسي الجبن حتى يصبح ناعماً.|أضيفي البيض والسكر والدقيق.|شكّلي فطائر وضعيها في صينية.|اخبزيها على 180 درجة لمدة 25-30 دقيقة.,410,26,35,16,1,30,جبن قريش:200:g;بيضة:1:pcs;دقيق قمح:2:tbsp;سكر:1:tbsp;زبدة:5:g,فطور;حلويات
baked-syrnyky,de,Ofengebackene Quarkpfannkuchen,"Quark glatt rühren.|Ei, Zucker und Mehl hinzufügen.|Plätzchen formen und in eine Backform legen.|Bei 180°C 25-30 Minuten backen.",410,26,35,16,1,30,Quark:200:g;Ei:1:pcs;Weizenmehl:2:tbsp;Zucker:1:tbsp;Butter:5:g,Frühstück;Süßes
baked-syrnyky,en,Oven-Baked Cottage Cheese Pancakes,"Mash cottage cheese until smooth.|Add egg, sugar and flour.|Form patties and place in baking form.|Bake at 180°C for 25-30 minutes.",410,26,35,16,1,30,Cottage cheese:200:g;Egg:1:pcs;Wheat flour:2:tbsp;Sugar:1:tbsp;Butter:5:g,breakfast;sweet
baked-syrnyky,es,Syrniki al horno,"Triture el requesón hasta que quede homogéneo.|Agregue huevo, azúcar y harina.|Forme tortitas y colóquelas en un molde.|Hornee a 180°C durante 25-30 minutos.",410,26,35,16,1,30,Requesón:200:g;Huevo:1:pcs;Harina de trigo:2:tbsp;Azúcar:1:tbsp;Mantequilla:5:g,desayuno;dulce
baked-syrnyky,fr,Syrnikis au four,"Écrasez le fromage blanc jusqu'à obtenir une texture lisse.|Ajoutez l'œuf, le sucre et la farine.|Formez des palets et placez-les dans un moule.|Faites cuire au four à 180°C pendant 25-30 minutes.",410,26,35,16,1,30,Fromage blanc:200:g;Œuf:1:pcs;Farine de blé:2:tbsp;Sucre:1:tbsp;Beurre:5:g,"
petit-déjeuner;sucré"
baked-syrnyky,he,לביבות גבינה אפויות,"מעכו את הגבינה עד שתהיה חלקה.|הוסיפו ביצה, סוכר וקמח.|צרו לביבות ושימו בתבנית.|אפו ב-180 מעלות למשך 25-30 דקות.",410,26,35,16,1,30,גבינת קוטג':200:g;ביצה:1:pcs;קמח חיטה:2:tbsp;סוכר:1:tbsp;חמאה:5:g,ארוחת בוקר;מתוק
baked-syrnyky,hi,ओवन बेक्ड पनीर पैनकेक,"पनीर को चिकना होने तक मैश करें।|अंडा, चीनी और आटा डालें।|टिक्की बनाएँ और बेकिंग ट्रे में रखें।|180°C पर 25-30 मिनट बेक करें।",410,26,35,16,1,30,पनीर:200:g;अंडा:1:pcs;गेहूं का आटा:2:tbsp;चीनी:1:tbsp;मक्खन:5:g,नाश्ता;मीठा
baked-syrnyky,id,Pancake Keju Cottage Panggang,"Haluskan keju cottage hingga lembut.|Tambahkan telur, gula, dan tepung.|Bentuk adonan dan letakkan di loyang.|Panggang pada 180°C selama 25-30 menit.",410,26,35,16,1,30,Keju cottage:200:g;Telur:1:pcs;Tepung terigu:2:tbsp;Gula:1:tbsp;Mentega:5:g,sarapan;manis
baked-syrnyky,it,Frittelle di ricotta al forno,"Schiacciate la ricotta fino a renderla liscia.|Aggiungete uovo, zucchero e farina.|Formate delle frittelle e sistematele in una teglia.|Cuocete in forno a 180°C per 25-30 minuti.",410,26,35,16,1,30,Ricotta:200:g;Uovo:1:pcs;Farina di grano:2:tbsp;Zucchero:1:tbsp;Burro:5:g,colazione;dolce
baked-syrnyky,ja,オーブン焼きカッテージチーズパンケーキ,カッテージチーズを滑らかになるまで潰す。|卵、砂糖、小麦粉を加える。|小判型に成形し、天板に並べる。|180°Cで25〜30分焼く。,410,26,35,16,1,30,カッテージチーズ:200:g;卵:1:pcs;小麦粉:2:tbsp;砂糖:1:tbsp;バター:5:g,朝食;スイーツ
baked-syrnyky,ko,오븐 구운 코티지치즈 팬케이크,"코티지치즈를 부드럽게 으깬다.|달걀, 설탕, 밀가루를 넣는다.|동그란 모양으로 빚어 베이킹 틀에 놓는다.|180°C에서 25-30분 굽는다.",410,26,35,16,1,30,코티지치즈:200:g;달걀:1:pcs;밀가루:2:tbsp;설탕:1:tbsp;버터:5:g,아침식사;달콤한
baked-syrnyky,nl,Kwarkpannenkoekjes uit de oven,"Prak de kwark tot een glad geheel.|Voeg ei, suiker en bloem toe.|Vorm koekjes en leg ze in een bakvorm.|Bak op 180°C gedurende 25-30 minuten.",410,26,35,16,1,30,Kwark:200:g;Ei:1:pcs;Tarwebloem:2:tbsp;Suiker:1:tbsp;Boter:5:g,ontbijt;zoet
baked-syrnyky,pl,Serniczki pieczone w piekarniku,"Serek wymieszaj na gładką masę.|Dodaj jajko, cukier i mąkę.|Uformuj serniczki i ułóż w formie.|Piecz w 180°C przez 25-30 minut.",410,26,35,16,1,30,Twaróg:200:g;Jajko:1:pcs;Mąka pszenna:2:tbsp;Cukier:1:tbsp;Masło:5:g,śniadanie;słodkie
baked-syrnyky,pt-BR,Panquecas de queijo cottage assadas,"Amasse o queijo cottage até ficar liso.|Adicione ovo, açúcar e farinha.|Forme bolinhos e coloque na forma.|Asse a 180°C por 25-30 minutos.",410,26,35,16,1,30,Queijo cottage:200:g;Ovo:1:pcs;Farinha de trigo:2:tbsp;Açúcar:1:tbsp;Manteiga:5:g,café da manhã;doce
baked-syrnyky,ru,Сырники запечённые в духовке,"Творог разотрите до однородности.|Добавьте яйцо, сахар и муку.|Сформируйте сырники и выложите в форму.|Запекайте при 180°C 25-30 минут.",410,26,35,16,1,30,Творог:200:g;Яйцо:1:pcs;Пшеничная мука:2:tbsp;Сахар:1:tbsp;Сливочное масло:5:g,завтрак;сладкое
baked-syrnyky,th,แพนเค้กชีสอบ,บดชีสคอทเทจจนเนียน|เติมไข่ น้ำตาล และแป้ง|ปั้นเป็นก้อนแล้ววางในถาดอบ|อบที่ 180 องศาเซลเซียส 25-30 นาที,410,26,35,16,1,30,ชีสคอทเทจ:200:g;ไข่:1:pcs;แป้งสาลี:2:tbsp;น้ำตาล:1:tbsp;เนย:5:g,อาหารเช้า;ของหวาน
baked-syrnyky,tr,Fırında Lor Peynirli Pankek,"Lor peynirini pürüzsüz olana kadar ezin.|Yumurta, şeker ve un ekleyin.|Şekil verin ve fırın kabına dizin.|180°C'de 25-30 dakika pişirin.",410,26,35,16,1,30,Lor peyniri:200:g;Yumurta:1:pcs;Buğday unu:2:tbsp;Şeker:1:tbsp;Tereyağı:5:g,kahvaltı;tatlı
baked-syrnyky,uk,Сирники запечені в духовці,"Сир перетріть до однорідності.|Додайте яйце, цукор і борошно.|Сформуйте сирники та викладіть у форму.|Запікайте при 180°C 25–30 хвилин.",410,26,35,16,1,30,Сир кисломолочний:200:g;Яйце:1:pcs;Пшеничне борошно:2:tbsp;Цукор:1:tbsp;Вершкове масло:5:g,сніданок;солодке
baked-syrnyky,vi,Bánh phô mai nướng,"Nghiền nhuyễn phô mai cottage.|Thêm trứng, đường và bột mì.|Nặn thành bánh và đặt vào khay nướng.|Nướng ở 180°C trong 25-30 phút.",410,26,35,16,1,30,Phô mai cottage:200:g;Trứng:1:pcs;Bột mì:2:tbsp;Đường:1:tbsp;Bơ:5:g,bữa sáng;ngọt
baked-syrnyky,zh-Hans,烤奶渣饼,将奶渣搅拌至顺滑。|加入鸡蛋、糖和面粉。|捏成小饼放入烤盘。|在180°C烤箱中烤25-30分钟。,410,26,35,16,1,30,奶渣:200:g;鸡蛋:1:pcs;小麦面粉:2:tbsp;糖:1:tbsp;黄油:5:g,早餐;甜食
overnight-oats-cocoa-banana,ar,شوفان ليلي بالكاكاو والموز,اخلطي الشوفان والحليب والكاكاو.|غطّيه وضعيه في الثلاجة طوال الليل.|قبل التقديم أضيفي الموز والعسل.,360,12,60,8,1,5,رقائق شوفان:50:g;حليب:200:ml;مسحوق كاكاو:1:tsp;موز:0.5:pcs;عسل:1:tsp,فطور;حلويات
overnight-oats-cocoa-banana,de,Overnight Oats mit Kakao und Banane,"Haferflocken, Milch und Kakao vermischen.|Abdecken und über Nacht in den Kühlschrank stellen.|Vor dem Servieren Banane und Honig hinzufügen.",360,12,60,8,1,5,Haferflocken:50:g;Milch:200:ml;Kakaopulver:1:tsp;Banane:0.5:pcs;Honig:1:tsp,Frühstück;Süßes
overnight-oats-cocoa-banana,en,Overnight Oats with Cocoa and Banana,"Mix oats, milk and cocoa.|Cover and refrigerate overnight.|Add sliced banana and honey before serving.",360,12,60,8,1,5,Oat flakes:50:g;Milk:200:ml;Cocoa powder:1:tsp;Banana:0.5:pcs;Honey:1:tsp,breakfast;sweet
overnight-oats-cocoa-banana,es,Avena nocturna con cacao y plátano,"Mezcla la avena, la leche y el cacao.|Tapa y refrigera durante la noche.|Antes de servir agrega plátano y miel.",360,12,60,8,1,5,Copos de avena:50:g;Leche:200:ml;Cacao en polvo:1:tsp;Plátano:0.5:pcs;Miel:1:tsp,desayuno;dulce
overnight-oats-cocoa-banana,fr,Overnight oats au cacao et banane,"Mélangez les flocons d'avoine, le lait et le cacao.|Couvrez et réfrigérez toute la nuit.|Ajoutez la banane tranchée et le miel avant de servir.",360,12,60,8,1,5,Flocons d'avoine:50:g;Lait:200:ml;Poudre de cacao:1:tsp;Banane:0.5:pcs;Miel:1:tsp,"
petit-déjeuner;sucré"
overnight-oats-cocoa-banana,he,שיבולת שועל לילית עם קקאו ובננה,"ערבבו שיבולת שועל, חלב וקקאו.|כסו והכניסו למקרר למשך הלילה.|לפני ההגשה הוסיפו בננה ודבש.",360,12,60,8,1,5,פתיתי שיבולת שועל:50:g;חלב:200:ml;אבקת קקאו:1:tsp;בננה:0.5:pcs;דבש:1:tsp,ארוחת בוקר;מתוק
overnight-oats-cocoa-banana,hi,कोको और केले वाला ओवरनाइट ओट्स,"ओट्स, दूध और कोको मिलाएँ।|ढककर रात भर फ्रिज में रखें।|परोसने से पहले केला और शहद डालें।",360,12,60,8,1,5,ओट फ्लेक्स:50:g;दूध:200:ml;कोको पाउडर:1:tsp;केला:0.5:pcs;शहद:1:tsp,नाश्ता;मीठा
overnight-oats-cocoa-banana,id,Overnight Oats Cokelat Pisang,"Campurkan oat, susu, dan cokelat bubuk.|Tutup dan simpan di kulkas semalaman.|Tambahkan pisang dan madu sebelum disajikan.",360,12,60,8,1,5,Oat:50:g;Susu:200:ml;Cokelat bubuk:1:tsp;Pisang:0.5:pcs;Madu:1:tsp,sarapan;manis
overnight-oats-cocoa-banana,it,Porridge notturno al cacao e banana,"Mescolate fiocchi d'avena, latte e cacao.|Coprite e mettete in frigorifero per la notte.|Prima di servire aggiungete banana e miele.",360,12,60,8,1,5,Fiocchi d'avena:50:g;Latte:200:ml;Cacao in polvere:1:tsp;Banana:0.5:pcs;Miele:1:tsp,colazione;dolce
overnight-oats-cocoa-banana,ja,ココアバナナのオーバーナイトオーツ,オートミール、牛乳、ココアを混ぜる。|蓋をして一晩冷蔵庫に入れる。|食べる前にバナナとはちみつを加える。,360,12,60,8,1,5,オートミール:50:g;牛乳:200:ml;ココアパウダー:1:tsp;バナナ:0.5:pcs;はちみつ:1:tsp,朝食;スイーツ
overnight-oats-cocoa-banana,ko,코코아 바나나 오버나이트 오츠,"오트밀, 우유, 코코아를 섞는다.|뚜껑을 덮고 밤새 냉장 보관한다.|먹기 전에 바나나와 꿀을 올린다.",360,12,60,8,1,5,오트밀:50:g;우유:200:ml;코코아 파우더:1:tsp;바나나:0.5:pcs;꿀:1:tsp,아침식사;달콤한
overnight-oats-cocoa-banana,nl,Overnight oats met cacao en banaan,"Meng havermout, melk en cacao.|Dek af en zet een nacht in de koelkast.|Voeg voor het serveren banaan en honing toe.",360,12,60,8,1,5,Havermout:50:g;Melk:200:ml;Cacaopoeder:1:tsp;Banaan:0.5:pcs;Honing:1:tsp,ontbijt;zoet
overnight-oats-cocoa-banana,pl,Nocny owsianka z kakao i bananem,"Wymieszaj płatki owsiane, mleko i kakao.|Przykryj i odstaw na noc do lodówki.|Przed podaniem dodaj banana i miód.",360,12,60,8,1,5,Płatki owsiane:50:g;Mleko:200:ml;Kakao w proszku:1:tsp;Banan:0.5:pcs;Miód:1:tsp,śniadanie;słodkie
overnight-oats-cocoa-banana,pt-BR,Overnight oats com cacau e banana,"Misture a aveia, o leite e o cacau.|Cubra e leve à geladeira durante a noite.|Antes de servir adicione banana e mel.",360,12,60,8,1,5,Flocos de aveia:50:g;Leite:200:ml;Cacau em pó:1:tsp;Banana:0.5:pcs;Mel:1:tsp,café da manhã;doce
overnight-oats-cocoa-banana,ru,Ленивая овсянка с какао и бананом,"Смешайте овсянку, молоко и какао.|Накройте и оставьте в холодильнике на ночь.|Перед подачей добавьте банан и мёд.",360,12,60,8,1,5,Овсяные хлопья:50:g;Молоко:200:ml;Какао-порошок:1:tsp;Банан:0.5:pcs;Мёд:1:tsp,завтрак;сладкое
overnight-oats-cocoa-banana,th,โอเวอร์ไนท์โอ๊ตโกโก้กล้วย,ผสมข้าวโอ๊ต นม และโกโก้|ปิดฝาแล้วแช่เย็นข้ามคืน|ก่อนเสิร์ฟเพิ่มกล้วยและน้ำผึ้ง,360,12,60,8,1,5,ข้าวโอ๊ต:50:g;นม:200:ml;ผงโกโก้:1:tsp;กล้วย:0.5:pcs;น้ำผึ้ง:1:tsp,อาหารเช้า;ของหวาน
overnight-oats-cocoa-banana,tr,Kakaolu Muzlu Gece Yulafı,"Yulaf, süt ve kakaoyu karıştırın.|Kapatıp buzdolabında bir gece bekletin.|Servis öncesi muz ve bal ekleyin.",360,12,60,8,1,5,Yulaf ezmesi:50:g;Süt:200:ml;Kakao tozu:1:tsp;Muz:0.5:pcs;Bal:1:tsp,kahvaltı;tatlı
overnight-oats-cocoa-banana,uk,Лінива вівсянка з какао і бананом,"Змішайте вівсянку, молоко та какао.|Накрийте та залиште в холодильнику на ніч.|Перед подачею додайте банан і мед.",360,12,60,8,1,5,Вівсяні пластівці:50:g;Молоко:200:ml;Какао-порошок:1:tsp;Банан:0.5:pcs;Мед:1:tsp,сніданок;солодке
overnight-oats-cocoa-banana,vi,Yến mạch qua đêm cacao chuối,"Trộn yến mạch, sữa và cacao.|Đậy nắp và để tủ lạnh qua đêm.|Trước khi ăn thêm chuối và mật ong.",360,12,60,8,1,5,Yến mạch:50:g;Sữa:200:ml;Bột cacao:1:tsp;Chuối:0.5:pcs;Mật ong:1:tsp,bữa sáng;ngọt
overnight-oats-cocoa-banana,zh-Hans,可可香蕉隔夜燕麦,将燕麦、牛奶和可可粉混合。|盖上盖子放入冰箱过夜。|食用前加入香蕉片和蜂蜜。,360,12,60,8,1,5,燕麦片:50:g;牛奶:200:ml;可可粉:1:tsp;香蕉:0.5:pcs;蜂蜜:1:tsp,早餐;甜食
corn-flour-pancakes,ar,بانكيك دقيق الذرة,اخفقي البيض مع السكر.|أضيفي الحليب والدقيق ومسحوق الخبز.|اخلطي العجينة.|اقلي البانكيك حتى يصبح ذهبياً.,380,12,60,10,1,20,دقيق ذرة:80:g;بيضة:1:pcs;حليب:150:ml;سكر:1:tbsp;مسحوق خبز:0.5:tsp;زيت:1:tsp,فطور;حلويات
corn-flour-pancakes,de,Maismehl-Pfannkuchen,"Ei mit Zucker verquirlen.|Milch, Mehl und Backpulver hinzufügen.|Teig anrühren.|Pfannkuchen goldbraun braten.",380,12,60,10,1,20,Maismehl:80:g;Ei:1:pcs;Milch:150:ml;Zucker:1:tbsp;Backpulver:0.5:tsp;Öl:1:tsp,Frühstück;Süßes
corn-flour-pancakes,en,Corn Flour Pancakes,"Beat egg with sugar.|Add milk, flour and baking powder.|Make batter.|Fry pancakes until golden.",380,12,60,10,1,20,Corn flour:80:g;Egg:1:pcs;Milk:150:ml;Sugar:1:tbsp;Baking powder:0.5:tsp;Oil:1:tsp,breakfast;sweet
corn-flour-pancakes,es,Panqueques de harina de maíz,"Bate el huevo con el azúcar.|Agrega la leche, la harina y el polvo de hornear.|Prepara la masa.|Fríe los panqueques hasta dorarlos.",380,12,60,10,1,20,Harina de maíz:80:g;Huevo:1:pcs;Leche:150:ml;Azúcar:1:tbsp;Polvo de hornear:0.5:tsp;Aceite:1:tsp,desayuno;dulce
corn-flour-pancakes,fr,Pancakes à la farine de maïs,"Battez l'œuf avec le sucre.|Ajoutez le lait, la farine et la levure chimique.|Préparez la pâte.|Faites cuire les pancakes jusqu'à ce qu'ils soient dorés.",380,12,60,10,1,20,Farine de maïs:80:g;Œuf:1:pcs;Lait:150:ml;Sucre:1:tbsp;Levure chimique:0.5:tsp;Huile:1:tsp,"
petit-déjeuner;sucré"
corn-flour-pancakes,he,פנקייק קמח תירס,"הקציפו את הביצה עם הסוכר.|הוסיפו חלב, קמח ואבקת אפייה.|הכינו בלילה.|טגנו את הפנקייקים עד שיזהיבו.",380,12,60,10,1,20,קמח תירס:80:g;ביצה:1:pcs;חלב:150:ml;סוכר:1:tbsp;אבקת אפייה:0.5:tsp;שמן:1:tsp,ארוחת בוקר;מתוק
corn-flour-pancakes,hi,कॉर्न फ्लोर पैनकेक,"अंडे को चीनी के साथ फेंटें।|दूध, आटा और बेकिंग पाउडर डालें।|बैटर बनाएँ।|पैनकेक सुनहरा होने तक तलें।",380,12,60,10,1,20,मक्के का आटा:80:g;अंडा:1:pcs;दूध:150:ml;चीनी:1:tbsp;बेकिंग पाउडर:0.5:tsp;तेल:1:tsp,नाश्ता;मीठा
corn-flour-pancakes,id,Pancake Tepung Jagung,"Kocok telur dengan gula.|Tambahkan susu, tepung, dan baking powder.|Buat adonan.|Goreng pancake hingga keemasan.",380,12,60,10,1,20,Tepung jagung:80:g;Telur:1:pcs;Susu:150:ml;Gula:1:tbsp;Baking powder:0.5:tsp;Minyak:1:tsp,sarapan;manis
corn-flour-pancakes,it,Pancake di farina di mais,"Sbattete l'uovo con lo zucchero.|Aggiungete latte, farina e lievito.|Preparate la pastella.|Cuocete i pancake fino a doratura.",380,12,60,10,1,20,Farina di mais:80:g;Uovo:1:pcs;Latte:150:ml;Zucchero:1:tbsp;Lievito in polvere:0.5:tsp;Olio:1:tsp,colazione;dolce
corn-flour-pancakes,ja,コーンフラワーパンケーキ,卵と砂糖を泡立てる。|牛乳、コーンフラワー、ベーキングパウダーを加える。|生地を作る。|パンケーキをきつね色になるまで焼く。,380,12,60,10,1,20,コーンフラワー:80:g;卵:1:pcs;牛乳:150:ml;砂糖:1:tbsp;ベーキングパウダー:0.5:tsp;油:1:tsp,朝食;スイーツ
corn-flour-pancakes,ko,옥수수가루 팬케이크,"달걀과 설탕을 거품기로 풀어준다.|우유, 옥수수가루, 베이킹파우더를 넣는다.|반죽을 만든다.|팬케이크를 노릇하게 굽는다.",380,12,60,10,1,20,옥수수가루:80:g;달걀:1:pcs;우유:150:ml;설탕:1:tbsp;베이킹파우더:0.5:tsp;식용유:1:tsp,아침식사;달콤한
corn-flour-pancakes,nl,Maïsmeel pannenkoeken,"Klop het ei met de suiker.|Voeg melk, bloem en bakpoeder toe.|Maak het beslag.|Bak de pannenkoeken goudbruin.",380,12,60,10,1,20,Maïsmeel:80:g;Ei:1:pcs;Melk:150:ml;Suiker:1:tbsp;Bakpoeder:0.5:tsp;Olie:1:tsp,ontbijt;zoet
corn-flour-pancakes,pl,Placuszki z mąki kukurydzianej,"Jajko ubij z cukrem.|Dodaj mleko, mąkę i proszek do pieczenia.|Wymieszaj ciasto.|Smaż placuszki do złotego koloru.",380,12,60,10,1,20,Mąka kukurydziana:80:g;Jajko:1:pcs;Mleko:150:ml;Cukier:1:tbsp;Proszek do pieczenia:0.5:tsp;Olej:1:tsp,śniadanie;słodkie
corn-flour-pancakes,pt-BR,Panquecas de farinha de milho,"Bata o ovo com o açúcar.|Adicione o leite, a farinha e o fermento em pó.|Faça a massa.|Frite as panquecas até dourar.",380,12,60,10,1,20,Farinha de milho:80:g;Ovo:1:pcs;Leite:150:ml;Açúcar:1:tbsp;Fermento em pó:0.5:tsp;Óleo:1:tsp,café da manhã;doce
corn-flour-pancakes,ru,Кукурузные панкейки,"Яйцо взбейте с сахаром.|Добавьте молоко, муку и разрыхлитель.|Замесите тесто.|Жарьте панкейки до румяности.",380,12,60,10,1,20,Кукурузная мука:80:g;Яйцо:1:pcs;Молоко:150:ml;Сахар:1:tbsp;Разрыхлитель:0.5:tsp;Масло:1:tsp,завтрак;сладкое
corn-flour-pancakes,th,แพนเค้กแป้งข้าวโพด,ตีไข่กับน้ำตาล|เติมนม แป้งข้าวโพด และผงฟู|ผสมแป้ง|ทอดแพนเค้กจนเหลืองทอง,380,12,60,10,1,20,แป้งข้าวโพด:80:g;ไข่:1:pcs;นม:150:ml;น้ำตาล:1:tbsp;ผงฟู:0.5:tsp;น้ำมัน:1:tsp,อาหารเช้า;ของหวาน
corn-flour-pancakes,tr,Mısır Unu Pankeki,"Yumurtayı şekerle çırpın.|Süt, un ve kabartma tozunu ekleyin.|Hamuru hazırlayın.|Pankekleri altın rengi olana kadar pişirin.",380,12,60,10,1,20,Mısır unu:80:g;Yumurta:1:pcs;Süt:150:ml;Şeker:1:tbsp;Kabartma tozu:0.5:tsp;Yağ:1:tsp,kahvaltı;tatlı
corn-flour-pancakes,uk,Кукурудзяні панкейки,"Яйце збийте з цукром.|Додайте молоко, борошно та розпушувач.|Замішайте тісто.|Смажте панкейки до рум'яності.",380,12,60,10,1,20,Кукурудзяне борошно:80:g;Яйце:1:pcs;Молоко:150:ml;Цукор:1:tbsp;Розпушувач:0.5:tsp;Олія:1:tsp,сніданок;солодке
corn-flour-pancakes,vi,Bánh pancake bột ngô,"Đánh trứng với đường.|Thêm sữa, bột ngô và bột nở.|Trộn bột.|Chiên bánh pancake đến khi vàng.",380,12,60,10,1,20,Bột ngô:80:g;Trứng:1:pcs;Sữa:150:ml;Đường:1:tbsp;Bột nở:0.5:tsp;Dầu ăn:1:tsp,bữa sáng;ngọt
corn-flour-pancakes,zh-Hans,玉米面松饼,将鸡蛋和糖打发。|加入牛奶、玉米面和泡打粉。|调成面糊。|煎至金黄色。,380,12,60,10,1,20,玉米面:80:g;鸡蛋:1:pcs;牛奶:150:ml;糖:1:tbsp;泡打粉:0.5:tsp;油:1:tsp,早餐;甜食
sweet-breakfast-bowl,ar,وعاء إفطار حلو,ضعي الزبادي في وعاء.|أضيفي شرائح الموز والتوت.|انثري الجرانولا فوقها.|رشّي العسل.,420,18,55,14,1,10,زبادي:150:g;موز:0.5:pcs;توت:50:g;جرانولا:30:g;عسل:1:tsp,فطور;حلويات
sweet-breakfast-bowl,de,Süße Frühstücks-Bowl,Joghurt in eine Schüssel geben.|Bananenscheiben und Beeren hinzufügen.|Mit Granola bestreuen.|Mit Honig beträufeln.,420,18,55,14,1,10,Joghurt:150:g;Banane:0.5:pcs;Beeren:50:g;Granola:30:g;Honig:1:tsp,Frühstück;Süßes
sweet-breakfast-bowl,en,Sweet Breakfast Bowl,Place yogurt in a bowl.|Add sliced banana and berries.|Top with granola.|Drizzle with honey.,420,18,55,14,1,10,Yogurt:150:g;Banana:0.5:pcs;Berries:50:g;Granola:30:g;Honey:1:tsp,breakfast;sweet
sweet-breakfast-bowl,es,Bowl dulce de desayuno,Coloca el yogur en un bol.|Agrega plátano en rodajas y bayas.|Espolvorea con granola.|Rocía con miel.,420,18,55,14,1,10,Yogur:150:g;Plátano:0.5:pcs;Bayas:50:g;Granola:30:g;Miel:1:tsp,desayuno;dulce
sweet-breakfast-bowl,fr,Bol sucré du petit-déjeuner,Mettez le yaourt dans un bol.|Ajoutez la banane tranchée et les fruits rouges.|Saupoudrez de granola.|Arrosez de miel.,420,18,55,14,1,10,Yaourt:150:g;Banane:0.5:pcs;Fruits rouges:50:g;Granola:30:g;Miel:1:tsp,"
petit-déjeuner;sucré"
sweet-breakfast-bowl,he,קערת בוקר מתוקה,שימו יוגורט בקערה.|הוסיפו בננה פרוסה ופירות יער.|פזרו גרנולה מעל.|טפטפו דבש.,420,18,55,14,1,10,יוגורט:150:g;בננה:0.5:pcs;פירות יער:50:g;גרנולה:30:g;דבש:1:tsp,ארוחת בוקר;מתוק
sweet-breakfast-bowl,hi,मीठा ब्रेकफास्ट बाउल,एक कटोरे में दही डालें।|कटे हुए केले और बेरीज डालें।|ग्रेनोला छिड़कें।|शहद डालें।,420,18,55,14,1,10,दही:150:g;केला:0.5:pcs;बेरीज:50:g;ग्रेनोला:30:g;शहद:1:tsp,नाश्ता;मीठा
sweet-breakfast-bowl,id,Mangkuk Sarapan Manis,Letakkan yogurt dalam mangkuk.|Tambahkan irisan pisang dan beri.|Taburi granola.|Siram dengan madu.,420,18,55,14,1,10,Yogurt:150:g;Pisang:0.5:pcs;Beri:50:g;Granola:30:g;Madu:1:tsp,sarapan;manis
sweet-breakfast-bowl,it,Ciotola dolce per la colazione,Mettete lo yogurt in una ciotola.|Aggiungete la banana a fette e i frutti di bosco.|Cospargete di granola.|Irrorate con il miele.,420,18,55,14,1,10,Yogurt:150:g;Banana:0.5:pcs;Frutti di bosco:50:g;Granola:30:g;Miele:1:tsp,colazione;dolce
sweet-breakfast-bowl,ja,スイート朝食ボウル,ボウルにヨーグルトを入れる。|スライスしたバナナとベリーを加える。|グラノーラをのせる。|はちみつをかける。,420,18,55,14,1,10,ヨーグルト:150:g;バナナ:0.5:pcs;ベリー:50:g;グラノーラ:30:g;はちみつ:1:tsp,朝食;スイーツ
sweet-breakfast-bowl,ko,달콤한 아침 보울,그릇에 요거트를 담는다.|슬라이스한 바나나와 베리를 올린다.|그래놀라를 뿌린다.|꿀을 뿌린다.,420,18,55,14,1,10,요거트:150:g;바나나:0.5:pcs;베리:50:g;그래놀라:30:g;꿀:1:tsp,아침식사;달콤한
sweet-breakfast-bowl,nl,Zoete ontbijtkom,Doe de yoghurt in een kom.|Voeg plakjes banaan en bessen toe.|Bestrooi met granola.|Besprenkel met honing.,420,18,55,14,1,10,Yoghurt:150:g;Banaan:0.5:pcs;Bessen:50:g;Granola:30:g;Honing:1:tsp,ontbijt;zoet
sweet-breakfast-bowl,pl,Słodka miska śniadaniowa,Jogurt przełóż do miski.|Dodaj pokrojonego banana i jagody.|Posyp granolą.|Polej miodem.,420,18,55,14,1,10,Jogurt:150:g;Banan:0.5:pcs;Jagody:50:g;Granola:30:g;Miód:1:tsp,śniadanie;słodkie
sweet-breakfast-bowl,pt-BR,Bowl doce de café da manhã,Coloque o iogurte em uma tigela.|Adicione banana fatiada e frutas vermelhas.|Cubra com granola.|Regue com mel.,420,18,55,14,1,10,Iogurte:150:g;Banana:0.5:pcs;Frutas vermelhas:50:g;Granola:30:g;Mel:1:tsp,café da manhã;doce
sweet-breakfast-bowl,ru,Домашний сладкий боул,Выложите йогурт в миску.|Добавьте нарезанный банан и ягоды.|Посыпьте гранолой.|Полейте мёдом.,420,18,55,14,1,10,Йогурт:150:g;Банан:0.5:pcs;Ягоды:50:g;Гранола:30:g;Мёд:1:tsp,завтрак;сладкое
sweet-breakfast-bowl,th,ชามอาหารเช้าหวาน,ตักโยเกิร์ตใส่ชาม|เพิ่มกล้วยหั่นและเบอร์รี่|โรยกราโนล่า|ราดด้วยน้ำผึ้ง,420,18,55,14,1,10,โยเกิร์ต:150:g;กล้วย:0.5:pcs;เบอร์รี่:50:g;กราโนล่า:30:g;น้ำผึ้ง:1:tsp,อาหารเช้า;ของหวาน
sweet-breakfast-bowl,tr,Tatlı Kahvaltı Kasesi,Yoğurdu bir kaseye koyun.|Dilimlenmiş muz ve böğürtlen ekleyin.|Granola serpin.|Bal gezdirin.,420,18,55,14,1,10,Yoğurt:150:g;Muz:0.5:pcs;Böğürtlen:50:g;Granola:30:g;Bal:1:tsp,kahvaltı;tatlı
sweet-breakfast-bowl,uk,Домашній солодкий боул,Викладіть йогурт у миску.|Додайте нарізаний банан і ягоди.|Посипте гранолою.|Полийте медом.,420,18,55,14,1,10,Йогурт:150:g;Банан:0.5:pcs;Ягоди:50:g;Гранола:30:g;Мед:1:tsp,сніданок;солодке
sweet-breakfast-bowl,vi,Tô bữa sáng ngọt,Cho sữa chua vào tô.|Thêm chuối cắt lát và quả mọng.|Rắc granola lên trên.|Rưới mật ong.,420,18,55,14,1,10,Sữa chua:150:g;Chuối:0.5:pcs;Quả mọng:50:g;Granola:30:g;Mật ong:1:tsp,bữa sáng;ngọt
sweet-breakfast-bowl,zh-Hans,甜蜜早餐碗,将酸奶放入碗中。|加入切片香蕉和浆果。|撒上格兰诺拉麦片。|淋上蜂蜜。,420,18,55,14,1,10,酸奶:150:g;香蕉:0.5:pcs;浆果:50:g;格兰诺拉:30:g;蜂蜜:1:tsp,早餐;甜食
